[ {
  "uuid" : "72da8731-d687-4a0e-83ba-90beeec22adf",
  "id" : 41601,
  "formUUID" : "58f9d48a-b876-4405-9c13-d00ca806fa34",
  "programUUID" : "69a436a4-e6fb-42ed-a75c-d58d793f693e",
  "subjectTypeUUID" : "9f2af1f9-e150-4f8e-aad3-40bb7eb05aa3",
  "formType" : "ProgramEnrolment",
  "formName" : "Epilepsy Enrolment",
  "enableApproval" : false
}, {
  "uuid" : "24c98d19-d17e-45bc-bee1-8d287d4f8110",
  "id" : 41603,
  "formUUID" : "906abd77-f58b-43c3-8a5a-59057a2ceecf",
  "programUUID" : "69a436a4-e6fb-42ed-a75c-d58d793f693e",
  "encounterTypeUUID" : "e6ee694a-d70f-413c-b0f7-3520e7cdb6af",
  "subjectTypeUUID" : "9f2af1f9-e150-4f8e-aad3-40bb7eb05aa3",
  "formType" : "ProgramExit",
  "formName" : "Epilepsy exit",
  "enableApproval" : false
}, {
  "uuid" : "b7b4048a-7d98-4a9c-b880-3e3f71df115c",
  "id" : 41604,
  "formUUID" : "fa8a7760-2793-42c7-b54b-5d6c122da367",
  "programUUID" : "69a436a4-e6fb-42ed-a75c-d58d793f693e",
  "encounterTypeUUID" : "e6ee694a-d70f-413c-b0f7-3520e7cdb6af",
  "subjectTypeUUID" : "9f2af1f9-e150-4f8e-aad3-40bb7eb05aa3",
  "formType" : "ProgramEncounter",
  "formName" : "Epilepsy MP Follow-up",
  "enableApproval" : false
}, {
  "uuid" : "ca7a7618-ec3e-4bdf-821c-7a87e49b5fb0",
  "id" : 41605,
  "formUUID" : "bdf8f2df-0168-4a2d-945b-f1d6b09c85dd",
  "programUUID" : "e93303fa-f465-4db7-a945-d4fd6295f2b9",
  "encounterTypeUUID" : "57b394a3-ad88-427a-8ee5-ea0b11a079f6",
  "subjectTypeUUID" : "9f2af1f9-e150-4f8e-aad3-40bb7eb05aa3",
  "formType" : "ProgramEncounter",
  "formName" : "SCD follow-up Jan 2024",
  "enableApproval" : false
}, {
  "uuid" : "cd6eb837-d17a-44e6-b49e-c900067d92e1",
  "id" : 41606,
  "formUUID" : "bcf1ca63-5da9-418b-b148-fc492f343f9d",
  "programUUID" : "e93303fa-f465-4db7-a945-d4fd6295f2b9",
  "encounterTypeUUID" : "57b394a3-ad88-427a-8ee5-ea0b11a079f6",
  "subjectTypeUUID" : "9f2af1f9-e150-4f8e-aad3-40bb7eb05aa3",
  "formType" : "ProgramEncounterCancellation",
  "formName" : "Visit Cancel Form",
  "enableApproval" : false
}, {
  "uuid" : "e54d75f0-4324-4df6-8439-5f20cacdc892",
  "id" : 41607,
  "formUUID" : "bcf1ca63-5da9-418b-b148-fc492f343f9d",
  "programUUID" : "e93303fa-f465-4db7-a945-d4fd6295f2b9",
  "encounterTypeUUID" : "88d8be0c-a9e8-4d6d-924e-edc48335a9af",
  "subjectTypeUUID" : "9f2af1f9-e150-4f8e-aad3-40bb7eb05aa3",
  "formType" : "ProgramEncounterCancellation",
  "formName" : "Visit Cancel Form",
  "enableApproval" : false,
  "voided" : true
}, {
  "uuid" : "0a35514c-3434-4051-9131-6cb09707c96f",
  "id" : 41602,
  "formUUID" : "1d9501a3-40f3-41dc-81da-2d13fabc5898",
  "programUUID" : "69a436a4-e6fb-42ed-a75c-d58d793f693e",
  "subjectTypeUUID" : "9f2af1f9-e150-4f8e-aad3-40bb7eb05aa3",
  "formType" : "ProgramExit",
  "formName" : "Exit",
  "enableApproval" : false,
  "voided" : true
}, {
  "uuid" : "3156121d-e056-4a94-9c62-dd21ac71945b",
  "id" : 8933,
  "formUUID" : "bcf1ca63-5da9-418b-b148-fc492f343f9d",
  "programUUID" : "e93303fa-f465-4db7-a945-d4fd6295f2b9",
  "encounterTypeUUID" : "e99184ad-9082-43d0-9726-7644e37543dd",
  "subjectTypeUUID" : "9f2af1f9-e150-4f8e-aad3-40bb7eb05aa3",
  "formType" : "ProgramEncounterCancellation",
  "formName" : "Visit Cancel Form",
  "enableApproval" : false
}, {
  "uuid" : "ede811af-3303-43c9-9dc3-a6c76ed37e54",
  "id" : 8934,
  "formUUID" : "57ec1309-2048-4df7-ac7c-ff10952ce402",
  "programUUID" : "e93303fa-f465-4db7-a945-d4fd6295f2b9",
  "encounterTypeUUID" : "e99184ad-9082-43d0-9726-7644e37543dd",
  "subjectTypeUUID" : "9f2af1f9-e150-4f8e-aad3-40bb7eb05aa3",
  "formType" : "ProgramEncounter",
  "formName" : "HPLC sample collection",
  "enableApproval" : false
}, {
  "uuid" : "33cb698b-56cf-4f12-aeb7-7152ba979596",
  "id" : 8935,
  "formUUID" : "bcf1ca63-5da9-418b-b148-fc492f343f9d",
  "programUUID" : "e93303fa-f465-4db7-a945-d4fd6295f2b9",
  "encounterTypeUUID" : "8166375f-c95f-435b-b103-d3d70e0af06f",
  "subjectTypeUUID" : "9f2af1f9-e150-4f8e-aad3-40bb7eb05aa3",
  "formType" : "ProgramEncounterCancellation",
  "formName" : "Visit Cancel Form",
  "enableApproval" : false
}, {
  "uuid" : "8b8b3d57-50bc-4ff7-8b1b-dc5e6d2888db",
  "id" : 8936,
  "formUUID" : "c62528fd-04a8-49dc-9e2e-e5060fa0c51e",
  "programUUID" : "e93303fa-f465-4db7-a945-d4fd6295f2b9",
  "encounterTypeUUID" : "8166375f-c95f-435b-b103-d3d70e0af06f",
  "subjectTypeUUID" : "9f2af1f9-e150-4f8e-aad3-40bb7eb05aa3",
  "formType" : "ProgramEncounter",
  "formName" : "Lab results entry",
  "enableApproval" : false
}, {
  "uuid" : "2d0158ae-859e-4a21-b797-23c023a8a963",
  "id" : 8937,
  "formUUID" : "bcf1ca63-5da9-418b-b148-fc492f343f9d",
  "programUUID" : "e93303fa-f465-4db7-a945-d4fd6295f2b9",
  "encounterTypeUUID" : "a786ca25-c32d-4b8a-b8f1-9d5154cfbde3",
  "subjectTypeUUID" : "9f2af1f9-e150-4f8e-aad3-40bb7eb05aa3",
  "formType" : "ProgramEncounterCancellation",
  "formName" : "Visit Cancel Form",
  "enableApproval" : false
}, {
  "uuid" : "5ef07462-acb0-4f52-bf78-8dd32c1213e3",
  "id" : 8938,
  "formUUID" : "886898af-3c16-450c-a5ba-ed6f0f77c387",
  "programUUID" : "e93303fa-f465-4db7-a945-d4fd6295f2b9",
  "encounterTypeUUID" : "a786ca25-c32d-4b8a-b8f1-9d5154cfbde3",
  "subjectTypeUUID" : "9f2af1f9-e150-4f8e-aad3-40bb7eb05aa3",
  "formType" : "ProgramEncounter",
  "formName" : "Sample shipment",
  "enableApproval" : false
}, {
  "uuid" : "e25d24ec-add3-4852-8266-059a9c4bdd3e",
  "id" : 1346,
  "formUUID" : "bcf1ca63-5da9-418b-b148-fc492f343f9d",
  "programUUID" : "e93303fa-f465-4db7-a945-d4fd6295f2b9",
  "encounterTypeUUID" : "fc3d6184-920b-42aa-8c83-379401241fea",
  "subjectTypeUUID" : "9f2af1f9-e150-4f8e-aad3-40bb7eb05aa3",
  "formType" : "ProgramEncounterCancellation",
  "formName" : "Visit Cancel Form",
  "enableApproval" : false
}, {
  "uuid" : "530c121e-ca1f-456a-962d-66bf38e39793",
  "id" : 1343,
  "formUUID" : "bcf1ca63-5da9-418b-b148-fc492f343f9d",
  "programUUID" : "e93303fa-f465-4db7-a945-d4fd6295f2b9",
  "encounterTypeUUID" : "f599f393-c50e-48d1-a89e-e73295e570ea",
  "subjectTypeUUID" : "9f2af1f9-e150-4f8e-aad3-40bb7eb05aa3",
  "formType" : "ProgramEncounterCancellation",
  "formName" : "Visit Cancel Form",
  "enableApproval" : false
}, {
  "uuid" : "b947d760-940b-4343-815f-02ca5000200f",
  "id" : 1311,
  "formUUID" : "87e54064-428e-4b6e-8d8f-018e7a824450",
  "programUUID" : "e93303fa-f465-4db7-a945-d4fd6295f2b9",
  "encounterTypeUUID" : "fc3d6184-920b-42aa-8c83-379401241fea",
  "subjectTypeUUID" : "9f2af1f9-e150-4f8e-aad3-40bb7eb05aa3",
  "formType" : "ProgramEncounter",
  "formName" : "Baseline Form",
  "enableApproval" : false
}, {
  "uuid" : "446ab344-378a-4f41-bbe8-a9387534aa14",
  "id" : 1303,
  "formUUID" : "0723fd75-dc66-4aae-a3c9-31a09c9c4c7a",
  "programUUID" : "e93303fa-f465-4db7-a945-d4fd6295f2b9",
  "encounterTypeUUID" : "f599f393-c50e-48d1-a89e-e73295e570ea",
  "subjectTypeUUID" : "9f2af1f9-e150-4f8e-aad3-40bb7eb05aa3",
  "formType" : "ProgramEncounter",
  "formName" : "Sickle cell screening",
  "enableApproval" : false
}, {
  "uuid" : "ff6a1d7a-2557-4f9d-a943-e5c3c74c9826",
  "id" : 1185,
  "formUUID" : "d2ae6f61-3ba9-463d-89e3-9c541cf372b0",
  "programUUID" : "e93303fa-f465-4db7-a945-d4fd6295f2b9",
  "encounterTypeUUID" : "f2e5f0b7-1b42-4b37-8e9a-d19e588a101c",
  "subjectTypeUUID" : "9f2af1f9-e150-4f8e-aad3-40bb7eb05aa3",
  "formType" : "ProgramEncounter",
  "formName" : "Lab Test Form",
  "enableApproval" : false
}, {
  "uuid" : "b8fc0ee0-2f14-4175-a594-2efeede6d5a2",
  "id" : 1183,
  "formUUID" : "110e05f4-781a-4b48-a450-e7fdf703bbab",
  "programUUID" : "e93303fa-f465-4db7-a945-d4fd6295f2b9",
  "encounterTypeUUID" : "1b09307d-e03e-4532-a12a-cdaef74b2dc3",
  "subjectTypeUUID" : "9f2af1f9-e150-4f8e-aad3-40bb7eb05aa3",
  "formType" : "ProgramEncounter",
  "formName" : "Check Up Form",
  "enableApproval" : false
}, {
  "uuid" : "529805e8-5e57-47b8-abc7-1fea4c21d681",
  "id" : 118,
  "formUUID" : "d8e956f9-c34b-4e38-a50a-786d4ab08737",
  "subjectTypeUUID" : "9f2af1f9-e150-4f8e-aad3-40bb7eb05aa3",
  "formType" : "IndividualProfile",
  "formName" : "JSS HSS Registration Form",
  "enableApproval" : false
}, {
  "uuid" : "0914760d-355b-4efd-b549-fdbb45de278d",
  "id" : 8959,
  "formUUID" : "da35a2b3-0d8f-4f12-b6a3-64cf1353284e",
  "programUUID" : "e93303fa-f465-4db7-a945-d4fd6295f2b9",
  "subjectTypeUUID" : "9f2af1f9-e150-4f8e-aad3-40bb7eb05aa3",
  "formType" : "ProgramEnrolment",
  "formName" : "JSS Sickle Cell Enrolment",
  "enableApproval" : false
}, {
  "uuid" : "e4b4cf49-db72-42ba-9ece-09225250c398",
  "id" : 8960,
  "formUUID" : "1d9501a3-40f3-41dc-81da-2d13fabc5898",
  "programUUID" : "e93303fa-f465-4db7-a945-d4fd6295f2b9",
  "subjectTypeUUID" : "9f2af1f9-e150-4f8e-aad3-40bb7eb05aa3",
  "formType" : "ProgramExit",
  "formName" : "Exit",
  "enableApproval" : false
}, {
  "uuid" : "fcd7f51a-3ca7-4ca2-9294-af85acae16b2",
  "id" : 44049,
  "formUUID" : "7413f6a1-b598-4e7a-ae35-f3a37f868205",
  "programUUID" : "e93303fa-f465-4db7-a945-d4fd6295f2b9",
  "encounterTypeUUID" : "18b986de-dd1a-478d-8163-485cd01dbad2",
  "subjectTypeUUID" : "9f2af1f9-e150-4f8e-aad3-40bb7eb05aa3",
  "formType" : "ProgramEncounter",
  "formName" : "SCD Hospitalization support Encounter",
  "enableApproval" : false
}, {
  "uuid" : "a9ea3d13-0e44-4e4e-bab6-2d247bebf495",
  "id" : 41710,
  "formUUID" : "bcf1ca63-5da9-418b-b148-fc492f343f9d",
  "programUUID" : "69a436a4-e6fb-42ed-a75c-d58d793f693e",
  "encounterTypeUUID" : "e6ee694a-d70f-413c-b0f7-3520e7cdb6af",
  "subjectTypeUUID" : "9f2af1f9-e150-4f8e-aad3-40bb7eb05aa3",
  "formType" : "ProgramEncounterCancellation",
  "formName" : "Visit Cancel Form",
  "enableApproval" : false
}, {
  "uuid" : "cce59e52-5391-49f8-853c-6ff7fd0cf3d5",
  "id" : 44050,
  "formUUID" : "bcf1ca63-5da9-418b-b148-fc492f343f9d",
  "programUUID" : "e93303fa-f465-4db7-a945-d4fd6295f2b9",
  "encounterTypeUUID" : "18b986de-dd1a-478d-8163-485cd01dbad2",
  "subjectTypeUUID" : "9f2af1f9-e150-4f8e-aad3-40bb7eb05aa3",
  "formType" : "ProgramEncounterCancellation",
  "formName" : "Visit Cancel Form",
  "enableApproval" : false
}, {
  "uuid" : "e52632ba-c721-4c5f-aea4-466f24f7d2b7",
  "id" : 44035,
  "formUUID" : "ae6bb1d1-cbf6-4b8d-a99e-4be0d90adee3",
  "programUUID" : "707cbfcf-5313-43e5-92d5-e176dacb1504",
  "subjectTypeUUID" : "9f2af1f9-e150-4f8e-aad3-40bb7eb05aa3",
  "formType" : "ProgramEnrolment",
  "formName" : "MMU Mobile Medical Unit Enrolment",
  "enableApproval" : false
}, {
  "uuid" : "912e70e4-76b3-4784-bf5d-f45ba226ebf7",
  "id" : 44036,
  "formUUID" : "50284f1f-4dbb-48f0-83d2-a7b26e6b5e56",
  "programUUID" : "707cbfcf-5313-43e5-92d5-e176dacb1504",
  "subjectTypeUUID" : "9f2af1f9-e150-4f8e-aad3-40bb7eb05aa3",
  "formType" : "ProgramExit",
  "formName" : "Mobile Medical Unit Exit",
  "enableApproval" : false
}, {
  "uuid" : "53a035d4-42da-45fa-9e09-33312b11d953",
  "id" : 44037,
  "formUUID" : "d3671831-8c95-45af-a9a4-844d1c3e140e",
  "programUUID" : "707cbfcf-5313-43e5-92d5-e176dacb1504",
  "encounterTypeUUID" : "82c7e03a-b58d-4ba4-83e3-90c78303f374",
  "subjectTypeUUID" : "9f2af1f9-e150-4f8e-aad3-40bb7eb05aa3",
  "formType" : "ProgramEncounter",
  "formName" : "MMU Mobile Medical Unit Visit Encounter",
  "enableApproval" : false
}, {
  "uuid" : "9804ccf0-7e96-4072-9926-14a67585cb66",
  "id" : 44038,
  "formUUID" : "bcf1ca63-5da9-418b-b148-fc492f343f9d",
  "programUUID" : "707cbfcf-5313-43e5-92d5-e176dacb1504",
  "encounterTypeUUID" : "82c7e03a-b58d-4ba4-83e3-90c78303f374",
  "subjectTypeUUID" : "9f2af1f9-e150-4f8e-aad3-40bb7eb05aa3",
  "formType" : "ProgramEncounterCancellation",
  "formName" : "Visit Cancel Form",
  "enableApproval" : false
}, {
  "uuid" : "413d9ea6-38b6-4016-acb4-aa5bafd9fcd6",
  "id" : 44039,
  "formUUID" : "481b2331-3967-4a21-b6b3-86bbc35bef3a",
  "programUUID" : "707cbfcf-5313-43e5-92d5-e176dacb1504",
  "encounterTypeUUID" : "f320e58c-8a30-4f2e-8042-6f5945594041",
  "subjectTypeUUID" : "9f2af1f9-e150-4f8e-aad3-40bb7eb05aa3",
  "formType" : "ProgramEncounter",
  "formName" : "MMU Chronic disease Follow up",
  "enableApproval" : false
}, {
  "uuid" : "ce46f109-2697-48fa-9ec0-70bf861fcdd3",
  "id" : 44040,
  "formUUID" : "bcf1ca63-5da9-418b-b148-fc492f343f9d",
  "programUUID" : "707cbfcf-5313-43e5-92d5-e176dacb1504",
  "encounterTypeUUID" : "f320e58c-8a30-4f2e-8042-6f5945594041",
  "subjectTypeUUID" : "9f2af1f9-e150-4f8e-aad3-40bb7eb05aa3",
  "formType" : "ProgramEncounterCancellation",
  "formName" : "Visit Cancel Form",
  "enableApproval" : false
}, {
  "uuid" : "46f716ec-c9ef-433f-aa18-7ebd43e34a60",
  "id" : 44041,
  "formUUID" : "c9414709-cab6-475a-9215-74f184256e8a",
  "programUUID" : "707cbfcf-5313-43e5-92d5-e176dacb1504",
  "encounterTypeUUID" : "8b7842b6-4979-4597-8f8f-4ea48ec650c3",
  "subjectTypeUUID" : "9f2af1f9-e150-4f8e-aad3-40bb7eb05aa3",
  "formType" : "ProgramEncounter",
  "formName" : "MMU Referral",
  "enableApproval" : false
}, {
  "uuid" : "84a198ab-0c64-4d24-8c26-ab32db8fc6cd",
  "id" : 44042,
  "formUUID" : "bcf1ca63-5da9-418b-b148-fc492f343f9d",
  "programUUID" : "707cbfcf-5313-43e5-92d5-e176dacb1504",
  "encounterTypeUUID" : "8b7842b6-4979-4597-8f8f-4ea48ec650c3",
  "subjectTypeUUID" : "9f2af1f9-e150-4f8e-aad3-40bb7eb05aa3",
  "formType" : "ProgramEncounterCancellation",
  "formName" : "Visit Cancel Form",
  "enableApproval" : false
}, {
  "uuid" : "feaedc4a-6689-4b0b-8527-baaf5c4786bb",
  "id" : 12007,
  "formUUID" : "ac5bd2b5-a441-4524-ba90-60f3fbd95bea",
  "subjectTypeUUID" : "eb388475-b88e-4767-8195-1679e5ea7703",
  "formType" : "IndividualProfile",
  "formName" : "Government Lab Facility Registration",
  "enableApproval" : false
}, {
  "uuid" : "8eeb0c92-0fb7-42e9-9935-1dffd21dacf8",
  "id" : 12013,
  "formUUID" : "5769525e-1953-4d54-828e-e7eae294e75b",
  "encounterTypeUUID" : "f7f0a465-5047-4ce6-8163-bb0ba899797f",
  "subjectTypeUUID" : "eb388475-b88e-4767-8195-1679e5ea7703",
  "formType" : "Encounter",
  "formName" : "Sickle cell testing entry Encounter",
  "enableApproval" : false
}, {
  "uuid" : "be3a2a84-bc1f-47de-a129-c8dbfc273522",
  "id" : 12014,
  "formUUID" : "9085a377-5476-46f5-a91e-770792a98bb6",
  "encounterTypeUUID" : "f7f0a465-5047-4ce6-8163-bb0ba899797f",
  "subjectTypeUUID" : "eb388475-b88e-4767-8195-1679e5ea7703",
  "formType" : "IndividualEncounterCancellation",
  "formName" : "Sickle cell testing Encounter Cancellation",
  "enableApproval" : false
}, {
  "uuid" : "a6a5d7f8-17f1-4b60-a3a4-56b68fe2ec57",
  "id" : 45175,
  "formUUID" : "d135eaea-2830-4dfc-8174-bf0f15d7bd9d",
  "programUUID" : "5e927691-06c9-455a-b2fb-c300cea84f2e",
  "subjectTypeUUID" : "9f2af1f9-e150-4f8e-aad3-40bb7eb05aa3",
  "formType" : "ProgramEnrolment",
  "formName" : "Maternal Enrolment (MH)",
  "enableApproval" : false
}, {
  "uuid" : "f11bc5b1-afd9-462f-8650-e753e970da82",
  "id" : 45176,
  "formUUID" : "0bd9ae08-8a43-4e86-ac1f-81a9c46a267b",
  "programUUID" : "5e927691-06c9-455a-b2fb-c300cea84f2e",
  "subjectTypeUUID" : "9f2af1f9-e150-4f8e-aad3-40bb7eb05aa3",
  "formType" : "ProgramExit",
  "formName" : "MH program Exit",
  "enableApproval" : false
}, {
  "uuid" : "cbc38719-a5b8-4efb-b2b3-9ac4c1a0e57f",
  "id" : 45177,
  "formUUID" : "00fc111d-b9f7-4ea3-a829-fafb425e0a62",
  "programUUID" : "5e927691-06c9-455a-b2fb-c300cea84f2e",
  "encounterTypeUUID" : "b82afc4c-0026-4b20-820e-ce0facbfb40f",
  "subjectTypeUUID" : "9f2af1f9-e150-4f8e-aad3-40bb7eb05aa3",
  "formType" : "ProgramEncounter",
  "formName" : "MH ANC Follow up Visit",
  "enableApproval" : false
}, {
  "uuid" : "a9415647-9c79-4241-a309-d0c8da99add0",
  "id" : 45178,
  "formUUID" : "bcf1ca63-5da9-418b-b148-fc492f343f9d",
  "programUUID" : "5e927691-06c9-455a-b2fb-c300cea84f2e",
  "encounterTypeUUID" : "b82afc4c-0026-4b20-820e-ce0facbfb40f",
  "subjectTypeUUID" : "9f2af1f9-e150-4f8e-aad3-40bb7eb05aa3",
  "formType" : "ProgramEncounterCancellation",
  "formName" : "Visit Cancel Form",
  "enableApproval" : false
}, {
  "uuid" : "5770f741-d445-48d0-9bbf-7937aa167aeb",
  "id" : 45180,
  "formUUID" : "86c41078-cbf1-46b6-985e-b4232f8d3bb4",
  "programUUID" : "5e927691-06c9-455a-b2fb-c300cea84f2e",
  "encounterTypeUUID" : "433ed8ae-2410-44a0-8eca-5c5b0ddd9501",
  "subjectTypeUUID" : "9f2af1f9-e150-4f8e-aad3-40bb7eb05aa3",
  "formType" : "ProgramEncounter",
  "formName" : "MH High Risk Pregnancy Enrolment",
  "enableApproval" : false
}, {
  "uuid" : "e3c931da-4e0e-46ce-a524-9b67318c9723",
  "id" : 45181,
  "formUUID" : "30a0caa6-2d9b-4057-942d-4eecbdce798d",
  "programUUID" : "5e927691-06c9-455a-b2fb-c300cea84f2e",
  "encounterTypeUUID" : "bdc7049e-9ad9-4b2c-952f-ab540e7a7b65",
  "subjectTypeUUID" : "9f2af1f9-e150-4f8e-aad3-40bb7eb05aa3",
  "formType" : "ProgramEncounter",
  "formName" : "MH Referral Follow Up Form",
  "enableApproval" : false
}, {
  "uuid" : "b1b8c343-7bd5-4a08-bf7b-053893943b98",
  "id" : 45182,
  "formUUID" : "bcf1ca63-5da9-418b-b148-fc492f343f9d",
  "programUUID" : "5e927691-06c9-455a-b2fb-c300cea84f2e",
  "encounterTypeUUID" : "bdc7049e-9ad9-4b2c-952f-ab540e7a7b65",
  "subjectTypeUUID" : "9f2af1f9-e150-4f8e-aad3-40bb7eb05aa3",
  "formType" : "ProgramEncounterCancellation",
  "formName" : "Visit Cancel Form",
  "enableApproval" : false
}, {
  "uuid" : "a5ac5ea1-c37c-459c-ac1c-4fa433a467f7",
  "id" : 45183,
  "formUUID" : "53835dfb-ccbf-4d8d-ad55-8cfab872e0b0",
  "programUUID" : "5e927691-06c9-455a-b2fb-c300cea84f2e",
  "encounterTypeUUID" : "837f0d4d-20c5-4ad3-bfeb-e386145616c1",
  "subjectTypeUUID" : "9f2af1f9-e150-4f8e-aad3-40bb7eb05aa3",
  "formType" : "ProgramEncounter",
  "formName" : "MH Delivery Encounter",
  "enableApproval" : false
}, {
  "uuid" : "661cb62b-1527-4451-ac14-326173a1d3aa",
  "id" : 45179,
  "formUUID" : "a99f33ad-66b5-401f-a630-22b4178626e2",
  "programUUID" : "5e927691-06c9-455a-b2fb-c300cea84f2e",
  "encounterTypeUUID" : "f2e5f0b7-1b42-4b37-8e9a-d19e588a101c",
  "subjectTypeUUID" : "9f2af1f9-e150-4f8e-aad3-40bb7eb05aa3",
  "formType" : "ProgramEncounter",
  "formName" : "MH Lab Investigations <Not required, questions added into ANC FU Form) (voided~10647)",
  "enableApproval" : false,
  "voided" : true
}, {
  "uuid" : "ffa11c71-d7a5-4b8c-b809-962fecb0e00e",
  "id" : 45184,
  "formUUID" : "bcf1ca63-5da9-418b-b148-fc492f343f9d",
  "programUUID" : "5e927691-06c9-455a-b2fb-c300cea84f2e",
  "encounterTypeUUID" : "837f0d4d-20c5-4ad3-bfeb-e386145616c1",
  "subjectTypeUUID" : "9f2af1f9-e150-4f8e-aad3-40bb7eb05aa3",
  "formType" : "ProgramEncounterCancellation",
  "formName" : "Visit Cancel Form",
  "enableApproval" : false
}, {
  "uuid" : "1d60f93a-2614-4f78-9b90-1185172baa1f",
  "id" : 45185,
  "formUUID" : "b901821a-7e26-4b54-a66e-f9bd21efe418",
  "programUUID" : "5e927691-06c9-455a-b2fb-c300cea84f2e",
  "encounterTypeUUID" : "473a6940-f618-493d-8cd5-7d08f6caf746",
  "subjectTypeUUID" : "9f2af1f9-e150-4f8e-aad3-40bb7eb05aa3",
  "formType" : "ProgramEncounter",
  "formName" : "MH Enrollment Part -2",
  "enableApproval" : false
}, {
  "uuid" : "4502433a-fbd9-4131-92dc-0c62e1826439",
  "id" : 45186,
  "formUUID" : "0a1e2f98-39fe-4bcd-a9b8-a7a2b788252b",
  "programUUID" : "5e927691-06c9-455a-b2fb-c300cea84f2e",
  "encounterTypeUUID" : "7f22a7d6-7c18-488a-92ea-5126357ed04b",
  "subjectTypeUUID" : "9f2af1f9-e150-4f8e-aad3-40bb7eb05aa3",
  "formType" : "ProgramEncounter",
  "formName" : "MH High Risk Follow up",
  "enableApproval" : false
}, {
  "uuid" : "9881f793-9357-4612-ad11-05b3b3fc20eb",
  "id" : 45187,
  "formUUID" : "bcf1ca63-5da9-418b-b148-fc492f343f9d",
  "programUUID" : "5e927691-06c9-455a-b2fb-c300cea84f2e",
  "encounterTypeUUID" : "473a6940-f618-493d-8cd5-7d08f6caf746",
  "subjectTypeUUID" : "9f2af1f9-e150-4f8e-aad3-40bb7eb05aa3",
  "formType" : "ProgramEncounterCancellation",
  "formName" : "Visit Cancel Form",
  "enableApproval" : false
}, {
  "uuid" : "439d47e4-e378-4ebe-8fcc-b429c58f47df",
  "id" : 45188,
  "formUUID" : "bcf1ca63-5da9-418b-b148-fc492f343f9d",
  "programUUID" : "5e927691-06c9-455a-b2fb-c300cea84f2e",
  "encounterTypeUUID" : "7f22a7d6-7c18-488a-92ea-5126357ed04b",
  "subjectTypeUUID" : "9f2af1f9-e150-4f8e-aad3-40bb7eb05aa3",
  "formType" : "ProgramEncounterCancellation",
  "formName" : "Visit Cancel Form",
  "enableApproval" : false
}, {
  "uuid" : "8fd673d1-77bc-4de9-b362-5b3bf455f25f",
  "id" : 45189,
  "formUUID" : "bcf1ca63-5da9-418b-b148-fc492f343f9d",
  "programUUID" : "5e927691-06c9-455a-b2fb-c300cea84f2e",
  "encounterTypeUUID" : "433ed8ae-2410-44a0-8eca-5c5b0ddd9501",
  "subjectTypeUUID" : "9f2af1f9-e150-4f8e-aad3-40bb7eb05aa3",
  "formType" : "ProgramEncounterCancellation",
  "formName" : "Visit Cancel Form",
  "enableApproval" : false
}, {
  "uuid" : "d83135bc-3765-4fa2-9f4a-b1119cf0139c",
  "id" : 46500,
  "formUUID" : "d2ae6f61-3ba9-463d-89e3-9c541cf372b0",
  "programUUID" : "5e927691-06c9-455a-b2fb-c300cea84f2e",
  "encounterTypeUUID" : "b73c9699-e585-4d1d-a5a7-0f50649ad170",
  "subjectTypeUUID" : "9f2af1f9-e150-4f8e-aad3-40bb7eb05aa3",
  "formType" : "ProgramEncounter",
  "formName" : "Lab Test Form",
  "enableApproval" : false,
  "voided" : true
}, {
  "uuid" : "26bd47c8-14c5-42a7-a0ac-11d1fe146138",
  "id" : 46501,
  "formUUID" : "bcf1ca63-5da9-418b-b148-fc492f343f9d",
  "programUUID" : "5e927691-06c9-455a-b2fb-c300cea84f2e",
  "encounterTypeUUID" : "b73c9699-e585-4d1d-a5a7-0f50649ad170",
  "subjectTypeUUID" : "9f2af1f9-e150-4f8e-aad3-40bb7eb05aa3",
  "formType" : "ProgramEncounterCancellation",
  "formName" : "Visit Cancel Form",
  "enableApproval" : false,
  "voided" : true
}, {
  "uuid" : "26c4c3ee-a7b9-4268-8c36-3b8649acdb23",
  "id" : 46502,
  "formUUID" : "7f8abc02-ea47-41a5-a33a-5543ee586469",
  "subjectTypeUUID" : "fdc4f4ab-bf42-40c7-bd07-1c8fe3c4deb5",
  "formType" : "IndividualProfile",
  "formName" : "PSG meeting Registration",
  "enableApproval" : false
}, {
  "uuid" : "c82a7321-68de-4bf8-9ed8-dfa1fd76326b",
  "id" : 46503,
  "formUUID" : "158d5e83-0162-43b1-85d4-1929e853b0dc",
  "encounterTypeUUID" : "1a65bfde-9ed0-488c-8b1d-9fd0d26a69a4",
  "subjectTypeUUID" : "fdc4f4ab-bf42-40c7-bd07-1c8fe3c4deb5",
  "formType" : "Encounter",
  "formName" : "PSG Meeting attendance",
  "enableApproval" : false
}, {
  "uuid" : "96cfcffc-2332-4482-8623-92f2bd01db18",
  "id" : 46504,
  "formUUID" : "f2b0d484-84d7-4002-88e6-b43a1e3a6c10",
  "encounterTypeUUID" : "1a65bfde-9ed0-488c-8b1d-9fd0d26a69a4",
  "subjectTypeUUID" : "fdc4f4ab-bf42-40c7-bd07-1c8fe3c4deb5",
  "formType" : "IndividualEncounterCancellation",
  "formName" : "PSG Meeting attendance Encounter Cancellation",
  "enableApproval" : false
}, {
  "uuid" : "bc781b22-f128-4eb0-b3aa-e0eed8a8ed32",
  "id" : 46505,
  "formUUID" : "63a67212-6ccb-4ecf-89ec-9ae20efef187",
  "subjectTypeUUID" : "fc99556e-b594-4dd0-bcda-a0dca8ac55a3",
  "formType" : "IndividualProfile",
  "formName" : "PSG M Registration (voided~13347)",
  "enableApproval" : false,
  "voided" : true
}, {
  "uuid" : "b0ad19a2-ff2e-41f4-a57d-f25687df3dff",
  "id" : 34598,
  "formUUID" : "bd27afd2-58c1-4b78-be37-a085085eef61",
  "programUUID" : "e93303fa-f465-4db7-a945-d4fd6295f2b9",
  "encounterTypeUUID" : "e6ee694a-d70f-413c-b0f7-3520e7cdb6af",
  "subjectTypeUUID" : "9f2af1f9-e150-4f8e-aad3-40bb7eb05aa3",
  "formType" : "ProgramEncounter",
  "formName" : "Old SCD Followup Form - Don't use (till Dec'23)",
  "enableApproval" : false,
  "voided" : true
}, {
  "uuid" : "cb6a5832-46d2-4e49-ad15-1cbf3efb6c55",
  "id" : 34599,
  "formUUID" : "7e08bf90-4fd3-4963-8825-a65df2ad3320",
  "programUUID" : "e93303fa-f465-4db7-a945-d4fd6295f2b9",
  "encounterTypeUUID" : "e6ee694a-d70f-413c-b0f7-3520e7cdb6af",
  "subjectTypeUUID" : "9f2af1f9-e150-4f8e-aad3-40bb7eb05aa3",
  "formType" : "ProgramEncounterCancellation",
  "formName" : "Followup Encounter Cancellation (voided~10523)",
  "enableApproval" : false,
  "voided" : true
} ]