[ {
  "uuid" : "2f58fac5-b12e-4859-ba15-98faacec1436",
  "voided" : false,
  "dashboardUUID" : "d3c5d54a-11ed-4b6b-8149-fbd7e6826714",
  "groupUUID" : "64867bed-6f9d-4666-9785-7b787e4cdc4a",
  "groupName" : "Lab Facility",
  "dashboardName" : "Lab Facility",
  "dashboardDescription" : "",
  "groupOneOfTheDefaultGroups" : false,
  "primaryDashboard" : true,
  "secondaryDashboard" : false
}, {
  "uuid" : "916c4c24-a545-456e-8d74-5c7ece7fe1a4",
  "voided" : true,
  "dashboardUUID" : "c4d3bc0a-027e-4a6a-87dd-85e5b7285523",
  "groupUUID" : "4ba008af-9c91-4b63-8aab-ff94af9db909",
  "groupName" : "Everyone",
  "dashboardName" : "Default Dashboard",
  "dashboardDescription" : null,
  "groupOneOfTheDefaultGroups" : true,
  "primaryDashboard" : true,
  "secondaryDashboard" : false
}, {
  "uuid" : "319b9ad2-4dfa-4d36-9e1d-e708af54958d",
  "voided" : true,
  "dashboardUUID" : "c4d3bc0a-027e-4a6a-87dd-85e5b7285523",
  "groupUUID" : "98c7e290-fee2-4b49-b1bc-b7220b93122d",
  "groupName" : "Counsellors",
  "dashboardName" : "Default Dashboard",
  "dashboardDescription" : null,
  "groupOneOfTheDefaultGroups" : false,
  "primaryDashboard" : true,
  "secondaryDashboard" : false
}, {
  "uuid" : "7dd0d25d-b0f2-44a4-859d-c1d247e6e9e0",
  "voided" : true,
  "dashboardUUID" : "c4d3bc0a-027e-4a6a-87dd-85e5b7285523",
  "groupUUID" : "4ba008af-9c91-4b63-8aab-ff94af9db909",
  "groupName" : "Everyone",
  "dashboardName" : "Default Dashboard",
  "dashboardDescription" : null,
  "groupOneOfTheDefaultGroups" : true,
  "primaryDashboard" : true,
  "secondaryDashboard" : false
} ]