[ {
  "id" : 591,
  "name" : "son",
  "uuid" : "7e876220-20b4-4c17-87b7-0e235926f7a6",
  "voided" : false,
  "genders" : [ {
    "uuid" : "840de9fb-e565-4d7d-b751-90335ba20490",
    "name" : "Male",
    "voided" : false
  } ]
}, {
  "id" : 592,
  "name" : "daughter",
  "uuid" : "91fd32f2-0261-46a1-92e4-4c201247c9a3",
  "voided" : false,
  "genders" : [ {
    "uuid" : "ad7d1d14-54fd-45a2-86b7-ea329b744484",
    "name" : "Female",
    "voided" : false
  } ]
}, {
  "id" : 593,
  "name" : "father",
  "uuid" : "eeb49484-a07d-49f7-bb4b-932b713fbc66",
  "voided" : false,
  "genders" : [ {
    "uuid" : "840de9fb-e565-4d7d-b751-90335ba20490",
    "name" : "Male",
    "voided" : false
  } ]
}, {
  "id" : 594,
  "name" : "mother",
  "uuid" : "5a77c22b-a24f-456e-84a3-9bd12e104f73",
  "voided" : false,
  "genders" : [ {
    "uuid" : "ad7d1d14-54fd-45a2-86b7-ea329b744484",
    "name" : "Female",
    "voided" : false
  } ]
}, {
  "id" : 595,
  "name" : "husband",
  "uuid" : "334ea293-fd10-4dab-92f3-04ce153e27aa",
  "voided" : false,
  "genders" : [ {
    "uuid" : "840de9fb-e565-4d7d-b751-90335ba20490",
    "name" : "Male",
    "voided" : false
  } ]
}, {
  "id" : 596,
  "name" : "wife",
  "uuid" : "0ab14ce3-cbdb-4cb7-8601-353bebe408c9",
  "voided" : false,
  "genders" : [ {
    "uuid" : "ad7d1d14-54fd-45a2-86b7-ea329b744484",
    "name" : "Female",
    "voided" : false
  } ]
}, {
  "id" : 597,
  "name" : "brother",
  "uuid" : "4809d13f-4ab1-49d7-aa57-ee71a821bc3f",
  "voided" : false,
  "genders" : [ {
    "uuid" : "840de9fb-e565-4d7d-b751-90335ba20490",
    "name" : "Male",
    "voided" : false
  } ]
}, {
  "id" : 598,
  "name" : "sister",
  "uuid" : "a081882c-6775-4caa-98cd-9720a0d11dfc",
  "voided" : false,
  "genders" : [ {
    "uuid" : "ad7d1d14-54fd-45a2-86b7-ea329b744484",
    "name" : "Female",
    "voided" : false
  } ]
}, {
  "id" : 599,
  "name" : "grandson",
  "uuid" : "4474c0f3-9d35-4622-a65a-5688f633a274",
  "voided" : false,
  "genders" : [ {
    "uuid" : "840de9fb-e565-4d7d-b751-90335ba20490",
    "name" : "Male",
    "voided" : false
  } ]
}, {
  "id" : 600,
  "name" : "granddaughter",
  "uuid" : "82691c26-c042-48d4-972b-664bcb348fc4",
  "voided" : false,
  "genders" : [ {
    "uuid" : "ad7d1d14-54fd-45a2-86b7-ea329b744484",
    "name" : "Female",
    "voided" : false
  } ]
}, {
  "id" : 601,
  "name" : "grandfather",
  "uuid" : "0d0b0e92-79d4-49c1-b33b-cf0508ea550c",
  "voided" : false,
  "genders" : [ {
    "uuid" : "840de9fb-e565-4d7d-b751-90335ba20490",
    "name" : "Male",
    "voided" : false
  } ]
}, {
  "id" : 602,
  "name" : "grandmother",
  "uuid" : "8c382726-92be-4e3e-8b6e-2b032c5cd6a8",
  "voided" : false,
  "genders" : [ {
    "uuid" : "ad7d1d14-54fd-45a2-86b7-ea329b744484",
    "name" : "Female",
    "voided" : false
  } ]
} ]