{
  "uuid" : "4075479f-e379-4a57-b522-2f8415d737e6",
  "settings" : {
    "enableComments" : true,
    "showSummaryButton" : true,
    "extensions" : [ {
      "label" : "Print SS card",
      "fileName" : "ssCard.html",
      "extensionScope" : {
        "name" : "Search Results",
        "uuid" : "",
        "scopeType" : "Search Results"
      }
    }, {
      "label" : "Print dignostic report",
      "fileName" : "dignosticCard.html",
      "extensionScope" : {
        "name" : "Search Results",
        "uuid" : "",
        "scopeType" : "Search Results"
      }
    } ],
    "languages" : [ "en", "hi_IN" ],
    "customRegistrationLocations" : [ {
      "subjectTypeUUID" : "eb388475-b88e-4767-8195-1679e5ea7703",
      "locationTypeUUIDs" : [ "c8b37bdb-a9a7-418c-881c-0e7649b9707f" ]
    }, {
      "subjectTypeUUID" : "fc99556e-b594-4dd0-bcda-a0dca8ac55a3",
      "locationTypeUUIDs" : [ "c8b37bdb-a9a7-418c-881c-0e7649b9707f" ]
    }, {
      "subjectTypeUUID" : "fdc4f4ab-bf42-40c7-bd07-1c8fe3c4deb5",
      "locationTypeUUIDs" : [ "c8b37bdb-a9a7-418c-881c-0e7649b9707f" ]
    } ],
    "saveDrafts" : true,
    "showHierarchicalLocation" : false,
    "maxAddressDisplayInlineCount" : 100,
    "enableCannedReports" : true,
    "searchFilters" : [ {
      "type" : "Name",
      "widget" : "Default",
      "titleKey" : "Name",
      "subjectTypeUUID" : "9f2af1f9-e150-4f8e-aad3-40bb7eb05aa3"
    }, {
      "type" : "Age",
      "widget" : "Default",
      "titleKey" : "Age",
      "subjectTypeUUID" : "9f2af1f9-e150-4f8e-aad3-40bb7eb05aa3"
    }, {
      "type" : "Address",
      "widget" : "Default",
      "titleKey" : "Address",
      "subjectTypeUUID" : "9f2af1f9-e150-4f8e-aad3-40bb7eb05aa3"
    }, {
      "type" : "SearchAll",
      "widget" : "Default",
      "titleKey" : "SearchAll",
      "subjectTypeUUID" : "9f2af1f9-e150-4f8e-aad3-40bb7eb05aa3"
    }, {
      "type" : "RegistrationDate",
      "widget" : "Range",
      "titleKey" : "Date Range",
      "subjectTypeUUID" : "9f2af1f9-e150-4f8e-aad3-40bb7eb05aa3"
    }, {
      "type" : "Name",
      "widget" : "Default",
      "titleKey" : "Lab facility name",
      "subjectTypeUUID" : "eb388475-b88e-4767-8195-1679e5ea7703"
    }, {
      "type" : "Concept",
      "scope" : "programEncounter",
      "widget" : "Default",
      "titleKey" : "SCD Hemoglobin genotype",
      "conceptName" : "Hemoglobin genotype",
      "conceptUUID" : "e19e68fd-97f1-4803-a1b2-bb850836ff54",
      "conceptDataType" : "Coded",
      "scopeParameters" : {
        "programUUIDs" : [ "e93303fa-f465-4db7-a945-d4fd6295f2b9" ],
        "encounterTypeUUIDs" : [ "f599f393-c50e-48d1-a89e-e73295e570ea", "8166375f-c95f-435b-b103-d3d70e0af06f" ]
      },
      "subjectTypeUUID" : "9f2af1f9-e150-4f8e-aad3-40bb7eb05aa3"
    }, {
      "type" : "Concept",
      "scope" : "programEnrolment",
      "widget" : "Default",
      "titleKey" : "Program",
      "conceptName" : "Program Name - Epilepsy (For Search)",
      "conceptUUID" : "b45c153d-3de1-4f5b-8c20-47c5502d5460",
      "conceptDataType" : "Coded",
      "scopeParameters" : {
        "programUUIDs" : [ "e93303fa-f465-4db7-a945-d4fd6295f2b9", "69a436a4-e6fb-42ed-a75c-d58d793f693e", "707cbfcf-5313-43e5-92d5-e176dacb1504", "5e927691-06c9-455a-b2fb-c300cea84f2e" ],
        "encounterTypeUUIDs" : [ ]
      },
      "subjectTypeUUID" : "9f2af1f9-e150-4f8e-aad3-40bb7eb05aa3"
    }, {
      "type" : "Concept",
      "scope" : "programEncounter",
      "titleKey" : "Already Diagnosed SCD",
      "conceptName" : "Whether old report available",
      "conceptUUID" : "843cec0f-5f7d-451f-be22-68c7167ffc64",
      "conceptDataType" : "Coded",
      "scopeParameters" : {
        "programUUIDs" : [ "e93303fa-f465-4db7-a945-d4fd6295f2b9" ],
        "encounterTypeUUIDs" : [ "f599f393-c50e-48d1-a89e-e73295e570ea" ]
      },
      "subjectTypeUUID" : "9f2af1f9-e150-4f8e-aad3-40bb7eb05aa3"
    } ],
    "hideTotalForProgram" : false,
    "myDashboardFilters" : [ {
      "type" : "Address",
      "widget" : "Default",
      "titleKey" : "Address",
      "subjectTypeUUID" : "9f2af1f9-e150-4f8e-aad3-40bb7eb05aa3"
    } ]
  },
  "worklistUpdationRule" : ""
}