[ {
  "uuid" : "d3c5d54a-11ed-4b6b-8149-fbd7e6826714",
  "id" : 93,
  "name" : "Lab Facility",
  "description" : "",
  "sections" : [ {
    "uuid" : "386299f8-d759-4aab-96af-94b8bffa9981",
    "id" : 139,
    "name" : "Visit details",
    "description" : "",
    "viewType" : "Tile",
    "displayOrder" : 1.0,
    "dashboardUUID" : "d3c5d54a-11ed-4b6b-8149-fbd7e6826714",
    "dashboardSectionCardMappings" : [ {
      "uuid" : "ecb930f0-9165-4fc4-89db-7d3c1b4c36b4",
      "displayOrder" : 2.0,
      "dashboardSectionUUID" : "386299f8-d759-4aab-96af-94b8bffa9981",
      "reportCardUUID" : "0672a0f7-f688-4f14-863c-d5de23901e23",
      "voided" : false
    }, {
      "uuid" : "dedf015c-2911-4756-99ea-361d298140b2",
      "displayOrder" : 1.0,
      "dashboardSectionUUID" : "386299f8-d759-4aab-96af-94b8bffa9981",
      "reportCardUUID" : "8dd0bf93-6adb-4a8e-afcc-1eaa64c13add",
      "voided" : false
    } ],
    "voided" : false
  }, {
    "uuid" : "dde2fab3-dea4-4a31-b51a-883628179666",
    "id" : 138,
    "name" : "Overview",
    "description" : "",
    "viewType" : "Tile",
    "displayOrder" : 2.0,
    "dashboardUUID" : "d3c5d54a-11ed-4b6b-8149-fbd7e6826714",
    "dashboardSectionCardMappings" : [ {
      "uuid" : "6cb838ba-733c-4d3d-87f4-263c3b69ec88",
      "displayOrder" : 1.0,
      "dashboardSectionUUID" : "dde2fab3-dea4-4a31-b51a-883628179666",
      "reportCardUUID" : "1b2bad27-6e1c-47d6-bca3-8031287dc485",
      "voided" : false
    }, {
      "uuid" : "778255bc-f2be-456c-9815-ba9aad021bdd",
      "displayOrder" : 2.0,
      "dashboardSectionUUID" : "dde2fab3-dea4-4a31-b51a-883628179666",
      "reportCardUUID" : "620d26a6-c2f7-4411-b894-6d229a49608b",
      "voided" : false
    } ],
    "voided" : false
  } ],
  "filters" : [ ],
  "voided" : false
}, {
  "uuid" : "c4d3bc0a-027e-4a6a-87dd-85e5b7285523",
  "id" : 649,
  "name" : "Default Dashboard",
  "sections" : [ {
    "uuid" : "fb302038-25a1-4cd6-9f56-80ef67b21103",
    "id" : 1094,
    "name" : "Recent Statistics",
    "description" : "",
    "viewType" : "Tile",
    "displayOrder" : 2.0,
    "dashboardUUID" : "c4d3bc0a-027e-4a6a-87dd-85e5b7285523",
    "dashboardSectionCardMappings" : [ {
      "uuid" : "9fb198b6-ae10-4c3f-a8e6-652b7d1b7e9c",
      "displayOrder" : 3.0,
      "dashboardSectionUUID" : "fb302038-25a1-4cd6-9f56-80ef67b21103",
      "reportCardUUID" : "dd961ee1-9d4e-4ec9-99f0-99b36672be7c",
      "voided" : false
    }, {
      "uuid" : "8afecd6c-741c-4871-86f1-bce171f8bfd8",
      "displayOrder" : 1.0,
      "dashboardSectionUUID" : "fb302038-25a1-4cd6-9f56-80ef67b21103",
      "reportCardUUID" : "f366f35a-5c4f-4ff7-b510-2dc9f5f88847",
      "voided" : false
    }, {
      "uuid" : "383b8df8-93d8-43d9-bc96-545e1176fe63",
      "displayOrder" : 2.0,
      "dashboardSectionUUID" : "fb302038-25a1-4cd6-9f56-80ef67b21103",
      "reportCardUUID" : "e1036b69-df46-4351-9916-10cd4cfcb6bd",
      "voided" : false
    } ],
    "voided" : false
  }, {
    "uuid" : "741711ef-df17-4884-8928-20dee701479e",
    "id" : 1092,
    "name" : "Visit Details",
    "description" : "",
    "viewType" : "Tile",
    "displayOrder" : 1.0,
    "dashboardUUID" : "c4d3bc0a-027e-4a6a-87dd-85e5b7285523",
    "dashboardSectionCardMappings" : [ {
      "uuid" : "4dff9285-88b3-43de-a90b-9823ab32e433",
      "displayOrder" : 2.0,
      "dashboardSectionUUID" : "741711ef-df17-4884-8928-20dee701479e",
      "reportCardUUID" : "85ce7239-e8b5-4e57-b07d-66c18cee47b2",
      "voided" : false
    }, {
      "uuid" : "4d139c45-1854-46ec-ad80-40725f7b9b8a",
      "displayOrder" : 1.0,
      "dashboardSectionUUID" : "741711ef-df17-4884-8928-20dee701479e",
      "reportCardUUID" : "6085c2f4-52e7-4b08-85b6-d6b2612b4cf5",
      "voided" : false
    } ],
    "voided" : false
  }, {
    "uuid" : "2ce712c2-3fa3-4ca4-9703-95766ef512c2",
    "id" : 1093,
    "name" : "Registration Overview",
    "description" : "",
    "viewType" : "Tile",
    "displayOrder" : 3.0,
    "dashboardUUID" : "c4d3bc0a-027e-4a6a-87dd-85e5b7285523",
    "dashboardSectionCardMappings" : [ {
      "uuid" : "e02a68ed-c02b-4cba-a5b5-6a5c71ab5eb8",
      "displayOrder" : 1.0,
      "dashboardSectionUUID" : "2ce712c2-3fa3-4ca4-9703-95766ef512c2",
      "reportCardUUID" : "a1673f8a-c394-4bcf-8b6f-63d83a5443e2",
      "voided" : false
    } ],
    "voided" : false
  } ],
  "filters" : [ {
    "uuid" : "efea5b8d-d621-47d0-a02c-c9b1a667b680",
    "id" : 121,
    "name" : "As On Date",
    "filterConfig" : {
      "type" : "AsOnDate",
      "subjectTypeUUID" : null,
      "widget" : null,
      "groupSubjectTypeFilter" : null,
      "observationBasedFilter" : null
    },
    "voided" : false
  }, {
    "uuid" : "20367018-a168-43ff-a28f-64cd46ad3e2c",
    "id" : 122,
    "name" : "Subject Type",
    "filterConfig" : {
      "type" : "SubjectType",
      "subjectTypeUUID" : null,
      "widget" : null,
      "groupSubjectTypeFilter" : null,
      "observationBasedFilter" : null
    },
    "voided" : false
  }, {
    "uuid" : "e220be0a-2e1e-41f7-b344-ea8b95d11568",
    "id" : 132,
    "name" : "Address",
    "filterConfig" : {
      "type" : "Address",
      "subjectTypeUUID" : "9f2af1f9-e150-4f8e-aad3-40bb7eb05aa3",
      "widget" : null,
      "groupSubjectTypeFilter" : null,
      "observationBasedFilter" : null
    },
    "voided" : false
  } ],
  "voided" : false
} ]