[ {
  "uuid" : "1b2bad27-6e1c-47d6-bca3-8031287dc485",
  "id" : 358,
  "name" : "Facilities",
  "query" : "'use strict';\n({params, imports}) => {\n    return params.db.objects('Individual').filtered(\"voided == false\");\n};",
  "description" : "",
  "color" : "#039be5",
  "nested" : false,
  "count" : 1,
  "standardReportCardInputSubjectTypes" : [ ],
  "standardReportCardInputPrograms" : [ ],
  "standardReportCardInputEncounterTypes" : [ ],
  "voided" : false
}, {
  "uuid" : "6085c2f4-52e7-4b08-85b6-d6b2612b4cf5",
  "id" : 3215,
  "name" : "Scheduled visits",
  "color" : "#388e3c",
  "nested" : false,
  "count" : 1,
  "standardReportCardType" : "27020b32-c21b-43a4-81bd-7b88ad3a6ef0",
  "standardReportCardInputSubjectTypes" : [ ],
  "standardReportCardInputPrograms" : [ ],
  "standardReportCardInputEncounterTypes" : [ ],
  "voided" : false
}, {
  "uuid" : "85ce7239-e8b5-4e57-b07d-66c18cee47b2",
  "id" : 3216,
  "name" : "Overdue visits",
  "color" : "#d32f2f",
  "nested" : false,
  "count" : 1,
  "standardReportCardType" : "9f88bee5-2ab9-4ac4-ae19-d07e9715bdb5",
  "standardReportCardInputSubjectTypes" : [ ],
  "standardReportCardInputPrograms" : [ ],
  "standardReportCardInputEncounterTypes" : [ ],
  "voided" : false
}, {
  "uuid" : "a1673f8a-c394-4bcf-8b6f-63d83a5443e2",
  "id" : 3217,
  "name" : "Total",
  "color" : "#ffffff",
  "nested" : false,
  "count" : 1,
  "standardReportCardType" : "1fbcadf3-bf1a-439e-9e13-24adddfbf6c0",
  "standardReportCardInputSubjectTypes" : [ ],
  "standardReportCardInputPrograms" : [ ],
  "standardReportCardInputEncounterTypes" : [ ],
  "voided" : false
}, {
  "uuid" : "f366f35a-5c4f-4ff7-b510-2dc9f5f88847",
  "id" : 3218,
  "name" : "Recent registrations",
  "color" : "#ffffff",
  "nested" : false,
  "count" : 1,
  "standardReportCardType" : "88a7514c-48c0-4d5d-a421-d074e43bb36c",
  "standardReportCardInputSubjectTypes" : [ ],
  "standardReportCardInputPrograms" : [ ],
  "standardReportCardInputEncounterTypes" : [ ],
  "standardReportCardInputRecentDuration" : "{\"value\":\"1\",\"unit\":\"days\"}",
  "voided" : false
}, {
  "uuid" : "e1036b69-df46-4351-9916-10cd4cfcb6bd",
  "id" : 3219,
  "name" : "Recent enrolments",
  "color" : "#ffffff",
  "nested" : false,
  "count" : 1,
  "standardReportCardType" : "a5efc04c-317a-4823-a203-e62603454a65",
  "standardReportCardInputSubjectTypes" : [ ],
  "standardReportCardInputPrograms" : [ ],
  "standardReportCardInputEncounterTypes" : [ ],
  "standardReportCardInputRecentDuration" : "{\"value\":\"1\",\"unit\":\"days\"}",
  "voided" : false
}, {
  "uuid" : "dd961ee1-9d4e-4ec9-99f0-99b36672be7c",
  "id" : 3220,
  "name" : "Recent visits",
  "color" : "#ffffff",
  "nested" : false,
  "count" : 1,
  "standardReportCardType" : "77b5b3fa-de35-4f24-996b-2842492ea6e0",
  "standardReportCardInputSubjectTypes" : [ ],
  "standardReportCardInputPrograms" : [ ],
  "standardReportCardInputEncounterTypes" : [ ],
  "standardReportCardInputRecentDuration" : "{\"value\":\"1\",\"unit\":\"days\"}",
  "voided" : false
}, {
  "uuid" : "8dd0bf93-6adb-4a8e-afcc-1eaa64c13add",
  "id" : 356,
  "name" : "Scheduled",
  "description" : "",
  "color" : "#43a047",
  "nested" : false,
  "count" : 1,
  "standardReportCardType" : "27020b32-c21b-43a4-81bd-7b88ad3a6ef0",
  "standardReportCardInputSubjectTypes" : [ ],
  "standardReportCardInputPrograms" : [ ],
  "standardReportCardInputEncounterTypes" : [ ],
  "voided" : false
}, {
  "uuid" : "620d26a6-c2f7-4411-b894-6d229a49608b",
  "id" : 359,
  "name" : "Total Entries",
  "query" : "'use strict';\n({params, imports}) => {\n    return params.db.objects('Encounter').filtered(\"voided == false and encounterDateTime <> null\")\n    .map(enc => enc.individual);\n};",
  "description" : "",
  "color" : "#00897b",
  "nested" : false,
  "count" : 1,
  "standardReportCardInputSubjectTypes" : [ ],
  "standardReportCardInputPrograms" : [ ],
  "standardReportCardInputEncounterTypes" : [ ],
  "voided" : false
}, {
  "uuid" : "0672a0f7-f688-4f14-863c-d5de23901e23",
  "id" : 357,
  "name" : "Overdue",
  "description" : "",
  "color" : "#e53935",
  "nested" : false,
  "count" : 1,
  "standardReportCardType" : "9f88bee5-2ab9-4ac4-ae19-d07e9715bdb5",
  "standardReportCardInputSubjectTypes" : [ ],
  "standardReportCardInputPrograms" : [ ],
  "standardReportCardInputEncounterTypes" : [ ],
  "voided" : false
} ]