[ {
  "uuid" : "0a203b7e-04cb-42a9-8f9f-347c7a78fba0",
  "id" : 2661,
  "name" : "State",
  "level" : 5.0
}, {
  "uuid" : "2ec28581-aa7b-42fb-bf55-3c364df3001c",
  "id" : 2662,
  "name" : "District",
  "level" : 4.0,
  "parent" : {
    "uuid" : "0a203b7e-04cb-42a9-8f9f-347c7a78fba0"
  }
}, {
  "uuid" : "622700c2-6a8d-45b7-9b58-bf655a0a6309",
  "id" : 2663,
  "name" : "TempCity (voided~2339)",
  "level" : 1.0,
  "parent" : {
    "uuid" : "2ec28581-aa7b-42fb-bf55-3c364df3001c"
  },
  "voided" : true
}, {
  "uuid" : "ca7b1ec3-11ea-48bd-a701-fea0ef0ee4ac",
  "id" : 2664,
  "name" : "Taluka",
  "level" : 3.0,
  "parent" : {
    "uuid" : "2ec28581-aa7b-42fb-bf55-3c364df3001c"
  }
}, {
  "uuid" : "a24d419d-8f3f-456e-8f41-855927616320",
  "id" : 2665,
  "name" : "Village",
  "level" : 2.0,
  "parent" : {
    "uuid" : "ca7b1ec3-11ea-48bd-a701-fea0ef0ee4ac"
  }
}, {
  "uuid" : "ea92e673-97ce-4481-96d6-1dcc3b14135b",
  "id" : 2666,
  "name" : "Faliyu",
  "level" : 1.0,
  "parent" : {
    "uuid" : "a24d419d-8f3f-456e-8f41-855927616320"
  }
}, {
  "uuid" : "f7c543f1-052d-4806-8fb6-77d5dca46dee",
  "id" : 2667,
  "name" : "Anganwadi",
  "level" : 0.0,
  "parent" : {
    "uuid" : "ea92e673-97ce-4481-96d6-1dcc3b14135b"
  }
} ]