[ {
  "name" : "Malnutrition Followup",
  "uuid" : "fc7b9700-e939-46e0-b5fa-60c32560cb0d",
  "entityEligibilityCheckRule" : "'use strict';\n({params, imports}) => {\n  const moment = imports.moment;\n  const individual = params.entity;\n  const encounters = individual.getEncounters(true);\n  \n  const dateOfBirth = moment(individual.dateOfBirth).startOf('day');\n  const today = moment().startOf('day');\n  const age = today.diff(dateOfBirth, 'years', true);\n  \n  if(age <= 6){\n    return false;  \n  }\n  \n\n  const malnutritionFollowup = encounters.some(\n    (enc) => enc.encounterType.name == 'Malnutrition Followup' &&\n             enc.voided === false &&\n             enc.encounterDateTime !== null\n  );\n\n  if(malnutritionFollowup) return false;\n\n  const hasmalnutritionEnrolment = individual.enrolments.some(\n    (enr) => enr.program.name == 'Malnutrition' &&\n             enr.voided == false &&\n             enr.programExitDateTime === null\n  );\n\n  if(!hasmalnutritionEnrolment) return false;\n\n  return false;\n};\n",
  "active" : true,
  "immutable" : false
}, {
  "name" : "Screening",
  "uuid" : "cf3dcb82-c88b-422f-9485-be7f02ad0c1b",
  "entityEligibilityCheckRule" : "'use strict';\n({params, imports}) => {\n  const moment = imports.moment;\n  const individual = params.entity;\n  const encounters = individual.getEncounters(true);\n  \n  const dateOfBirth = moment(individual.dateOfBirth).startOf('day');\n  const today = moment().startOf('day');\n  const age = today.diff(dateOfBirth, 'years', true);\n  \n  if(age <= 6){\n    return false;  \n  }\n\n  const hasScreeningAlreadyDone = encounters.some((enc)=> enc.encounterType.name == 'Screening' && enc.voided == false && enc.encounterDateTime != null);\n\n  const screeningFollowupEncounters = encounters.filter((enc)=> enc.encounterType.name == 'Screening Followup' && enc.voided == false && enc.encounterDateTime != null);\n  \n  if(screeningFollowupEncounters.length > 0) {\n    const latestFollowup = screeningFollowupEncounters[0];\n\n    const normalUuid = '722371f5-3cb7-493e-8334-aa3c9cc88b86';\n\n    const confirmedCondition = latestFollowup.getObservationValue('3a822fa1-c524-4d6d-afba-998f516f42e3');\n  \n    if(confirmedCondition && confirmedCondition.includes(normalUuid)){\n        const currentDay = moment().startOf('day');\n        const encounterDateTime = moment(latestFollowup.encounterDateTime).add(1, 'year').startOf('day');\n        const isOneYearPassed = encounterDateTime.isBefore(currentDay);\n        \n        if(isOneYearPassed) { return true; }\n        else {return false; }\n    } else {\n      return false;\n    }\n  } else {\n    if(hasScreeningAlreadyDone) return false;\n  }\n\n  return true;\n};",
  "active" : true,
  "immutable" : false
}, {
  "name" : "Screening Followup",
  "uuid" : "bad32cff-a28b-4821-8d7d-9bbabff845a2",
  "entityEligibilityCheckRule" : "'use strict';\n({params, imports}) => {\n    const moment = imports.moment;\n    const individual = params.entity;\n    const encounters = individual.getEncounters(true);\n    \n    const dateOfBirth = moment(individual.dateOfBirth).startOf('day');\n    const today = moment().startOf('day');\n    const age = today.diff(dateOfBirth, 'years', true);\n    \n    if(age <= 6){\n      return false;  \n    }\n\n    const isScreeningAlreadyDone = encounters.some((enc)=> enc.encounterType.name == 'Screening' && enc.voided == false && enc.encounterDateTime != null);\n    const screeningFollowupEncounters = encounters.filter((enc)=> enc.encounterType.name == 'Screening Followup' && enc.voided == false && enc.encounterDateTime != null);\n\n    \n    return false;\n};",
  "active" : true,
  "immutable" : false
}, {
  "name" : "Mental Health Follow Up",
  "uuid" : "02b76349-4bec-4806-add8-9fb22acf2121",
  "entityEligibilityCheckRule" : "'use strict';\n({params, imports}) => {\n  const moment = imports.moment;\n  const individual = params.entity;\n  const encounters = individual.getEncounters(true);\n  \n  const dateOfBirth = moment(individual.dateOfBirth).startOf('day');\n  const today = moment().startOf('day');\n  const age = today.diff(dateOfBirth, 'years', true);\n  \n  if(age < 6){\n    return false;  \n  }\n\n  const mhFollowup = encounters.some(\n    (enc) => enc.encounterType.name == 'Mental Health Follow Up' &&\n             enc.voided == false &&\n             enc.encounterDateTime !== null\n  );\n\n  if(mhFollowup) return false;\n\n  const hasMenatlHealthEnrolment = individual.enrolments.some(\n    (enr) => enr.program.name == 'Mental Health' &&\n             enr.voided == false &&\n             enr.programExitDateTime == null\n  );\n\n  if(!hasMenatlHealthEnrolment) return false;\n\n  return false;  \n};\n",
  "active" : true,
  "immutable" : false
}, {
  "name" : "Diabetes/HTN Followup",
  "uuid" : "18c33028-3da6-40cc-b623-918751d1655c",
  "entityEligibilityCheckRule" : "'use strict';\n({params, imports}) => {\n  const individual = params.entity;\n  const encounters = individual.getEncounters(true);\n  const moment = imports.moment;\n\n  const dateOfBirth = moment(individual.dateOfBirth).startOf('day');\n  const today = moment().startOf('day');\n  const age = today.diff(dateOfBirth, 'years', true);\n  \n  if(age < 14){\n    return false;  \n  }\n\n  const hasDiabetesHTNFollowup = encounters.some(\n    (enc) => enc.encounterType.name == 'Diabetes/HTN Followup' &&\n             enc.voided === false &&\n             enc.encounterDateTime !== null\n  );\n\n  if(hasDiabetesHTNFollowup) return false;\n\n  const hasDiabetesHTNEnrolment = individual.enrolments.some(\n    (enr) => enr.program.name == 'Diabetes/HTN' &&\n             enr.voided == false &&\n             enr.programExitDateTime === null\n  );\n\n  if(!hasDiabetesHTNEnrolment) return false;\n  \n  return false;\n};",
  "active" : true,
  "immutable" : false
}, {
  "name" : "Anaemia Followup",
  "uuid" : "a28f8246-1e4c-4c74-a578-8fb755532de6",
  "entityEligibilityCheckRule" : "'use strict';\n({params, imports}) => {\n  const moment = imports.moment;\n  const individual = params.entity;\n  const encounters = individual.getEncounters(true);\n  \n  const dateOfBirth = moment(individual.dateOfBirth).startOf('day');\n  const today = moment().startOf('day');\n  const age = today.diff(dateOfBirth, 'years', true);\n  \n  if(age <= 6){\n    return false;  \n  }\n\n  const anemiaFollowup = encounters.some(\n    (enc) => enc.encounterType.name == 'Anaemia Followup' &&\n             enc.voided == false &&\n             enc.encounterDateTime !== null\n  );\n\n  if(anemiaFollowup) return false;\n\n  const hasAnemiaEnrolment = individual.enrolments.some(\n    (enr) => enr.program.name == 'Anaemia' &&\n             enr.voided == false &&\n             enr.programExitDateTime == null\n  );\n\n  if(!hasAnemiaEnrolment) return false;\n\n  return true;  \n};\n",
  "active" : true,
  "immutable" : false
}, {
  "name" : "Worker Monthly Reporting",
  "uuid" : "519158fe-1b91-4ed7-9fe7-4c11fbe189bc",
  "entityEligibilityCheckRule" : "",
  "active" : true,
  "immutable" : false
} ]