[ {
  "uuid" : "7fdd0f7b-724d-4755-964f-db2ce540eaa0",
  "id" : 45728,
  "formUUID" : "144af689-2e86-4acf-b0c7-43b248b30978",
  "subjectTypeUUID" : "9f194eba-dde4-46b0-a3f4-583272fb5866",
  "formType" : "IndividualProfile",
  "formName" : "Individual Registration",
  "enableApproval" : false
}, {
  "uuid" : "3cea464f-0ad2-4c31-a1ca-398560ca5788",
  "id" : 45729,
  "formUUID" : "47c4a575-1de4-429d-ad51-dc461c653ecc",
  "subjectTypeUUID" : "79a3e20c-ece3-4b77-b09c-4c672c175d7a",
  "formType" : "IndividualProfile",
  "formName" : "Household Registration",
  "enableApproval" : false
}, {
  "uuid" : "6cb31759-5413-42bc-aecf-e145c8955e9e",
  "id" : 45730,
  "formUUID" : "7ec4eede-428b-430a-b62d-eee1794a93ed",
  "encounterTypeUUID" : "bad32cff-a28b-4821-8d7d-9bbabff845a2",
  "subjectTypeUUID" : "9f194eba-dde4-46b0-a3f4-583272fb5866",
  "formType" : "Encounter",
  "formName" : "Screening Followup Encounter",
  "enableApproval" : false
}, {
  "uuid" : "38425d34-8fc8-4659-8634-c67ff322a8e5",
  "id" : 45731,
  "formUUID" : "1a068c85-23e1-4fad-8664-31aa80be5827",
  "encounterTypeUUID" : "bad32cff-a28b-4821-8d7d-9bbabff845a2",
  "subjectTypeUUID" : "9f194eba-dde4-46b0-a3f4-583272fb5866",
  "formType" : "IndividualEncounterCancellation",
  "formName" : "Screening Followup Encounter Cancellation",
  "enableApproval" : false
}, {
  "uuid" : "b98e920c-e947-43eb-81b1-7b7d9f4d7a8f",
  "id" : 45732,
  "formUUID" : "a89e57db-84cc-4a70-a31b-5ac2760fff35",
  "programUUID" : "d6bc3c7b-134d-426a-9e18-eecbdc732cb2",
  "subjectTypeUUID" : "9f194eba-dde4-46b0-a3f4-583272fb5866",
  "formType" : "ProgramEnrolment",
  "formName" : "Diabetes/HTN Enrolment",
  "enableApproval" : false
}, {
  "uuid" : "8f9e33ae-0602-4305-a92e-40840e04480e",
  "id" : 45733,
  "formUUID" : "e0198f7c-b8e0-41c9-8d96-7c2128b3d4c8",
  "programUUID" : "d6bc3c7b-134d-426a-9e18-eecbdc732cb2",
  "subjectTypeUUID" : "9f194eba-dde4-46b0-a3f4-583272fb5866",
  "formType" : "ProgramExit",
  "formName" : "Diabetes/HTN Exit",
  "enableApproval" : false
}, {
  "uuid" : "56e30338-1643-4851-8b3a-363dfcf28b72",
  "id" : 45734,
  "formUUID" : "84941196-6e73-46f2-a4f4-7bf6c6970f6f",
  "encounterTypeUUID" : "cf3dcb82-c88b-422f-9485-be7f02ad0c1b",
  "subjectTypeUUID" : "9f194eba-dde4-46b0-a3f4-583272fb5866",
  "formType" : "Encounter",
  "formName" : "Screening Encounter",
  "enableApproval" : false
}, {
  "uuid" : "c1b56e34-6edb-418c-97f2-07ac54b6bacd",
  "id" : 45735,
  "formUUID" : "98726717-0a2d-44e0-ad80-a5517be4faa5",
  "encounterTypeUUID" : "cf3dcb82-c88b-422f-9485-be7f02ad0c1b",
  "subjectTypeUUID" : "9f194eba-dde4-46b0-a3f4-583272fb5866",
  "formType" : "IndividualEncounterCancellation",
  "formName" : "Screening Encounter Cancellation",
  "enableApproval" : false
}, {
  "uuid" : "88a83862-de96-46fe-a1d4-084fe2eafe1d",
  "id" : 45736,
  "formUUID" : "7d9720b2-7799-4941-b95b-812effdc5f37",
  "programUUID" : "d6bc3c7b-134d-426a-9e18-eecbdc732cb2",
  "encounterTypeUUID" : "18c33028-3da6-40cc-b623-918751d1655c",
  "subjectTypeUUID" : "9f194eba-dde4-46b0-a3f4-583272fb5866",
  "formType" : "ProgramEncounter",
  "formName" : "Diabetes/HTN Followup Encounter",
  "enableApproval" : false
}, {
  "uuid" : "8f4b2e69-4d73-4306-b7ea-0f5a5dcca598",
  "id" : 45737,
  "formUUID" : "a7a6b443-30ca-469b-b1f6-233581462d5e",
  "programUUID" : "d6bc3c7b-134d-426a-9e18-eecbdc732cb2",
  "encounterTypeUUID" : "18c33028-3da6-40cc-b623-918751d1655c",
  "subjectTypeUUID" : "9f194eba-dde4-46b0-a3f4-583272fb5866",
  "formType" : "ProgramEncounterCancellation",
  "formName" : "Diabetes/HTN Followup Encounter Cancellation",
  "enableApproval" : false
}, {
  "uuid" : "988b5495-2841-4075-9a64-b0e41d82b967",
  "id" : 45738,
  "formUUID" : "ca6e8e3e-0add-42f1-b3c9-8c19a54f2182",
  "programUUID" : "e6d112a2-e71c-4e49-b61f-9d7a75a1a669",
  "subjectTypeUUID" : "9f194eba-dde4-46b0-a3f4-583272fb5866",
  "formType" : "ProgramEnrolment",
  "formName" : "Malnutrition Enrolment",
  "enableApproval" : false
}, {
  "uuid" : "ef70788e-e221-4ecc-9a9a-ae039eed2c9e",
  "id" : 45739,
  "formUUID" : "ac470de8-ffd6-4e88-8ce5-e979778e1ee8",
  "programUUID" : "e6d112a2-e71c-4e49-b61f-9d7a75a1a669",
  "subjectTypeUUID" : "9f194eba-dde4-46b0-a3f4-583272fb5866",
  "formType" : "ProgramExit",
  "formName" : "Malnutrition Exit",
  "enableApproval" : false
}, {
  "uuid" : "51f7c943-5bdf-4543-94ca-2c7715ef8fe9",
  "id" : 45740,
  "formUUID" : "618a0487-05d4-4acb-b532-aa0fbfa14105",
  "programUUID" : "e6d112a2-e71c-4e49-b61f-9d7a75a1a669",
  "encounterTypeUUID" : "fc7b9700-e939-46e0-b5fa-60c32560cb0d",
  "subjectTypeUUID" : "9f194eba-dde4-46b0-a3f4-583272fb5866",
  "formType" : "ProgramEncounter",
  "formName" : "Malnutrition Followup Encounter",
  "enableApproval" : false
}, {
  "uuid" : "653f54fe-0e8f-4080-955a-536db9c9b48b",
  "id" : 45741,
  "formUUID" : "0690d1ad-f6f7-4038-9c8b-431d49be1281",
  "programUUID" : "e6d112a2-e71c-4e49-b61f-9d7a75a1a669",
  "encounterTypeUUID" : "fc7b9700-e939-46e0-b5fa-60c32560cb0d",
  "subjectTypeUUID" : "9f194eba-dde4-46b0-a3f4-583272fb5866",
  "formType" : "ProgramEncounterCancellation",
  "formName" : "Malnutrition Followup Encounter Cancellation",
  "enableApproval" : false
}, {
  "uuid" : "533cbfae-4994-4b52-af28-c22309c9d6fe",
  "id" : 45742,
  "formUUID" : "59448d1d-e22f-42e5-83c6-e89ff60a6f29",
  "programUUID" : "1e829a1a-94db-4703-83dc-007af925b71e",
  "subjectTypeUUID" : "9f194eba-dde4-46b0-a3f4-583272fb5866",
  "formType" : "ProgramEnrolment",
  "formName" : "Anaemia  Enrolment",
  "enableApproval" : false
}, {
  "uuid" : "6870bfb5-fd74-4068-bf39-08a45b2c7ceb",
  "id" : 45743,
  "formUUID" : "26f0087a-25fc-4a95-bde2-a25a149abf82",
  "programUUID" : "1e829a1a-94db-4703-83dc-007af925b71e",
  "subjectTypeUUID" : "9f194eba-dde4-46b0-a3f4-583272fb5866",
  "formType" : "ProgramExit",
  "formName" : "Anaemia  Exit",
  "enableApproval" : false
}, {
  "uuid" : "3053fff9-0eb6-47b9-8039-4c141d97ac20",
  "id" : 45744,
  "formUUID" : "f2a71a10-795f-4204-a56a-5b593ab87b18",
  "programUUID" : "1e829a1a-94db-4703-83dc-007af925b71e",
  "encounterTypeUUID" : "a28f8246-1e4c-4c74-a578-8fb755532de6",
  "subjectTypeUUID" : "9f194eba-dde4-46b0-a3f4-583272fb5866",
  "formType" : "ProgramEncounter",
  "formName" : "Anaemia Followup",
  "enableApproval" : false
}, {
  "uuid" : "3cd6e7bd-cc10-42b1-a910-b73ec0327011",
  "id" : 45745,
  "formUUID" : "e9532a0c-8ff3-490d-8260-7427d9e34ff0",
  "programUUID" : "1e829a1a-94db-4703-83dc-007af925b71e",
  "encounterTypeUUID" : "a28f8246-1e4c-4c74-a578-8fb755532de6",
  "subjectTypeUUID" : "9f194eba-dde4-46b0-a3f4-583272fb5866",
  "formType" : "ProgramEncounterCancellation",
  "formName" : "Anaemia Followup Encounter Cancellation",
  "enableApproval" : false
}, {
  "uuid" : "527b3e66-d954-4033-a20e-b686d1e9d34a",
  "id" : 45746,
  "formUUID" : "380a099d-e999-46c3-b671-aba3c232626e",
  "programUUID" : "6a9a5dc4-7e53-4955-ac74-ffa3c2ea6e63",
  "subjectTypeUUID" : "9f194eba-dde4-46b0-a3f4-583272fb5866",
  "formType" : "ProgramEnrolment",
  "formName" : "Mental Health  Enrolment",
  "enableApproval" : false
}, {
  "uuid" : "f3e6a439-d63a-43e6-bdc2-6e878ae5a0cf",
  "id" : 45747,
  "formUUID" : "344ec04f-1f4f-4faa-bddb-5e07340b68cc",
  "programUUID" : "6a9a5dc4-7e53-4955-ac74-ffa3c2ea6e63",
  "subjectTypeUUID" : "9f194eba-dde4-46b0-a3f4-583272fb5866",
  "formType" : "ProgramExit",
  "formName" : "Mental Health  Exit",
  "enableApproval" : false
}, {
  "uuid" : "729a740a-2230-4be6-8965-7aab06ed3920",
  "id" : 45748,
  "formUUID" : "d56b2784-ca51-4ab3-b793-8ef716dc9dc6",
  "programUUID" : "6a9a5dc4-7e53-4955-ac74-ffa3c2ea6e63",
  "encounterTypeUUID" : "02b76349-4bec-4806-add8-9fb22acf2121",
  "subjectTypeUUID" : "9f194eba-dde4-46b0-a3f4-583272fb5866",
  "formType" : "ProgramEncounter",
  "formName" : "Mental Health Follow Up Encounter",
  "enableApproval" : false
}, {
  "uuid" : "c0650e1a-8b5a-478b-b8f8-057861cb53a4",
  "id" : 45749,
  "formUUID" : "fd34ce7f-6679-468a-b0ee-d29a698d9b61",
  "programUUID" : "6a9a5dc4-7e53-4955-ac74-ffa3c2ea6e63",
  "encounterTypeUUID" : "02b76349-4bec-4806-add8-9fb22acf2121",
  "subjectTypeUUID" : "9f194eba-dde4-46b0-a3f4-583272fb5866",
  "formType" : "ProgramEncounterCancellation",
  "formName" : "Mental Health Follow Up Encounter Cancellation",
  "enableApproval" : false
}, {
  "uuid" : "6229f1b6-909c-4a0a-b4cf-99e76f220103",
  "id" : 46438,
  "formUUID" : "d22c753d-3d95-43f0-acbc-0d1c9154651c",
  "subjectTypeUUID" : "52eaff5c-0224-486e-8eb2-d22b93af47a0",
  "formType" : "IndividualProfile",
  "formName" : "hhh Registration",
  "enableApproval" : false,
  "voided" : true
}, {
  "uuid" : "a90f9f8f-b055-467d-8bb7-2b3d39134764",
  "id" : 46586,
  "formUUID" : "d38bdef7-5713-47d3-962d-20f1a81becb8",
  "subjectTypeUUID" : "4c2cc0b2-919c-492a-abd5-d9f39f5da6f5",
  "formType" : "IndividualProfile",
  "formName" : "Worker Monthly Reporting Form Registration (voided~13545)",
  "enableApproval" : false,
  "voided" : true
}, {
  "uuid" : "b41485c2-1d6f-4bb8-89f1-d23dcea9b6ed",
  "id" : 46587,
  "formUUID" : "2291d63b-5a6b-4a68-b9d8-45cf8b6e5057",
  "subjectTypeUUID" : "992580e9-ef41-4677-b8a8-09168cc4e324",
  "formType" : "IndividualProfile",
  "formName" : "Worker Monthly Reporting Form Registration",
  "enableApproval" : false
}, {
  "uuid" : "30fa71a0-8a23-4b09-a24a-e866c7d13b95",
  "id" : 46588,
  "formUUID" : "9d9312ef-36ed-4c83-bc31-3a6903cc3744",
  "encounterTypeUUID" : "519158fe-1b91-4ed7-9fe7-4c11fbe189bc",
  "subjectTypeUUID" : "992580e9-ef41-4677-b8a8-09168cc4e324",
  "formType" : "Encounter",
  "formName" : "Worker Monthly Reporting",
  "enableApproval" : false
}, {
  "uuid" : "46a35771-c9b6-48ac-9be6-7d8d98603268",
  "id" : 46589,
  "formUUID" : "126f55d3-8ae1-4e9b-ac6c-0510142144d9",
  "encounterTypeUUID" : "519158fe-1b91-4ed7-9fe7-4c11fbe189bc",
  "subjectTypeUUID" : "992580e9-ef41-4677-b8a8-09168cc4e324",
  "formType" : "IndividualEncounterCancellation",
  "formName" : "Worker Monthly Reporting  Encounter Cancellation",
  "enableApproval" : false
} ]