[ {
  "uuid" : "395d35c5-589e-4754-87a4-32367d88ca58",
  "voided" : false,
  "dashboardUUID" : "562727cd-8efe-49c5-94b4-c06df523534c",
  "groupUUID" : "0291c4b4-441a-43bd-a115-783103b6bcf8",
  "groupName" : "Gram Seva Sahayak (GSS)",
  "dashboardName" : "Work Order Monthly Reporting",
  "dashboardDescription" : "",
  "groupOneOfTheDefaultGroups" : false,
  "primaryDashboard" : false,
  "secondaryDashboard" : false
}, {
  "uuid" : "a728510f-2bce-4378-ae48-3ba86d7b9d82",
  "voided" : false,
  "dashboardUUID" : "c4d3bc0a-027e-4a6a-87dd-85e5b7285523",
  "groupUUID" : "768d97a3-accc-4c05-b2dd-ae1a52bd1874",
  "groupName" : "Everyone",
  "dashboardName" : "Default Dashboard",
  "dashboardDescription" : null,
  "groupOneOfTheDefaultGroups" : true,
  "primaryDashboard" : true,
  "secondaryDashboard" : false
}, {
  "uuid" : "9a0d0dfd-48f4-4634-af9c-375d3bcf7f30",
  "voided" : false,
  "dashboardUUID" : "c4d3bc0a-027e-4a6a-87dd-85e5b7285523",
  "groupUUID" : "768d97a3-accc-4c05-b2dd-ae1a52bd1874",
  "groupName" : "Everyone",
  "dashboardName" : "Default Dashboard",
  "dashboardDescription" : null,
  "groupOneOfTheDefaultGroups" : true,
  "primaryDashboard" : true,
  "secondaryDashboard" : false
}, {
  "uuid" : "64ad2252-bfe1-44b9-8f9c-bd5eaa20c4a5",
  "voided" : true,
  "dashboardUUID" : "c4d3bc0a-027e-4a6a-87dd-85e5b7285523",
  "groupUUID" : "2b088e15-661f-4487-a0fe-f721da494152",
  "groupName" : "Administrators",
  "dashboardName" : "Default Dashboard",
  "dashboardDescription" : null,
  "groupOneOfTheDefaultGroups" : true,
  "primaryDashboard" : true,
  "secondaryDashboard" : false
} ]