[ {
  "uuid" : "768d97a3-accc-4c05-b2dd-ae1a52bd1874",
  "id" : 2791,
  "name" : "Everyone",
  "notEveryoneGroup" : false
}, {
  "uuid" : "0291c4b4-441a-43bd-a115-783103b6bcf8",
  "id" : 2793,
  "name" : "Gram Seva Sahayak (GSS)"
}, {
  "uuid" : "d21cf16e-03e9-44a7-925e-ea9c53337b5d",
  "id" : 2794,
  "name" : "Supervisor"
}, {
  "uuid" : "fc995a13-da04-4ba2-afa3-c7f2cb034ed8",
  "id" : 2795,
  "name" : "Co-ordinator"
}, {
  "uuid" : "666a9d77-de06-43d7-825d-377965b041b8",
  "id" : 2796,
  "name" : "Project Officer"
}, {
  "uuid" : "c8a2ba26-b962-42cb-ba89-af3511bb0e17",
  "id" : 2797,
  "name" : "Project Manager"
} ]