[ {
  "uuid" : "ecb6e5b8-641f-4a13-b495-827fd23ea531",
  "groupUUID" : "fc995a13-da04-4ba2-afa3-c7f2cb034ed8",
  "privilegeUUID" : "67410e50-8b40-4735-bfb4-135b13580027",
  "subjectTypeUUID" : "79a3e20c-ece3-4b77-b09c-4c672c175d7a",
  "allow" : true,
  "privilegeType" : "ViewSubject",
  "notEveryoneGroup" : true,
  "voided" : false
}, {
  "uuid" : "9c51666a-da32-4cd9-a1a6-5e390607eca1",
  "groupUUID" : "fc995a13-da04-4ba2-afa3-c7f2cb034ed8",
  "privilegeUUID" : "9f2a3495-93b7-47c3-8560-d572b6a9fc61",
  "subjectTypeUUID" : "9f194eba-dde4-46b0-a3f4-583272fb5866",
  "encounterTypeUUID" : "cf3dcb82-c88b-422f-9485-be7f02ad0c1b",
  "allow" : true,
  "privilegeType" : "ViewVisit",
  "notEveryoneGroup" : true,
  "voided" : false
}, {
  "uuid" : "1777e752-a43d-486c-9399-55e23a8aa44d",
  "groupUUID" : "fc995a13-da04-4ba2-afa3-c7f2cb034ed8",
  "privilegeUUID" : "67410e50-8b40-4735-bfb4-135b13580027",
  "subjectTypeUUID" : "9f194eba-dde4-46b0-a3f4-583272fb5866",
  "allow" : true,
  "privilegeType" : "ViewSubject",
  "notEveryoneGroup" : true,
  "voided" : false
}, {
  "uuid" : "2217a481-8dfb-440c-84d6-fde22c883c34",
  "groupUUID" : "fc995a13-da04-4ba2-afa3-c7f2cb034ed8",
  "privilegeUUID" : "9f2a3495-93b7-47c3-8560-d572b6a9fc61",
  "subjectTypeUUID" : "9f194eba-dde4-46b0-a3f4-583272fb5866",
  "programUUID" : "d6bc3c7b-134d-426a-9e18-eecbdc732cb2",
  "programEncounterTypeUUID" : "18c33028-3da6-40cc-b623-918751d1655c",
  "allow" : true,
  "privilegeType" : "ViewVisit",
  "notEveryoneGroup" : true,
  "voided" : false
}, {
  "uuid" : "53db8e0b-35cb-4911-b69c-12cb4a5adeee",
  "groupUUID" : "666a9d77-de06-43d7-825d-377965b041b8",
  "privilegeUUID" : "67410e50-8b40-4735-bfb4-135b13580027",
  "subjectTypeUUID" : "79a3e20c-ece3-4b77-b09c-4c672c175d7a",
  "allow" : true,
  "privilegeType" : "ViewSubject",
  "notEveryoneGroup" : true,
  "voided" : false
}, {
  "uuid" : "dbd73dfe-9a98-4b60-8096-ffa8c8bb3ed9",
  "groupUUID" : "0291c4b4-441a-43bd-a115-783103b6bcf8",
  "privilegeUUID" : "db791f27-0c04-4060-8938-6f18fb4069ee",
  "subjectTypeUUID" : "79a3e20c-ece3-4b77-b09c-4c672c175d7a",
  "allow" : true,
  "privilegeType" : "EditSubject",
  "notEveryoneGroup" : true,
  "voided" : false
}, {
  "uuid" : "32de64d2-8d9c-4d71-a869-2cac65180456",
  "groupUUID" : "0291c4b4-441a-43bd-a115-783103b6bcf8",
  "privilegeUUID" : "867d5de9-0bf3-434c-9cb1-bd09a05250af",
  "subjectTypeUUID" : "9f194eba-dde4-46b0-a3f4-583272fb5866",
  "encounterTypeUUID" : "bad32cff-a28b-4821-8d7d-9bbabff845a2",
  "allow" : true,
  "privilegeType" : "ScheduleVisit",
  "notEveryoneGroup" : true,
  "voided" : false
}, {
  "uuid" : "989445f4-0880-47f5-99e1-a7a020e90d78",
  "groupUUID" : "0291c4b4-441a-43bd-a115-783103b6bcf8",
  "privilegeUUID" : "e3352a23-f478-4166-af11-e949cc69e1cc",
  "subjectTypeUUID" : "9f194eba-dde4-46b0-a3f4-583272fb5866",
  "encounterTypeUUID" : "bad32cff-a28b-4821-8d7d-9bbabff845a2",
  "allow" : true,
  "privilegeType" : "PerformVisit",
  "notEveryoneGroup" : true,
  "voided" : false
}, {
  "uuid" : "b40731cb-0acc-4107-b753-36a6a22dd43f",
  "groupUUID" : "0291c4b4-441a-43bd-a115-783103b6bcf8",
  "privilegeUUID" : "85ce5ed4-1490-4980-8c64-63fb423b5f14",
  "subjectTypeUUID" : "9f194eba-dde4-46b0-a3f4-583272fb5866",
  "encounterTypeUUID" : "bad32cff-a28b-4821-8d7d-9bbabff845a2",
  "allow" : true,
  "privilegeType" : "EditVisit",
  "notEveryoneGroup" : true,
  "voided" : false
}, {
  "uuid" : "60be1e7a-cec2-41dd-9c6e-7843509881fc",
  "groupUUID" : "0291c4b4-441a-43bd-a115-783103b6bcf8",
  "privilegeUUID" : "db791f27-0c04-4060-8938-6f18fb4069ee",
  "subjectTypeUUID" : "9f194eba-dde4-46b0-a3f4-583272fb5866",
  "allow" : true,
  "privilegeType" : "EditSubject",
  "notEveryoneGroup" : true,
  "voided" : false
}, {
  "uuid" : "3227b8a4-76a0-43bb-a361-5c45b96c889d",
  "groupUUID" : "fc995a13-da04-4ba2-afa3-c7f2cb034ed8",
  "privilegeUUID" : "9f2a3495-93b7-47c3-8560-d572b6a9fc61",
  "subjectTypeUUID" : "9f194eba-dde4-46b0-a3f4-583272fb5866",
  "encounterTypeUUID" : "bad32cff-a28b-4821-8d7d-9bbabff845a2",
  "allow" : true,
  "privilegeType" : "ViewVisit",
  "notEveryoneGroup" : true,
  "voided" : false
}, {
  "uuid" : "0ec7eebc-04cf-4b9f-bcd2-2399349de382",
  "groupUUID" : "fc995a13-da04-4ba2-afa3-c7f2cb034ed8",
  "privilegeUUID" : "583188ff-cd10-4615-9e22-000ce0bc6d80",
  "subjectTypeUUID" : "9f194eba-dde4-46b0-a3f4-583272fb5866",
  "programUUID" : "d6bc3c7b-134d-426a-9e18-eecbdc732cb2",
  "allow" : true,
  "privilegeType" : "ViewEnrolmentDetails",
  "notEveryoneGroup" : true,
  "voided" : false
}, {
  "uuid" : "ca61e862-ed06-4af9-8d4e-a7a5405f6a2e",
  "groupUUID" : "fc995a13-da04-4ba2-afa3-c7f2cb034ed8",
  "privilegeUUID" : "583188ff-cd10-4615-9e22-000ce0bc6d80",
  "subjectTypeUUID" : "9f194eba-dde4-46b0-a3f4-583272fb5866",
  "programUUID" : "e6d112a2-e71c-4e49-b61f-9d7a75a1a669",
  "allow" : true,
  "privilegeType" : "ViewEnrolmentDetails",
  "notEveryoneGroup" : true,
  "voided" : false
}, {
  "uuid" : "1f1904ac-8409-4f97-961c-cef496c18c20",
  "groupUUID" : "0291c4b4-441a-43bd-a115-783103b6bcf8",
  "privilegeUUID" : "cac5adae-8d99-4cef-a00b-af7d66e31a09",
  "subjectTypeUUID" : "79a3e20c-ece3-4b77-b09c-4c672c175d7a",
  "allow" : true,
  "privilegeType" : "AssignSubject",
  "notEveryoneGroup" : true,
  "voided" : false
}, {
  "uuid" : "478e7f94-9972-4efa-aad3-589f6834e4cf",
  "groupUUID" : "0291c4b4-441a-43bd-a115-783103b6bcf8",
  "privilegeUUID" : "f2915fc4-d2cb-492a-b9bc-88a7bae11b75",
  "subjectTypeUUID" : "79a3e20c-ece3-4b77-b09c-4c672c175d7a",
  "allow" : true,
  "privilegeType" : "RemoveMember",
  "notEveryoneGroup" : true,
  "voided" : false
}, {
  "uuid" : "5fd72357-a931-4f6e-92a8-3323af1b65bd",
  "groupUUID" : "0291c4b4-441a-43bd-a115-783103b6bcf8",
  "privilegeUUID" : "cac5adae-8d99-4cef-a00b-af7d66e31a09",
  "subjectTypeUUID" : "9f194eba-dde4-46b0-a3f4-583272fb5866",
  "allow" : true,
  "privilegeType" : "AssignSubject",
  "notEveryoneGroup" : true,
  "voided" : false
}, {
  "uuid" : "ecdae0a6-ea74-4b07-a0f5-8fd3a8e50c9c",
  "groupUUID" : "d21cf16e-03e9-44a7-925e-ea9c53337b5d",
  "privilegeUUID" : "088a30ca-9ce2-4ab3-a517-e249cc43a4bf",
  "subjectTypeUUID" : "79a3e20c-ece3-4b77-b09c-4c672c175d7a",
  "allow" : true,
  "privilegeType" : "VoidSubject",
  "notEveryoneGroup" : true,
  "voided" : false
}, {
  "uuid" : "090a1011-9e87-4209-bbcb-a2bd268a23ad",
  "groupUUID" : "d21cf16e-03e9-44a7-925e-ea9c53337b5d",
  "privilegeUUID" : "0843ee63-721c-49c5-8374-818b512caf82",
  "subjectTypeUUID" : "79a3e20c-ece3-4b77-b09c-4c672c175d7a",
  "allow" : true,
  "privilegeType" : "AddMember",
  "notEveryoneGroup" : true,
  "voided" : false
}, {
  "uuid" : "b0db1f33-fd0f-4fb5-8063-d3c4b6a1738f",
  "groupUUID" : "d21cf16e-03e9-44a7-925e-ea9c53337b5d",
  "privilegeUUID" : "d9d7ae77-a67e-4644-8976-5b3551106a53",
  "subjectTypeUUID" : "79a3e20c-ece3-4b77-b09c-4c672c175d7a",
  "allow" : true,
  "privilegeType" : "EditMember",
  "notEveryoneGroup" : true,
  "voided" : false
}, {
  "uuid" : "2501136f-bfa3-4f25-9844-9ac936dfa3ed",
  "groupUUID" : "d21cf16e-03e9-44a7-925e-ea9c53337b5d",
  "privilegeUUID" : "9f2a3495-93b7-47c3-8560-d572b6a9fc61",
  "subjectTypeUUID" : "9f194eba-dde4-46b0-a3f4-583272fb5866",
  "encounterTypeUUID" : "bad32cff-a28b-4821-8d7d-9bbabff845a2",
  "allow" : true,
  "privilegeType" : "ViewVisit",
  "notEveryoneGroup" : true,
  "voided" : false
}, {
  "uuid" : "d629dfd6-f087-4f03-932d-13b2ab441e4e",
  "groupUUID" : "fc995a13-da04-4ba2-afa3-c7f2cb034ed8",
  "privilegeUUID" : "9f2a3495-93b7-47c3-8560-d572b6a9fc61",
  "subjectTypeUUID" : "9f194eba-dde4-46b0-a3f4-583272fb5866",
  "programUUID" : "e6d112a2-e71c-4e49-b61f-9d7a75a1a669",
  "programEncounterTypeUUID" : "fc7b9700-e939-46e0-b5fa-60c32560cb0d",
  "allow" : true,
  "privilegeType" : "ViewVisit",
  "notEveryoneGroup" : true,
  "voided" : false
}, {
  "uuid" : "12c32b32-c58c-4abe-b2fe-daa7eae00708",
  "groupUUID" : "666a9d77-de06-43d7-825d-377965b041b8",
  "privilegeUUID" : "67410e50-8b40-4735-bfb4-135b13580027",
  "subjectTypeUUID" : "9f194eba-dde4-46b0-a3f4-583272fb5866",
  "allow" : true,
  "privilegeType" : "ViewSubject",
  "notEveryoneGroup" : true,
  "voided" : false
}, {
  "uuid" : "e21ab6ab-e09b-4300-bc57-de3ffd368369",
  "groupUUID" : "666a9d77-de06-43d7-825d-377965b041b8",
  "privilegeUUID" : "9f2a3495-93b7-47c3-8560-d572b6a9fc61",
  "subjectTypeUUID" : "9f194eba-dde4-46b0-a3f4-583272fb5866",
  "encounterTypeUUID" : "bad32cff-a28b-4821-8d7d-9bbabff845a2",
  "allow" : true,
  "privilegeType" : "ViewVisit",
  "notEveryoneGroup" : true,
  "voided" : false
}, {
  "uuid" : "5847fdb6-6637-49db-b7ff-10eda0adc9c5",
  "groupUUID" : "666a9d77-de06-43d7-825d-377965b041b8",
  "privilegeUUID" : "9f2a3495-93b7-47c3-8560-d572b6a9fc61",
  "subjectTypeUUID" : "9f194eba-dde4-46b0-a3f4-583272fb5866",
  "encounterTypeUUID" : "cf3dcb82-c88b-422f-9485-be7f02ad0c1b",
  "allow" : true,
  "privilegeType" : "ViewVisit",
  "notEveryoneGroup" : true,
  "voided" : false
}, {
  "uuid" : "d122192c-d3ec-4586-91d9-5972dcb88e58",
  "groupUUID" : "666a9d77-de06-43d7-825d-377965b041b8",
  "privilegeUUID" : "9f2a3495-93b7-47c3-8560-d572b6a9fc61",
  "subjectTypeUUID" : "9f194eba-dde4-46b0-a3f4-583272fb5866",
  "programUUID" : "e6d112a2-e71c-4e49-b61f-9d7a75a1a669",
  "programEncounterTypeUUID" : "fc7b9700-e939-46e0-b5fa-60c32560cb0d",
  "allow" : true,
  "privilegeType" : "ViewVisit",
  "notEveryoneGroup" : true,
  "voided" : false
}, {
  "uuid" : "74b83d92-2090-4471-a56b-0095ff451368",
  "groupUUID" : "0291c4b4-441a-43bd-a115-783103b6bcf8",
  "privilegeUUID" : "67410e50-8b40-4735-bfb4-135b13580027",
  "subjectTypeUUID" : "9f194eba-dde4-46b0-a3f4-583272fb5866",
  "allow" : true,
  "privilegeType" : "ViewSubject",
  "notEveryoneGroup" : true,
  "voided" : false
}, {
  "uuid" : "f2746757-3fa4-45ba-8a94-6d6ce81db734",
  "groupUUID" : "0291c4b4-441a-43bd-a115-783103b6bcf8",
  "privilegeUUID" : "46c3aa38-1ef5-4639-a406-d0b4f9bcb420",
  "subjectTypeUUID" : "9f194eba-dde4-46b0-a3f4-583272fb5866",
  "allow" : true,
  "privilegeType" : "RegisterSubject",
  "notEveryoneGroup" : true,
  "voided" : false
}, {
  "uuid" : "1127d679-3f0b-4513-b731-9c6f51adb9d4",
  "groupUUID" : "0291c4b4-441a-43bd-a115-783103b6bcf8",
  "privilegeUUID" : "088a30ca-9ce2-4ab3-a517-e249cc43a4bf",
  "subjectTypeUUID" : "9f194eba-dde4-46b0-a3f4-583272fb5866",
  "allow" : true,
  "privilegeType" : "VoidSubject",
  "notEveryoneGroup" : true,
  "voided" : false
}, {
  "uuid" : "a8a1f025-d743-441d-af6d-665bfae0598f",
  "groupUUID" : "0291c4b4-441a-43bd-a115-783103b6bcf8",
  "privilegeUUID" : "9f2a3495-93b7-47c3-8560-d572b6a9fc61",
  "subjectTypeUUID" : "9f194eba-dde4-46b0-a3f4-583272fb5866",
  "encounterTypeUUID" : "bad32cff-a28b-4821-8d7d-9bbabff845a2",
  "allow" : true,
  "privilegeType" : "ViewVisit",
  "notEveryoneGroup" : true,
  "voided" : false
}, {
  "uuid" : "5e157c15-730b-43ed-9cef-8f3230f502f4",
  "groupUUID" : "0291c4b4-441a-43bd-a115-783103b6bcf8",
  "privilegeUUID" : "85ce5ed4-1490-4980-8c64-63fb423b5f14",
  "subjectTypeUUID" : "9f194eba-dde4-46b0-a3f4-583272fb5866",
  "programUUID" : "d6bc3c7b-134d-426a-9e18-eecbdc732cb2",
  "programEncounterTypeUUID" : "18c33028-3da6-40cc-b623-918751d1655c",
  "allow" : true,
  "privilegeType" : "EditVisit",
  "notEveryoneGroup" : true,
  "voided" : false
}, {
  "uuid" : "d7f190e7-21ee-498b-9ec2-c1c3cc5e6b2d",
  "groupUUID" : "0291c4b4-441a-43bd-a115-783103b6bcf8",
  "privilegeUUID" : "867d5de9-0bf3-434c-9cb1-bd09a05250af",
  "subjectTypeUUID" : "9f194eba-dde4-46b0-a3f4-583272fb5866",
  "programUUID" : "e6d112a2-e71c-4e49-b61f-9d7a75a1a669",
  "programEncounterTypeUUID" : "fc7b9700-e939-46e0-b5fa-60c32560cb0d",
  "allow" : true,
  "privilegeType" : "ScheduleVisit",
  "notEveryoneGroup" : true,
  "voided" : false
}, {
  "uuid" : "cf0b6134-b542-4ab2-8917-95d495dee2da",
  "groupUUID" : "0291c4b4-441a-43bd-a115-783103b6bcf8",
  "privilegeUUID" : "305d8287-731b-4094-8139-71bc171b242e",
  "subjectTypeUUID" : "9f194eba-dde4-46b0-a3f4-583272fb5866",
  "programUUID" : "e6d112a2-e71c-4e49-b61f-9d7a75a1a669",
  "programEncounterTypeUUID" : "fc7b9700-e939-46e0-b5fa-60c32560cb0d",
  "allow" : true,
  "privilegeType" : "VoidVisit",
  "notEveryoneGroup" : true,
  "voided" : false
}, {
  "uuid" : "985c9201-ea13-4b16-9621-324e43b860e1",
  "groupUUID" : "d21cf16e-03e9-44a7-925e-ea9c53337b5d",
  "privilegeUUID" : "db791f27-0c04-4060-8938-6f18fb4069ee",
  "subjectTypeUUID" : "79a3e20c-ece3-4b77-b09c-4c672c175d7a",
  "allow" : true,
  "privilegeType" : "EditSubject",
  "notEveryoneGroup" : true,
  "voided" : false
}, {
  "uuid" : "700a42c6-cb50-425b-8c00-93610a659b43",
  "groupUUID" : "d21cf16e-03e9-44a7-925e-ea9c53337b5d",
  "privilegeUUID" : "46c3aa38-1ef5-4639-a406-d0b4f9bcb420",
  "subjectTypeUUID" : "9f194eba-dde4-46b0-a3f4-583272fb5866",
  "allow" : true,
  "privilegeType" : "RegisterSubject",
  "notEveryoneGroup" : true,
  "voided" : false
}, {
  "uuid" : "da79ed74-5705-481a-97d0-c96e2d86552a",
  "groupUUID" : "d21cf16e-03e9-44a7-925e-ea9c53337b5d",
  "privilegeUUID" : "db791f27-0c04-4060-8938-6f18fb4069ee",
  "subjectTypeUUID" : "9f194eba-dde4-46b0-a3f4-583272fb5866",
  "allow" : true,
  "privilegeType" : "EditSubject",
  "notEveryoneGroup" : true,
  "voided" : false
}, {
  "uuid" : "2610fa37-8480-42d0-bd59-fa6194f27845",
  "groupUUID" : "d21cf16e-03e9-44a7-925e-ea9c53337b5d",
  "privilegeUUID" : "088a30ca-9ce2-4ab3-a517-e249cc43a4bf",
  "subjectTypeUUID" : "9f194eba-dde4-46b0-a3f4-583272fb5866",
  "allow" : true,
  "privilegeType" : "VoidSubject",
  "notEveryoneGroup" : true,
  "voided" : false
}, {
  "uuid" : "19fc61c1-fc53-4950-b204-f4b8998f76b4",
  "groupUUID" : "d21cf16e-03e9-44a7-925e-ea9c53337b5d",
  "privilegeUUID" : "867d5de9-0bf3-434c-9cb1-bd09a05250af",
  "subjectTypeUUID" : "9f194eba-dde4-46b0-a3f4-583272fb5866",
  "encounterTypeUUID" : "bad32cff-a28b-4821-8d7d-9bbabff845a2",
  "allow" : true,
  "privilegeType" : "ScheduleVisit",
  "notEveryoneGroup" : true,
  "voided" : false
}, {
  "uuid" : "bb3da390-e215-424b-8003-1680b063a2b6",
  "groupUUID" : "d21cf16e-03e9-44a7-925e-ea9c53337b5d",
  "privilegeUUID" : "e3352a23-f478-4166-af11-e949cc69e1cc",
  "subjectTypeUUID" : "9f194eba-dde4-46b0-a3f4-583272fb5866",
  "encounterTypeUUID" : "bad32cff-a28b-4821-8d7d-9bbabff845a2",
  "allow" : true,
  "privilegeType" : "PerformVisit",
  "notEveryoneGroup" : true,
  "voided" : false
}, {
  "uuid" : "2c9142c9-2cab-4b2b-bd14-ed4e5f51edaf",
  "groupUUID" : "d21cf16e-03e9-44a7-925e-ea9c53337b5d",
  "privilegeUUID" : "85ce5ed4-1490-4980-8c64-63fb423b5f14",
  "subjectTypeUUID" : "9f194eba-dde4-46b0-a3f4-583272fb5866",
  "encounterTypeUUID" : "bad32cff-a28b-4821-8d7d-9bbabff845a2",
  "allow" : true,
  "privilegeType" : "EditVisit",
  "notEveryoneGroup" : true,
  "voided" : false
}, {
  "uuid" : "b960755d-b751-48d9-b977-e50782a91dd6",
  "groupUUID" : "d21cf16e-03e9-44a7-925e-ea9c53337b5d",
  "privilegeUUID" : "305d8287-731b-4094-8139-71bc171b242e",
  "subjectTypeUUID" : "9f194eba-dde4-46b0-a3f4-583272fb5866",
  "encounterTypeUUID" : "bad32cff-a28b-4821-8d7d-9bbabff845a2",
  "allow" : true,
  "privilegeType" : "VoidVisit",
  "notEveryoneGroup" : true,
  "voided" : false
}, {
  "uuid" : "4fe50ef4-64ef-4c23-9232-fe6cb309092b",
  "groupUUID" : "666a9d77-de06-43d7-825d-377965b041b8",
  "privilegeUUID" : "583188ff-cd10-4615-9e22-000ce0bc6d80",
  "subjectTypeUUID" : "9f194eba-dde4-46b0-a3f4-583272fb5866",
  "programUUID" : "d6bc3c7b-134d-426a-9e18-eecbdc732cb2",
  "allow" : true,
  "privilegeType" : "ViewEnrolmentDetails",
  "notEveryoneGroup" : true,
  "voided" : false
}, {
  "uuid" : "569bf5cd-f1f9-4b59-a56a-98b092f93dd7",
  "groupUUID" : "666a9d77-de06-43d7-825d-377965b041b8",
  "privilegeUUID" : "9f2a3495-93b7-47c3-8560-d572b6a9fc61",
  "subjectTypeUUID" : "9f194eba-dde4-46b0-a3f4-583272fb5866",
  "programUUID" : "d6bc3c7b-134d-426a-9e18-eecbdc732cb2",
  "programEncounterTypeUUID" : "18c33028-3da6-40cc-b623-918751d1655c",
  "allow" : true,
  "privilegeType" : "ViewVisit",
  "notEveryoneGroup" : true,
  "voided" : false
}, {
  "uuid" : "b24b3ba9-906e-45d1-ab8b-8f208f0eb829",
  "groupUUID" : "c8a2ba26-b962-42cb-ba89-af3511bb0e17",
  "privilegeUUID" : "67410e50-8b40-4735-bfb4-135b13580027",
  "subjectTypeUUID" : "9f194eba-dde4-46b0-a3f4-583272fb5866",
  "allow" : true,
  "privilegeType" : "ViewSubject",
  "notEveryoneGroup" : true,
  "voided" : false
}, {
  "uuid" : "5d7375b9-cc81-41e7-9262-4f116119c896",
  "groupUUID" : "c8a2ba26-b962-42cb-ba89-af3511bb0e17",
  "privilegeUUID" : "9f2a3495-93b7-47c3-8560-d572b6a9fc61",
  "subjectTypeUUID" : "9f194eba-dde4-46b0-a3f4-583272fb5866",
  "encounterTypeUUID" : "cf3dcb82-c88b-422f-9485-be7f02ad0c1b",
  "allow" : true,
  "privilegeType" : "ViewVisit",
  "notEveryoneGroup" : true,
  "voided" : false
}, {
  "uuid" : "24a94ea7-be22-4dfd-ba71-0bf98c61f52d",
  "groupUUID" : "c8a2ba26-b962-42cb-ba89-af3511bb0e17",
  "privilegeUUID" : "9f2a3495-93b7-47c3-8560-d572b6a9fc61",
  "subjectTypeUUID" : "9f194eba-dde4-46b0-a3f4-583272fb5866",
  "programUUID" : "e6d112a2-e71c-4e49-b61f-9d7a75a1a669",
  "programEncounterTypeUUID" : "fc7b9700-e939-46e0-b5fa-60c32560cb0d",
  "allow" : true,
  "privilegeType" : "ViewVisit",
  "notEveryoneGroup" : true,
  "voided" : false
}, {
  "uuid" : "53b5026b-ca4f-430b-a91a-4476db1bf5a7",
  "groupUUID" : "0291c4b4-441a-43bd-a115-783103b6bcf8",
  "privilegeUUID" : "088a30ca-9ce2-4ab3-a517-e249cc43a4bf",
  "subjectTypeUUID" : "79a3e20c-ece3-4b77-b09c-4c672c175d7a",
  "allow" : true,
  "privilegeType" : "VoidSubject",
  "notEveryoneGroup" : true,
  "voided" : false
}, {
  "uuid" : "609c2b41-bff7-4e8e-8577-efec900e4c96",
  "groupUUID" : "0291c4b4-441a-43bd-a115-783103b6bcf8",
  "privilegeUUID" : "a1dcc42f-eed4-4baf-807a-4f6e238f1cba",
  "subjectTypeUUID" : "9f194eba-dde4-46b0-a3f4-583272fb5866",
  "programUUID" : "d6bc3c7b-134d-426a-9e18-eecbdc732cb2",
  "allow" : true,
  "privilegeType" : "EditEnrolmentDetails",
  "notEveryoneGroup" : true,
  "voided" : false
}, {
  "uuid" : "7c90ac9f-41df-451b-8366-c8b62595341a",
  "groupUUID" : "0291c4b4-441a-43bd-a115-783103b6bcf8",
  "privilegeUUID" : "85ce5ed4-1490-4980-8c64-63fb423b5f14",
  "subjectTypeUUID" : "9f194eba-dde4-46b0-a3f4-583272fb5866",
  "encounterTypeUUID" : "cf3dcb82-c88b-422f-9485-be7f02ad0c1b",
  "allow" : true,
  "privilegeType" : "EditVisit",
  "notEveryoneGroup" : true,
  "voided" : false
}, {
  "uuid" : "dccee2ba-9723-4775-9fde-9f0aa9a950b7",
  "groupUUID" : "0291c4b4-441a-43bd-a115-783103b6bcf8",
  "privilegeUUID" : "867d5de9-0bf3-434c-9cb1-bd09a05250af",
  "subjectTypeUUID" : "9f194eba-dde4-46b0-a3f4-583272fb5866",
  "programUUID" : "d6bc3c7b-134d-426a-9e18-eecbdc732cb2",
  "programEncounterTypeUUID" : "18c33028-3da6-40cc-b623-918751d1655c",
  "allow" : true,
  "privilegeType" : "ScheduleVisit",
  "notEveryoneGroup" : true,
  "voided" : false
}, {
  "uuid" : "9aded8f7-ec90-4048-8ad8-f22a0f384337",
  "groupUUID" : "0291c4b4-441a-43bd-a115-783103b6bcf8",
  "privilegeUUID" : "9f2a3495-93b7-47c3-8560-d572b6a9fc61",
  "subjectTypeUUID" : "9f194eba-dde4-46b0-a3f4-583272fb5866",
  "programUUID" : "e6d112a2-e71c-4e49-b61f-9d7a75a1a669",
  "programEncounterTypeUUID" : "fc7b9700-e939-46e0-b5fa-60c32560cb0d",
  "allow" : true,
  "privilegeType" : "ViewVisit",
  "notEveryoneGroup" : true,
  "voided" : false
}, {
  "uuid" : "789e6eeb-cef9-4340-9029-b5fef9654067",
  "groupUUID" : "d21cf16e-03e9-44a7-925e-ea9c53337b5d",
  "privilegeUUID" : "67410e50-8b40-4735-bfb4-135b13580027",
  "subjectTypeUUID" : "79a3e20c-ece3-4b77-b09c-4c672c175d7a",
  "allow" : true,
  "privilegeType" : "ViewSubject",
  "notEveryoneGroup" : true,
  "voided" : false
}, {
  "uuid" : "9eb96c2f-7b3a-42fa-8700-26f86928345e",
  "groupUUID" : "d21cf16e-03e9-44a7-925e-ea9c53337b5d",
  "privilegeUUID" : "46c3aa38-1ef5-4639-a406-d0b4f9bcb420",
  "subjectTypeUUID" : "79a3e20c-ece3-4b77-b09c-4c672c175d7a",
  "allow" : true,
  "privilegeType" : "RegisterSubject",
  "notEveryoneGroup" : true,
  "voided" : false
}, {
  "uuid" : "c5f76b64-d67d-4e9e-b798-0dba4722d397",
  "groupUUID" : "d21cf16e-03e9-44a7-925e-ea9c53337b5d",
  "privilegeUUID" : "f2915fc4-d2cb-492a-b9bc-88a7bae11b75",
  "subjectTypeUUID" : "79a3e20c-ece3-4b77-b09c-4c672c175d7a",
  "allow" : true,
  "privilegeType" : "RemoveMember",
  "notEveryoneGroup" : true,
  "voided" : false
}, {
  "uuid" : "2e7a3f98-c09c-4728-8c9a-1ac1e7404df6",
  "groupUUID" : "d21cf16e-03e9-44a7-925e-ea9c53337b5d",
  "privilegeUUID" : "67410e50-8b40-4735-bfb4-135b13580027",
  "subjectTypeUUID" : "9f194eba-dde4-46b0-a3f4-583272fb5866",
  "allow" : true,
  "privilegeType" : "ViewSubject",
  "notEveryoneGroup" : true,
  "voided" : false
}, {
  "uuid" : "10a39bd2-98bc-438b-a3f9-4045a99130bf",
  "groupUUID" : "d21cf16e-03e9-44a7-925e-ea9c53337b5d",
  "privilegeUUID" : "cac5adae-8d99-4cef-a00b-af7d66e31a09",
  "subjectTypeUUID" : "79a3e20c-ece3-4b77-b09c-4c672c175d7a",
  "allow" : false,
  "privilegeType" : "AssignSubject",
  "notEveryoneGroup" : true,
  "voided" : false
}, {
  "uuid" : "64824b84-0d2e-42fb-ae9c-8084286b43ff",
  "groupUUID" : "d21cf16e-03e9-44a7-925e-ea9c53337b5d",
  "privilegeUUID" : "cac5adae-8d99-4cef-a00b-af7d66e31a09",
  "subjectTypeUUID" : "9f194eba-dde4-46b0-a3f4-583272fb5866",
  "allow" : false,
  "privilegeType" : "AssignSubject",
  "notEveryoneGroup" : true,
  "voided" : false
}, {
  "uuid" : "6c971afa-a08c-4381-ba23-53ea7f20dede",
  "groupUUID" : "666a9d77-de06-43d7-825d-377965b041b8",
  "privilegeUUID" : "583188ff-cd10-4615-9e22-000ce0bc6d80",
  "subjectTypeUUID" : "9f194eba-dde4-46b0-a3f4-583272fb5866",
  "programUUID" : "e6d112a2-e71c-4e49-b61f-9d7a75a1a669",
  "allow" : true,
  "privilegeType" : "ViewEnrolmentDetails",
  "notEveryoneGroup" : true,
  "voided" : false
}, {
  "uuid" : "e445dfb2-65f0-4f5a-9575-6f18d08e3762",
  "groupUUID" : "c8a2ba26-b962-42cb-ba89-af3511bb0e17",
  "privilegeUUID" : "67410e50-8b40-4735-bfb4-135b13580027",
  "subjectTypeUUID" : "79a3e20c-ece3-4b77-b09c-4c672c175d7a",
  "allow" : true,
  "privilegeType" : "ViewSubject",
  "notEveryoneGroup" : true,
  "voided" : false
}, {
  "uuid" : "947bdad6-3866-4723-8d6a-58ad894b4ca4",
  "groupUUID" : "c8a2ba26-b962-42cb-ba89-af3511bb0e17",
  "privilegeUUID" : "9f2a3495-93b7-47c3-8560-d572b6a9fc61",
  "subjectTypeUUID" : "9f194eba-dde4-46b0-a3f4-583272fb5866",
  "encounterTypeUUID" : "bad32cff-a28b-4821-8d7d-9bbabff845a2",
  "allow" : true,
  "privilegeType" : "ViewVisit",
  "notEveryoneGroup" : true,
  "voided" : false
}, {
  "uuid" : "cd8987d4-c206-4b00-96cb-e2a4033596f1",
  "groupUUID" : "c8a2ba26-b962-42cb-ba89-af3511bb0e17",
  "privilegeUUID" : "583188ff-cd10-4615-9e22-000ce0bc6d80",
  "subjectTypeUUID" : "9f194eba-dde4-46b0-a3f4-583272fb5866",
  "programUUID" : "d6bc3c7b-134d-426a-9e18-eecbdc732cb2",
  "allow" : true,
  "privilegeType" : "ViewEnrolmentDetails",
  "notEveryoneGroup" : true,
  "voided" : false
}, {
  "uuid" : "a8bb5c58-a31f-432c-8f8a-8035478e51d1",
  "groupUUID" : "c8a2ba26-b962-42cb-ba89-af3511bb0e17",
  "privilegeUUID" : "583188ff-cd10-4615-9e22-000ce0bc6d80",
  "subjectTypeUUID" : "9f194eba-dde4-46b0-a3f4-583272fb5866",
  "programUUID" : "e6d112a2-e71c-4e49-b61f-9d7a75a1a669",
  "allow" : true,
  "privilegeType" : "ViewEnrolmentDetails",
  "notEveryoneGroup" : true,
  "voided" : false
}, {
  "uuid" : "e3400ee9-b1dc-44e8-882a-1ac437c8157d",
  "groupUUID" : "c8a2ba26-b962-42cb-ba89-af3511bb0e17",
  "privilegeUUID" : "9f2a3495-93b7-47c3-8560-d572b6a9fc61",
  "subjectTypeUUID" : "9f194eba-dde4-46b0-a3f4-583272fb5866",
  "programUUID" : "d6bc3c7b-134d-426a-9e18-eecbdc732cb2",
  "programEncounterTypeUUID" : "18c33028-3da6-40cc-b623-918751d1655c",
  "allow" : true,
  "privilegeType" : "ViewVisit",
  "notEveryoneGroup" : true,
  "voided" : false
}, {
  "uuid" : "c038e07b-8368-4179-bfc4-ceedbe34b0f0",
  "groupUUID" : "0291c4b4-441a-43bd-a115-783103b6bcf8",
  "privilegeUUID" : "67410e50-8b40-4735-bfb4-135b13580027",
  "subjectTypeUUID" : "79a3e20c-ece3-4b77-b09c-4c672c175d7a",
  "allow" : true,
  "privilegeType" : "ViewSubject",
  "notEveryoneGroup" : true,
  "voided" : false
}, {
  "uuid" : "54b01dba-5925-40d1-a0b3-f964a2fe9997",
  "groupUUID" : "0291c4b4-441a-43bd-a115-783103b6bcf8",
  "privilegeUUID" : "46c3aa38-1ef5-4639-a406-d0b4f9bcb420",
  "subjectTypeUUID" : "79a3e20c-ece3-4b77-b09c-4c672c175d7a",
  "allow" : true,
  "privilegeType" : "RegisterSubject",
  "notEveryoneGroup" : true,
  "voided" : false
}, {
  "uuid" : "0272af6b-c895-42fd-9241-7fdc26ac906b",
  "groupUUID" : "0291c4b4-441a-43bd-a115-783103b6bcf8",
  "privilegeUUID" : "0843ee63-721c-49c5-8374-818b512caf82",
  "subjectTypeUUID" : "79a3e20c-ece3-4b77-b09c-4c672c175d7a",
  "allow" : true,
  "privilegeType" : "AddMember",
  "notEveryoneGroup" : true,
  "voided" : false
}, {
  "uuid" : "b759b184-b797-4079-b612-efcfc45e9584",
  "groupUUID" : "0291c4b4-441a-43bd-a115-783103b6bcf8",
  "privilegeUUID" : "d9d7ae77-a67e-4644-8976-5b3551106a53",
  "subjectTypeUUID" : "79a3e20c-ece3-4b77-b09c-4c672c175d7a",
  "allow" : true,
  "privilegeType" : "EditMember",
  "notEveryoneGroup" : true,
  "voided" : false
}, {
  "uuid" : "85015690-dc3b-47c8-84a0-de1abbe32df8",
  "groupUUID" : "0291c4b4-441a-43bd-a115-783103b6bcf8",
  "privilegeUUID" : "bd419d1e-cfc6-4607-8cad-38871721115d",
  "subjectTypeUUID" : "9f194eba-dde4-46b0-a3f4-583272fb5866",
  "programUUID" : "d6bc3c7b-134d-426a-9e18-eecbdc732cb2",
  "allow" : true,
  "privilegeType" : "ExitEnrolment",
  "notEveryoneGroup" : true,
  "voided" : false
}, {
  "uuid" : "f0838091-9b0a-4481-a90c-aa2f12644330",
  "groupUUID" : "0291c4b4-441a-43bd-a115-783103b6bcf8",
  "privilegeUUID" : "9f2a3495-93b7-47c3-8560-d572b6a9fc61",
  "subjectTypeUUID" : "9f194eba-dde4-46b0-a3f4-583272fb5866",
  "encounterTypeUUID" : "cf3dcb82-c88b-422f-9485-be7f02ad0c1b",
  "allow" : true,
  "privilegeType" : "ViewVisit",
  "notEveryoneGroup" : true,
  "voided" : false
}, {
  "uuid" : "f9a9e58f-114c-40ec-bd48-9289ff33b92a",
  "groupUUID" : "0291c4b4-441a-43bd-a115-783103b6bcf8",
  "privilegeUUID" : "867d5de9-0bf3-434c-9cb1-bd09a05250af",
  "subjectTypeUUID" : "9f194eba-dde4-46b0-a3f4-583272fb5866",
  "encounterTypeUUID" : "cf3dcb82-c88b-422f-9485-be7f02ad0c1b",
  "allow" : true,
  "privilegeType" : "ScheduleVisit",
  "notEveryoneGroup" : true,
  "voided" : false
}, {
  "uuid" : "1db66099-d15d-4bdb-b92d-6f04df209fed",
  "groupUUID" : "0291c4b4-441a-43bd-a115-783103b6bcf8",
  "privilegeUUID" : "305d8287-731b-4094-8139-71bc171b242e",
  "subjectTypeUUID" : "9f194eba-dde4-46b0-a3f4-583272fb5866",
  "encounterTypeUUID" : "cf3dcb82-c88b-422f-9485-be7f02ad0c1b",
  "allow" : true,
  "privilegeType" : "VoidVisit",
  "notEveryoneGroup" : true,
  "voided" : false
}, {
  "uuid" : "05b37396-2272-48fb-b80f-b2ea1b8d38e1",
  "groupUUID" : "0291c4b4-441a-43bd-a115-783103b6bcf8",
  "privilegeUUID" : "020c5e18-01f0-469a-8a4a-e27cbc2a2292",
  "subjectTypeUUID" : "9f194eba-dde4-46b0-a3f4-583272fb5866",
  "programUUID" : "e6d112a2-e71c-4e49-b61f-9d7a75a1a669",
  "allow" : true,
  "privilegeType" : "EnrolSubject",
  "notEveryoneGroup" : true,
  "voided" : false
}, {
  "uuid" : "73a12088-4db2-4344-894e-8ec229543f65",
  "groupUUID" : "0291c4b4-441a-43bd-a115-783103b6bcf8",
  "privilegeUUID" : "583188ff-cd10-4615-9e22-000ce0bc6d80",
  "subjectTypeUUID" : "9f194eba-dde4-46b0-a3f4-583272fb5866",
  "programUUID" : "e6d112a2-e71c-4e49-b61f-9d7a75a1a669",
  "allow" : true,
  "privilegeType" : "ViewEnrolmentDetails",
  "notEveryoneGroup" : true,
  "voided" : false
}, {
  "uuid" : "1dccc3bd-c095-4d3b-a62d-9cf2621cf917",
  "groupUUID" : "0291c4b4-441a-43bd-a115-783103b6bcf8",
  "privilegeUUID" : "e3352a23-f478-4166-af11-e949cc69e1cc",
  "subjectTypeUUID" : "9f194eba-dde4-46b0-a3f4-583272fb5866",
  "programUUID" : "d6bc3c7b-134d-426a-9e18-eecbdc732cb2",
  "programEncounterTypeUUID" : "18c33028-3da6-40cc-b623-918751d1655c",
  "allow" : true,
  "privilegeType" : "PerformVisit",
  "notEveryoneGroup" : true,
  "voided" : false
}, {
  "uuid" : "9d890a0c-bb57-4f01-b717-ccef6d730b13",
  "groupUUID" : "0291c4b4-441a-43bd-a115-783103b6bcf8",
  "privilegeUUID" : "305d8287-731b-4094-8139-71bc171b242e",
  "subjectTypeUUID" : "9f194eba-dde4-46b0-a3f4-583272fb5866",
  "programUUID" : "d6bc3c7b-134d-426a-9e18-eecbdc732cb2",
  "programEncounterTypeUUID" : "18c33028-3da6-40cc-b623-918751d1655c",
  "allow" : true,
  "privilegeType" : "VoidVisit",
  "notEveryoneGroup" : true,
  "voided" : false
}, {
  "uuid" : "42607a04-d3ff-4a37-a20b-7798d57c8ddb",
  "groupUUID" : "0291c4b4-441a-43bd-a115-783103b6bcf8",
  "privilegeUUID" : "51fa8342-3228-4945-88eb-4b41970fa425",
  "subjectTypeUUID" : "9f194eba-dde4-46b0-a3f4-583272fb5866",
  "encounterTypeUUID" : "bad32cff-a28b-4821-8d7d-9bbabff845a2",
  "allow" : false,
  "privilegeType" : "CancelVisit",
  "notEveryoneGroup" : true,
  "voided" : false
}, {
  "uuid" : "c71e432b-20c0-409e-8497-d3da1fc7d6d4",
  "groupUUID" : "0291c4b4-441a-43bd-a115-783103b6bcf8",
  "privilegeUUID" : "305d8287-731b-4094-8139-71bc171b242e",
  "subjectTypeUUID" : "9f194eba-dde4-46b0-a3f4-583272fb5866",
  "encounterTypeUUID" : "bad32cff-a28b-4821-8d7d-9bbabff845a2",
  "allow" : true,
  "privilegeType" : "VoidVisit",
  "notEveryoneGroup" : true,
  "voided" : false
}, {
  "uuid" : "d80c7ba6-1130-4593-a0d3-9cee38288a43",
  "groupUUID" : "0291c4b4-441a-43bd-a115-783103b6bcf8",
  "privilegeUUID" : "020c5e18-01f0-469a-8a4a-e27cbc2a2292",
  "subjectTypeUUID" : "9f194eba-dde4-46b0-a3f4-583272fb5866",
  "programUUID" : "d6bc3c7b-134d-426a-9e18-eecbdc732cb2",
  "allow" : false,
  "privilegeType" : "EnrolSubject",
  "notEveryoneGroup" : true,
  "voided" : false
}, {
  "uuid" : "3cf575d3-559f-408f-9f67-8fe169e5114f",
  "groupUUID" : "0291c4b4-441a-43bd-a115-783103b6bcf8",
  "privilegeUUID" : "583188ff-cd10-4615-9e22-000ce0bc6d80",
  "subjectTypeUUID" : "9f194eba-dde4-46b0-a3f4-583272fb5866",
  "programUUID" : "d6bc3c7b-134d-426a-9e18-eecbdc732cb2",
  "allow" : true,
  "privilegeType" : "ViewEnrolmentDetails",
  "notEveryoneGroup" : true,
  "voided" : false
}, {
  "uuid" : "abfbc699-b7ef-4766-8601-7dbc5a195ab1",
  "groupUUID" : "0291c4b4-441a-43bd-a115-783103b6bcf8",
  "privilegeUUID" : "e3352a23-f478-4166-af11-e949cc69e1cc",
  "subjectTypeUUID" : "9f194eba-dde4-46b0-a3f4-583272fb5866",
  "encounterTypeUUID" : "cf3dcb82-c88b-422f-9485-be7f02ad0c1b",
  "allow" : true,
  "privilegeType" : "PerformVisit",
  "notEveryoneGroup" : true,
  "voided" : false
}, {
  "uuid" : "326bf4ed-743b-47c5-bd54-69e2c33eb545",
  "groupUUID" : "0291c4b4-441a-43bd-a115-783103b6bcf8",
  "privilegeUUID" : "a1dcc42f-eed4-4baf-807a-4f6e238f1cba",
  "subjectTypeUUID" : "9f194eba-dde4-46b0-a3f4-583272fb5866",
  "programUUID" : "e6d112a2-e71c-4e49-b61f-9d7a75a1a669",
  "allow" : true,
  "privilegeType" : "EditEnrolmentDetails",
  "notEveryoneGroup" : true,
  "voided" : false
}, {
  "uuid" : "de64b94e-0b74-4fc4-8b22-26dbb94dd7c2",
  "groupUUID" : "0291c4b4-441a-43bd-a115-783103b6bcf8",
  "privilegeUUID" : "bd419d1e-cfc6-4607-8cad-38871721115d",
  "subjectTypeUUID" : "9f194eba-dde4-46b0-a3f4-583272fb5866",
  "programUUID" : "e6d112a2-e71c-4e49-b61f-9d7a75a1a669",
  "allow" : true,
  "privilegeType" : "ExitEnrolment",
  "notEveryoneGroup" : true,
  "voided" : false
}, {
  "uuid" : "b5cf116d-9ee0-46b5-8aa2-9ae37102b7a1",
  "groupUUID" : "0291c4b4-441a-43bd-a115-783103b6bcf8",
  "privilegeUUID" : "9f2a3495-93b7-47c3-8560-d572b6a9fc61",
  "subjectTypeUUID" : "9f194eba-dde4-46b0-a3f4-583272fb5866",
  "programUUID" : "d6bc3c7b-134d-426a-9e18-eecbdc732cb2",
  "programEncounterTypeUUID" : "18c33028-3da6-40cc-b623-918751d1655c",
  "allow" : true,
  "privilegeType" : "ViewVisit",
  "notEveryoneGroup" : true,
  "voided" : false
}, {
  "uuid" : "8098a67d-14ba-40b6-9750-d9877c2e62bc",
  "groupUUID" : "0291c4b4-441a-43bd-a115-783103b6bcf8",
  "privilegeUUID" : "e3352a23-f478-4166-af11-e949cc69e1cc",
  "subjectTypeUUID" : "9f194eba-dde4-46b0-a3f4-583272fb5866",
  "programUUID" : "e6d112a2-e71c-4e49-b61f-9d7a75a1a669",
  "programEncounterTypeUUID" : "fc7b9700-e939-46e0-b5fa-60c32560cb0d",
  "allow" : true,
  "privilegeType" : "PerformVisit",
  "notEveryoneGroup" : true,
  "voided" : false
}, {
  "uuid" : "9bee7b0d-bd5a-4bfd-9928-e813fd2fd5ac",
  "groupUUID" : "0291c4b4-441a-43bd-a115-783103b6bcf8",
  "privilegeUUID" : "85ce5ed4-1490-4980-8c64-63fb423b5f14",
  "subjectTypeUUID" : "9f194eba-dde4-46b0-a3f4-583272fb5866",
  "programUUID" : "e6d112a2-e71c-4e49-b61f-9d7a75a1a669",
  "programEncounterTypeUUID" : "fc7b9700-e939-46e0-b5fa-60c32560cb0d",
  "allow" : true,
  "privilegeType" : "EditVisit",
  "notEveryoneGroup" : true,
  "voided" : false
}, {
  "uuid" : "301307a5-14b4-45be-9b3f-2b6989499b38",
  "groupUUID" : "d21cf16e-03e9-44a7-925e-ea9c53337b5d",
  "privilegeUUID" : "583188ff-cd10-4615-9e22-000ce0bc6d80",
  "subjectTypeUUID" : "9f194eba-dde4-46b0-a3f4-583272fb5866",
  "programUUID" : "d6bc3c7b-134d-426a-9e18-eecbdc732cb2",
  "allow" : true,
  "privilegeType" : "ViewEnrolmentDetails",
  "notEveryoneGroup" : true,
  "voided" : false
}, {
  "uuid" : "0225d4ca-e3c3-4d42-8165-63ae3301ec4b",
  "groupUUID" : "d21cf16e-03e9-44a7-925e-ea9c53337b5d",
  "privilegeUUID" : "020c5e18-01f0-469a-8a4a-e27cbc2a2292",
  "subjectTypeUUID" : "9f194eba-dde4-46b0-a3f4-583272fb5866",
  "programUUID" : "d6bc3c7b-134d-426a-9e18-eecbdc732cb2",
  "allow" : true,
  "privilegeType" : "EnrolSubject",
  "notEveryoneGroup" : true,
  "voided" : false
}, {
  "uuid" : "b5644d3c-0682-4a4b-aa62-fa1d68f72e97",
  "groupUUID" : "d21cf16e-03e9-44a7-925e-ea9c53337b5d",
  "privilegeUUID" : "e3352a23-f478-4166-af11-e949cc69e1cc",
  "subjectTypeUUID" : "9f194eba-dde4-46b0-a3f4-583272fb5866",
  "encounterTypeUUID" : "cf3dcb82-c88b-422f-9485-be7f02ad0c1b",
  "allow" : true,
  "privilegeType" : "PerformVisit",
  "notEveryoneGroup" : true,
  "voided" : false
}, {
  "uuid" : "f2abf8ce-9aab-49b5-9ca8-98133c6a9ea1",
  "groupUUID" : "d21cf16e-03e9-44a7-925e-ea9c53337b5d",
  "privilegeUUID" : "305d8287-731b-4094-8139-71bc171b242e",
  "subjectTypeUUID" : "9f194eba-dde4-46b0-a3f4-583272fb5866",
  "encounterTypeUUID" : "cf3dcb82-c88b-422f-9485-be7f02ad0c1b",
  "allow" : true,
  "privilegeType" : "VoidVisit",
  "notEveryoneGroup" : true,
  "voided" : false
}, {
  "uuid" : "de6c1da2-6a47-41f7-8e6d-b484f5eed32f",
  "groupUUID" : "d21cf16e-03e9-44a7-925e-ea9c53337b5d",
  "privilegeUUID" : "020c5e18-01f0-469a-8a4a-e27cbc2a2292",
  "subjectTypeUUID" : "9f194eba-dde4-46b0-a3f4-583272fb5866",
  "programUUID" : "e6d112a2-e71c-4e49-b61f-9d7a75a1a669",
  "allow" : true,
  "privilegeType" : "EnrolSubject",
  "notEveryoneGroup" : true,
  "voided" : false
}, {
  "uuid" : "608545b1-8f3f-4c1d-ae32-e716a798b2d4",
  "groupUUID" : "d21cf16e-03e9-44a7-925e-ea9c53337b5d",
  "privilegeUUID" : "583188ff-cd10-4615-9e22-000ce0bc6d80",
  "subjectTypeUUID" : "9f194eba-dde4-46b0-a3f4-583272fb5866",
  "programUUID" : "e6d112a2-e71c-4e49-b61f-9d7a75a1a669",
  "allow" : true,
  "privilegeType" : "ViewEnrolmentDetails",
  "notEveryoneGroup" : true,
  "voided" : false
}, {
  "uuid" : "bdb60161-5f2b-4c29-9b10-33048ee240bd",
  "groupUUID" : "d21cf16e-03e9-44a7-925e-ea9c53337b5d",
  "privilegeUUID" : "a1dcc42f-eed4-4baf-807a-4f6e238f1cba",
  "subjectTypeUUID" : "9f194eba-dde4-46b0-a3f4-583272fb5866",
  "programUUID" : "e6d112a2-e71c-4e49-b61f-9d7a75a1a669",
  "allow" : true,
  "privilegeType" : "EditEnrolmentDetails",
  "notEveryoneGroup" : true,
  "voided" : false
}, {
  "uuid" : "a32475d6-e942-4adb-8c72-1c9f940816be",
  "groupUUID" : "d21cf16e-03e9-44a7-925e-ea9c53337b5d",
  "privilegeUUID" : "bd419d1e-cfc6-4607-8cad-38871721115d",
  "subjectTypeUUID" : "9f194eba-dde4-46b0-a3f4-583272fb5866",
  "programUUID" : "e6d112a2-e71c-4e49-b61f-9d7a75a1a669",
  "allow" : true,
  "privilegeType" : "ExitEnrolment",
  "notEveryoneGroup" : true,
  "voided" : false
}, {
  "uuid" : "2d53716b-1ac1-4693-88e8-2c45c5dd59df",
  "groupUUID" : "d21cf16e-03e9-44a7-925e-ea9c53337b5d",
  "privilegeUUID" : "867d5de9-0bf3-434c-9cb1-bd09a05250af",
  "subjectTypeUUID" : "9f194eba-dde4-46b0-a3f4-583272fb5866",
  "programUUID" : "d6bc3c7b-134d-426a-9e18-eecbdc732cb2",
  "programEncounterTypeUUID" : "18c33028-3da6-40cc-b623-918751d1655c",
  "allow" : true,
  "privilegeType" : "ScheduleVisit",
  "notEveryoneGroup" : true,
  "voided" : false
}, {
  "uuid" : "e89232e9-a30d-4f16-b584-3dff730f7baf",
  "groupUUID" : "d21cf16e-03e9-44a7-925e-ea9c53337b5d",
  "privilegeUUID" : "85ce5ed4-1490-4980-8c64-63fb423b5f14",
  "subjectTypeUUID" : "9f194eba-dde4-46b0-a3f4-583272fb5866",
  "programUUID" : "d6bc3c7b-134d-426a-9e18-eecbdc732cb2",
  "programEncounterTypeUUID" : "18c33028-3da6-40cc-b623-918751d1655c",
  "allow" : true,
  "privilegeType" : "EditVisit",
  "notEveryoneGroup" : true,
  "voided" : false
}, {
  "uuid" : "70b08b8e-0f52-4b0b-ba91-62543af94e6b",
  "groupUUID" : "d21cf16e-03e9-44a7-925e-ea9c53337b5d",
  "privilegeUUID" : "867d5de9-0bf3-434c-9cb1-bd09a05250af",
  "subjectTypeUUID" : "9f194eba-dde4-46b0-a3f4-583272fb5866",
  "programUUID" : "e6d112a2-e71c-4e49-b61f-9d7a75a1a669",
  "programEncounterTypeUUID" : "fc7b9700-e939-46e0-b5fa-60c32560cb0d",
  "allow" : true,
  "privilegeType" : "ScheduleVisit",
  "notEveryoneGroup" : true,
  "voided" : false
}, {
  "uuid" : "440014dd-95e1-452f-a9a0-55fd426dd2f5",
  "groupUUID" : "d21cf16e-03e9-44a7-925e-ea9c53337b5d",
  "privilegeUUID" : "305d8287-731b-4094-8139-71bc171b242e",
  "subjectTypeUUID" : "9f194eba-dde4-46b0-a3f4-583272fb5866",
  "programUUID" : "e6d112a2-e71c-4e49-b61f-9d7a75a1a669",
  "programEncounterTypeUUID" : "fc7b9700-e939-46e0-b5fa-60c32560cb0d",
  "allow" : true,
  "privilegeType" : "VoidVisit",
  "notEveryoneGroup" : true,
  "voided" : false
}, {
  "uuid" : "f6568d6c-3ae5-479a-82b0-23e0c53b5dab",
  "groupUUID" : "d21cf16e-03e9-44a7-925e-ea9c53337b5d",
  "privilegeUUID" : "a1dcc42f-eed4-4baf-807a-4f6e238f1cba",
  "subjectTypeUUID" : "9f194eba-dde4-46b0-a3f4-583272fb5866",
  "programUUID" : "d6bc3c7b-134d-426a-9e18-eecbdc732cb2",
  "allow" : true,
  "privilegeType" : "EditEnrolmentDetails",
  "notEveryoneGroup" : true,
  "voided" : false
}, {
  "uuid" : "5cf52501-07b1-40bb-ad9b-409407df7805",
  "groupUUID" : "d21cf16e-03e9-44a7-925e-ea9c53337b5d",
  "privilegeUUID" : "bd419d1e-cfc6-4607-8cad-38871721115d",
  "subjectTypeUUID" : "9f194eba-dde4-46b0-a3f4-583272fb5866",
  "programUUID" : "d6bc3c7b-134d-426a-9e18-eecbdc732cb2",
  "allow" : true,
  "privilegeType" : "ExitEnrolment",
  "notEveryoneGroup" : true,
  "voided" : false
}, {
  "uuid" : "56f0c83c-923f-425a-a597-f9d56eda3199",
  "groupUUID" : "d21cf16e-03e9-44a7-925e-ea9c53337b5d",
  "privilegeUUID" : "9f2a3495-93b7-47c3-8560-d572b6a9fc61",
  "subjectTypeUUID" : "9f194eba-dde4-46b0-a3f4-583272fb5866",
  "encounterTypeUUID" : "cf3dcb82-c88b-422f-9485-be7f02ad0c1b",
  "allow" : true,
  "privilegeType" : "ViewVisit",
  "notEveryoneGroup" : true,
  "voided" : false
}, {
  "uuid" : "685418a5-7377-4659-a5ea-75ae78738dec",
  "groupUUID" : "d21cf16e-03e9-44a7-925e-ea9c53337b5d",
  "privilegeUUID" : "867d5de9-0bf3-434c-9cb1-bd09a05250af",
  "subjectTypeUUID" : "9f194eba-dde4-46b0-a3f4-583272fb5866",
  "encounterTypeUUID" : "cf3dcb82-c88b-422f-9485-be7f02ad0c1b",
  "allow" : true,
  "privilegeType" : "ScheduleVisit",
  "notEveryoneGroup" : true,
  "voided" : false
}, {
  "uuid" : "76fb19e0-e9ec-4add-a9b7-7eb5e10fe29f",
  "groupUUID" : "d21cf16e-03e9-44a7-925e-ea9c53337b5d",
  "privilegeUUID" : "85ce5ed4-1490-4980-8c64-63fb423b5f14",
  "subjectTypeUUID" : "9f194eba-dde4-46b0-a3f4-583272fb5866",
  "encounterTypeUUID" : "cf3dcb82-c88b-422f-9485-be7f02ad0c1b",
  "allow" : true,
  "privilegeType" : "EditVisit",
  "notEveryoneGroup" : true,
  "voided" : false
}, {
  "uuid" : "966f29dc-6dc7-4d37-9e2b-240f5f9cdc2f",
  "groupUUID" : "d21cf16e-03e9-44a7-925e-ea9c53337b5d",
  "privilegeUUID" : "9f2a3495-93b7-47c3-8560-d572b6a9fc61",
  "subjectTypeUUID" : "9f194eba-dde4-46b0-a3f4-583272fb5866",
  "programUUID" : "d6bc3c7b-134d-426a-9e18-eecbdc732cb2",
  "programEncounterTypeUUID" : "18c33028-3da6-40cc-b623-918751d1655c",
  "allow" : true,
  "privilegeType" : "ViewVisit",
  "notEveryoneGroup" : true,
  "voided" : false
}, {
  "uuid" : "9305afa1-0b3d-48eb-9dee-d8ee5f0c85dc",
  "groupUUID" : "d21cf16e-03e9-44a7-925e-ea9c53337b5d",
  "privilegeUUID" : "e3352a23-f478-4166-af11-e949cc69e1cc",
  "subjectTypeUUID" : "9f194eba-dde4-46b0-a3f4-583272fb5866",
  "programUUID" : "d6bc3c7b-134d-426a-9e18-eecbdc732cb2",
  "programEncounterTypeUUID" : "18c33028-3da6-40cc-b623-918751d1655c",
  "allow" : true,
  "privilegeType" : "PerformVisit",
  "notEveryoneGroup" : true,
  "voided" : false
}, {
  "uuid" : "ced1df4f-0063-4758-9b54-38e595ae5021",
  "groupUUID" : "d21cf16e-03e9-44a7-925e-ea9c53337b5d",
  "privilegeUUID" : "9f2a3495-93b7-47c3-8560-d572b6a9fc61",
  "subjectTypeUUID" : "9f194eba-dde4-46b0-a3f4-583272fb5866",
  "programUUID" : "e6d112a2-e71c-4e49-b61f-9d7a75a1a669",
  "programEncounterTypeUUID" : "fc7b9700-e939-46e0-b5fa-60c32560cb0d",
  "allow" : true,
  "privilegeType" : "ViewVisit",
  "notEveryoneGroup" : true,
  "voided" : false
}, {
  "uuid" : "9c3fc5cb-f749-4951-864f-00156a0991db",
  "groupUUID" : "d21cf16e-03e9-44a7-925e-ea9c53337b5d",
  "privilegeUUID" : "e3352a23-f478-4166-af11-e949cc69e1cc",
  "subjectTypeUUID" : "9f194eba-dde4-46b0-a3f4-583272fb5866",
  "programUUID" : "e6d112a2-e71c-4e49-b61f-9d7a75a1a669",
  "programEncounterTypeUUID" : "fc7b9700-e939-46e0-b5fa-60c32560cb0d",
  "allow" : true,
  "privilegeType" : "PerformVisit",
  "notEveryoneGroup" : true,
  "voided" : false
}, {
  "uuid" : "d6ce6d17-dff8-4707-a492-61f01281a789",
  "groupUUID" : "d21cf16e-03e9-44a7-925e-ea9c53337b5d",
  "privilegeUUID" : "85ce5ed4-1490-4980-8c64-63fb423b5f14",
  "subjectTypeUUID" : "9f194eba-dde4-46b0-a3f4-583272fb5866",
  "programUUID" : "e6d112a2-e71c-4e49-b61f-9d7a75a1a669",
  "programEncounterTypeUUID" : "fc7b9700-e939-46e0-b5fa-60c32560cb0d",
  "allow" : true,
  "privilegeType" : "EditVisit",
  "notEveryoneGroup" : true,
  "voided" : false
}, {
  "uuid" : "9bc88acc-9dd3-4b11-b946-85adcf446a5c",
  "groupUUID" : "d21cf16e-03e9-44a7-925e-ea9c53337b5d",
  "privilegeUUID" : "305d8287-731b-4094-8139-71bc171b242e",
  "subjectTypeUUID" : "9f194eba-dde4-46b0-a3f4-583272fb5866",
  "programUUID" : "d6bc3c7b-134d-426a-9e18-eecbdc732cb2",
  "programEncounterTypeUUID" : "18c33028-3da6-40cc-b623-918751d1655c",
  "allow" : true,
  "privilegeType" : "VoidVisit",
  "notEveryoneGroup" : true,
  "voided" : false
}, {
  "uuid" : "5fdcce80-86f3-4df9-b32c-b412f220b3fa",
  "groupUUID" : "d21cf16e-03e9-44a7-925e-ea9c53337b5d",
  "privilegeUUID" : "85ce5ed4-1490-4980-8c64-63fb423b5f14",
  "subjectTypeUUID" : "9f194eba-dde4-46b0-a3f4-583272fb5866",
  "programUUID" : "6a9a5dc4-7e53-4955-ac74-ffa3c2ea6e63",
  "programEncounterTypeUUID" : "02b76349-4bec-4806-add8-9fb22acf2121",
  "allow" : true,
  "privilegeType" : "EditVisit",
  "notEveryoneGroup" : true,
  "voided" : false
}, {
  "uuid" : "4778b8fb-e9fb-4cc3-a914-0af313a0bda3",
  "groupUUID" : "d21cf16e-03e9-44a7-925e-ea9c53337b5d",
  "privilegeUUID" : "51fa8342-3228-4945-88eb-4b41970fa425",
  "subjectTypeUUID" : "9f194eba-dde4-46b0-a3f4-583272fb5866",
  "programUUID" : "6a9a5dc4-7e53-4955-ac74-ffa3c2ea6e63",
  "programEncounterTypeUUID" : "02b76349-4bec-4806-add8-9fb22acf2121",
  "allow" : false,
  "privilegeType" : "CancelVisit",
  "notEveryoneGroup" : true,
  "voided" : false
}, {
  "uuid" : "38043c31-d87e-4dd3-89ba-9324a5a2b015",
  "groupUUID" : "fc995a13-da04-4ba2-afa3-c7f2cb034ed8",
  "privilegeUUID" : "9f2a3495-93b7-47c3-8560-d572b6a9fc61",
  "subjectTypeUUID" : "9f194eba-dde4-46b0-a3f4-583272fb5866",
  "programUUID" : "6a9a5dc4-7e53-4955-ac74-ffa3c2ea6e63",
  "programEncounterTypeUUID" : "02b76349-4bec-4806-add8-9fb22acf2121",
  "allow" : true,
  "privilegeType" : "ViewVisit",
  "notEveryoneGroup" : true,
  "voided" : false
}, {
  "uuid" : "6a1e9cc1-3a9f-46f5-8197-c224579cb219",
  "groupUUID" : "0291c4b4-441a-43bd-a115-783103b6bcf8",
  "privilegeUUID" : "bd419d1e-cfc6-4607-8cad-38871721115d",
  "subjectTypeUUID" : "9f194eba-dde4-46b0-a3f4-583272fb5866",
  "programUUID" : "1e829a1a-94db-4703-83dc-007af925b71e",
  "allow" : true,
  "privilegeType" : "ExitEnrolment",
  "notEveryoneGroup" : true,
  "voided" : false
}, {
  "uuid" : "ce088684-db28-450a-af03-d02649093ec5",
  "groupUUID" : "fc995a13-da04-4ba2-afa3-c7f2cb034ed8",
  "privilegeUUID" : "583188ff-cd10-4615-9e22-000ce0bc6d80",
  "subjectTypeUUID" : "9f194eba-dde4-46b0-a3f4-583272fb5866",
  "programUUID" : "1e829a1a-94db-4703-83dc-007af925b71e",
  "allow" : true,
  "privilegeType" : "ViewEnrolmentDetails",
  "notEveryoneGroup" : true,
  "voided" : false
}, {
  "uuid" : "1543a467-e9af-44d8-8a68-51d04c98c346",
  "groupUUID" : "fc995a13-da04-4ba2-afa3-c7f2cb034ed8",
  "privilegeUUID" : "583188ff-cd10-4615-9e22-000ce0bc6d80",
  "subjectTypeUUID" : "9f194eba-dde4-46b0-a3f4-583272fb5866",
  "programUUID" : "6a9a5dc4-7e53-4955-ac74-ffa3c2ea6e63",
  "allow" : true,
  "privilegeType" : "ViewEnrolmentDetails",
  "notEveryoneGroup" : true,
  "voided" : false
}, {
  "uuid" : "5649c0f5-40ed-4a8d-ad63-49226f84de6e",
  "groupUUID" : "fc995a13-da04-4ba2-afa3-c7f2cb034ed8",
  "privilegeUUID" : "9f2a3495-93b7-47c3-8560-d572b6a9fc61",
  "subjectTypeUUID" : "9f194eba-dde4-46b0-a3f4-583272fb5866",
  "programUUID" : "1e829a1a-94db-4703-83dc-007af925b71e",
  "programEncounterTypeUUID" : "a28f8246-1e4c-4c74-a578-8fb755532de6",
  "allow" : true,
  "privilegeType" : "ViewVisit",
  "notEveryoneGroup" : true,
  "voided" : false
}, {
  "uuid" : "07d53451-428d-45f9-8fc6-e32f688f402e",
  "groupUUID" : "666a9d77-de06-43d7-825d-377965b041b8",
  "privilegeUUID" : "9f2a3495-93b7-47c3-8560-d572b6a9fc61",
  "subjectTypeUUID" : "9f194eba-dde4-46b0-a3f4-583272fb5866",
  "programUUID" : "1e829a1a-94db-4703-83dc-007af925b71e",
  "programEncounterTypeUUID" : "a28f8246-1e4c-4c74-a578-8fb755532de6",
  "allow" : true,
  "privilegeType" : "ViewVisit",
  "notEveryoneGroup" : true,
  "voided" : false
}, {
  "uuid" : "c5c0c5f1-e499-447a-adfd-1dd8d0e889a7",
  "groupUUID" : "666a9d77-de06-43d7-825d-377965b041b8",
  "privilegeUUID" : "583188ff-cd10-4615-9e22-000ce0bc6d80",
  "subjectTypeUUID" : "9f194eba-dde4-46b0-a3f4-583272fb5866",
  "programUUID" : "1e829a1a-94db-4703-83dc-007af925b71e",
  "allow" : true,
  "privilegeType" : "ViewEnrolmentDetails",
  "notEveryoneGroup" : true,
  "voided" : false
}, {
  "uuid" : "84bc9031-babc-43c3-8a0e-29751d562cc7",
  "groupUUID" : "c8a2ba26-b962-42cb-ba89-af3511bb0e17",
  "privilegeUUID" : "583188ff-cd10-4615-9e22-000ce0bc6d80",
  "subjectTypeUUID" : "9f194eba-dde4-46b0-a3f4-583272fb5866",
  "programUUID" : "1e829a1a-94db-4703-83dc-007af925b71e",
  "allow" : true,
  "privilegeType" : "ViewEnrolmentDetails",
  "notEveryoneGroup" : true,
  "voided" : false
}, {
  "uuid" : "e929d272-0b27-4629-8d51-d21737a79c52",
  "groupUUID" : "666a9d77-de06-43d7-825d-377965b041b8",
  "privilegeUUID" : "583188ff-cd10-4615-9e22-000ce0bc6d80",
  "subjectTypeUUID" : "9f194eba-dde4-46b0-a3f4-583272fb5866",
  "programUUID" : "6a9a5dc4-7e53-4955-ac74-ffa3c2ea6e63",
  "allow" : true,
  "privilegeType" : "ViewEnrolmentDetails",
  "notEveryoneGroup" : true,
  "voided" : false
}, {
  "uuid" : "f2f24348-a4ba-410f-aad3-aecb94eae6ec",
  "groupUUID" : "c8a2ba26-b962-42cb-ba89-af3511bb0e17",
  "privilegeUUID" : "9f2a3495-93b7-47c3-8560-d572b6a9fc61",
  "subjectTypeUUID" : "9f194eba-dde4-46b0-a3f4-583272fb5866",
  "programUUID" : "1e829a1a-94db-4703-83dc-007af925b71e",
  "programEncounterTypeUUID" : "a28f8246-1e4c-4c74-a578-8fb755532de6",
  "allow" : true,
  "privilegeType" : "ViewVisit",
  "notEveryoneGroup" : true,
  "voided" : false
}, {
  "uuid" : "5bac50a0-4b61-4d4b-b65e-bd23cd2e9c8a",
  "groupUUID" : "c8a2ba26-b962-42cb-ba89-af3511bb0e17",
  "privilegeUUID" : "9f2a3495-93b7-47c3-8560-d572b6a9fc61",
  "subjectTypeUUID" : "9f194eba-dde4-46b0-a3f4-583272fb5866",
  "programUUID" : "6a9a5dc4-7e53-4955-ac74-ffa3c2ea6e63",
  "programEncounterTypeUUID" : "02b76349-4bec-4806-add8-9fb22acf2121",
  "allow" : true,
  "privilegeType" : "ViewVisit",
  "notEveryoneGroup" : true,
  "voided" : false
}, {
  "uuid" : "c1a815cf-8e55-4f71-893d-03ab1049616f",
  "groupUUID" : "0291c4b4-441a-43bd-a115-783103b6bcf8",
  "privilegeUUID" : "020c5e18-01f0-469a-8a4a-e27cbc2a2292",
  "subjectTypeUUID" : "9f194eba-dde4-46b0-a3f4-583272fb5866",
  "programUUID" : "1e829a1a-94db-4703-83dc-007af925b71e",
  "allow" : true,
  "privilegeType" : "EnrolSubject",
  "notEveryoneGroup" : true,
  "voided" : false
}, {
  "uuid" : "62c7bfac-41be-4b24-85a6-a3264d4cfc5e",
  "groupUUID" : "0291c4b4-441a-43bd-a115-783103b6bcf8",
  "privilegeUUID" : "583188ff-cd10-4615-9e22-000ce0bc6d80",
  "subjectTypeUUID" : "9f194eba-dde4-46b0-a3f4-583272fb5866",
  "programUUID" : "1e829a1a-94db-4703-83dc-007af925b71e",
  "allow" : true,
  "privilegeType" : "ViewEnrolmentDetails",
  "notEveryoneGroup" : true,
  "voided" : false
}, {
  "uuid" : "dfbb372e-0d01-413f-8f9e-9083ae2d4656",
  "groupUUID" : "0291c4b4-441a-43bd-a115-783103b6bcf8",
  "privilegeUUID" : "bd419d1e-cfc6-4607-8cad-38871721115d",
  "subjectTypeUUID" : "9f194eba-dde4-46b0-a3f4-583272fb5866",
  "programUUID" : "6a9a5dc4-7e53-4955-ac74-ffa3c2ea6e63",
  "allow" : true,
  "privilegeType" : "ExitEnrolment",
  "notEveryoneGroup" : true,
  "voided" : false
}, {
  "uuid" : "1c5064ff-588a-4a94-a2b8-35df4d2fd9d5",
  "groupUUID" : "666a9d77-de06-43d7-825d-377965b041b8",
  "privilegeUUID" : "9f2a3495-93b7-47c3-8560-d572b6a9fc61",
  "subjectTypeUUID" : "9f194eba-dde4-46b0-a3f4-583272fb5866",
  "programUUID" : "6a9a5dc4-7e53-4955-ac74-ffa3c2ea6e63",
  "programEncounterTypeUUID" : "02b76349-4bec-4806-add8-9fb22acf2121",
  "allow" : true,
  "privilegeType" : "ViewVisit",
  "notEveryoneGroup" : true,
  "voided" : false
}, {
  "uuid" : "e929515a-27f6-465d-a5f1-35d3de263bc3",
  "groupUUID" : "0291c4b4-441a-43bd-a115-783103b6bcf8",
  "privilegeUUID" : "a1dcc42f-eed4-4baf-807a-4f6e238f1cba",
  "subjectTypeUUID" : "9f194eba-dde4-46b0-a3f4-583272fb5866",
  "programUUID" : "1e829a1a-94db-4703-83dc-007af925b71e",
  "allow" : true,
  "privilegeType" : "EditEnrolmentDetails",
  "notEveryoneGroup" : true,
  "voided" : false
}, {
  "uuid" : "5aa96e42-c376-473f-b123-6351d6a38571",
  "groupUUID" : "c8a2ba26-b962-42cb-ba89-af3511bb0e17",
  "privilegeUUID" : "583188ff-cd10-4615-9e22-000ce0bc6d80",
  "subjectTypeUUID" : "9f194eba-dde4-46b0-a3f4-583272fb5866",
  "programUUID" : "6a9a5dc4-7e53-4955-ac74-ffa3c2ea6e63",
  "allow" : true,
  "privilegeType" : "ViewEnrolmentDetails",
  "notEveryoneGroup" : true,
  "voided" : false
}, {
  "uuid" : "73e98090-e7eb-4ce4-a199-ea990ec9ead8",
  "groupUUID" : "0291c4b4-441a-43bd-a115-783103b6bcf8",
  "privilegeUUID" : "020c5e18-01f0-469a-8a4a-e27cbc2a2292",
  "subjectTypeUUID" : "9f194eba-dde4-46b0-a3f4-583272fb5866",
  "programUUID" : "6a9a5dc4-7e53-4955-ac74-ffa3c2ea6e63",
  "allow" : true,
  "privilegeType" : "EnrolSubject",
  "notEveryoneGroup" : true,
  "voided" : false
}, {
  "uuid" : "ba78cdfa-033b-44ed-b2f3-7c0d58239fb8",
  "groupUUID" : "0291c4b4-441a-43bd-a115-783103b6bcf8",
  "privilegeUUID" : "583188ff-cd10-4615-9e22-000ce0bc6d80",
  "subjectTypeUUID" : "9f194eba-dde4-46b0-a3f4-583272fb5866",
  "programUUID" : "6a9a5dc4-7e53-4955-ac74-ffa3c2ea6e63",
  "allow" : true,
  "privilegeType" : "ViewEnrolmentDetails",
  "notEveryoneGroup" : true,
  "voided" : false
}, {
  "uuid" : "3b4f3a0e-d5e8-4381-b8a1-3ada8db134d6",
  "groupUUID" : "0291c4b4-441a-43bd-a115-783103b6bcf8",
  "privilegeUUID" : "a1dcc42f-eed4-4baf-807a-4f6e238f1cba",
  "subjectTypeUUID" : "9f194eba-dde4-46b0-a3f4-583272fb5866",
  "programUUID" : "6a9a5dc4-7e53-4955-ac74-ffa3c2ea6e63",
  "allow" : true,
  "privilegeType" : "EditEnrolmentDetails",
  "notEveryoneGroup" : true,
  "voided" : false
}, {
  "uuid" : "7bea5b36-8169-496c-a4c8-aff9639b8dfb",
  "groupUUID" : "0291c4b4-441a-43bd-a115-783103b6bcf8",
  "privilegeUUID" : "9f2a3495-93b7-47c3-8560-d572b6a9fc61",
  "subjectTypeUUID" : "9f194eba-dde4-46b0-a3f4-583272fb5866",
  "programUUID" : "1e829a1a-94db-4703-83dc-007af925b71e",
  "programEncounterTypeUUID" : "a28f8246-1e4c-4c74-a578-8fb755532de6",
  "allow" : true,
  "privilegeType" : "ViewVisit",
  "notEveryoneGroup" : true,
  "voided" : false
}, {
  "uuid" : "f6e87def-a238-4a9f-bc09-d7bc9373a96c",
  "groupUUID" : "0291c4b4-441a-43bd-a115-783103b6bcf8",
  "privilegeUUID" : "867d5de9-0bf3-434c-9cb1-bd09a05250af",
  "subjectTypeUUID" : "9f194eba-dde4-46b0-a3f4-583272fb5866",
  "programUUID" : "1e829a1a-94db-4703-83dc-007af925b71e",
  "programEncounterTypeUUID" : "a28f8246-1e4c-4c74-a578-8fb755532de6",
  "allow" : true,
  "privilegeType" : "ScheduleVisit",
  "notEveryoneGroup" : true,
  "voided" : false
}, {
  "uuid" : "73df4bcc-f95a-4823-917e-d4ac65e4ad3c",
  "groupUUID" : "0291c4b4-441a-43bd-a115-783103b6bcf8",
  "privilegeUUID" : "e3352a23-f478-4166-af11-e949cc69e1cc",
  "subjectTypeUUID" : "9f194eba-dde4-46b0-a3f4-583272fb5866",
  "programUUID" : "1e829a1a-94db-4703-83dc-007af925b71e",
  "programEncounterTypeUUID" : "a28f8246-1e4c-4c74-a578-8fb755532de6",
  "allow" : true,
  "privilegeType" : "PerformVisit",
  "notEveryoneGroup" : true,
  "voided" : false
}, {
  "uuid" : "d4320cd4-8ff3-455e-95f4-3593d2f3d0fb",
  "groupUUID" : "0291c4b4-441a-43bd-a115-783103b6bcf8",
  "privilegeUUID" : "85ce5ed4-1490-4980-8c64-63fb423b5f14",
  "subjectTypeUUID" : "9f194eba-dde4-46b0-a3f4-583272fb5866",
  "programUUID" : "1e829a1a-94db-4703-83dc-007af925b71e",
  "programEncounterTypeUUID" : "a28f8246-1e4c-4c74-a578-8fb755532de6",
  "allow" : true,
  "privilegeType" : "EditVisit",
  "notEveryoneGroup" : true,
  "voided" : false
}, {
  "uuid" : "3e4b5a7e-8a82-42b7-ac6d-8eea5588d395",
  "groupUUID" : "0291c4b4-441a-43bd-a115-783103b6bcf8",
  "privilegeUUID" : "305d8287-731b-4094-8139-71bc171b242e",
  "subjectTypeUUID" : "9f194eba-dde4-46b0-a3f4-583272fb5866",
  "programUUID" : "1e829a1a-94db-4703-83dc-007af925b71e",
  "programEncounterTypeUUID" : "a28f8246-1e4c-4c74-a578-8fb755532de6",
  "allow" : true,
  "privilegeType" : "VoidVisit",
  "notEveryoneGroup" : true,
  "voided" : false
}, {
  "uuid" : "b1f5a1ab-574a-49c7-92d9-8a13a92ed5ad",
  "groupUUID" : "0291c4b4-441a-43bd-a115-783103b6bcf8",
  "privilegeUUID" : "9f2a3495-93b7-47c3-8560-d572b6a9fc61",
  "subjectTypeUUID" : "9f194eba-dde4-46b0-a3f4-583272fb5866",
  "programUUID" : "6a9a5dc4-7e53-4955-ac74-ffa3c2ea6e63",
  "programEncounterTypeUUID" : "02b76349-4bec-4806-add8-9fb22acf2121",
  "allow" : true,
  "privilegeType" : "ViewVisit",
  "notEveryoneGroup" : true,
  "voided" : false
}, {
  "uuid" : "97ec56e6-4ee1-4f2e-8210-09b865199546",
  "groupUUID" : "d21cf16e-03e9-44a7-925e-ea9c53337b5d",
  "privilegeUUID" : "a1dcc42f-eed4-4baf-807a-4f6e238f1cba",
  "subjectTypeUUID" : "9f194eba-dde4-46b0-a3f4-583272fb5866",
  "programUUID" : "1e829a1a-94db-4703-83dc-007af925b71e",
  "allow" : true,
  "privilegeType" : "EditEnrolmentDetails",
  "notEveryoneGroup" : true,
  "voided" : false
}, {
  "uuid" : "0d008a14-3205-4a0c-9039-7085698bd219",
  "groupUUID" : "d21cf16e-03e9-44a7-925e-ea9c53337b5d",
  "privilegeUUID" : "bd419d1e-cfc6-4607-8cad-38871721115d",
  "subjectTypeUUID" : "9f194eba-dde4-46b0-a3f4-583272fb5866",
  "programUUID" : "1e829a1a-94db-4703-83dc-007af925b71e",
  "allow" : true,
  "privilegeType" : "ExitEnrolment",
  "notEveryoneGroup" : true,
  "voided" : false
}, {
  "uuid" : "8810674e-b371-4acb-af06-dd27c321533b",
  "groupUUID" : "d21cf16e-03e9-44a7-925e-ea9c53337b5d",
  "privilegeUUID" : "a1dcc42f-eed4-4baf-807a-4f6e238f1cba",
  "subjectTypeUUID" : "9f194eba-dde4-46b0-a3f4-583272fb5866",
  "programUUID" : "6a9a5dc4-7e53-4955-ac74-ffa3c2ea6e63",
  "allow" : true,
  "privilegeType" : "EditEnrolmentDetails",
  "notEveryoneGroup" : true,
  "voided" : false
}, {
  "uuid" : "e836c309-067e-411f-93ee-662e8ee7b9da",
  "groupUUID" : "d21cf16e-03e9-44a7-925e-ea9c53337b5d",
  "privilegeUUID" : "bd419d1e-cfc6-4607-8cad-38871721115d",
  "subjectTypeUUID" : "9f194eba-dde4-46b0-a3f4-583272fb5866",
  "programUUID" : "6a9a5dc4-7e53-4955-ac74-ffa3c2ea6e63",
  "allow" : true,
  "privilegeType" : "ExitEnrolment",
  "notEveryoneGroup" : true,
  "voided" : false
}, {
  "uuid" : "d822dae3-2220-48ca-9224-577ef3907055",
  "groupUUID" : "d21cf16e-03e9-44a7-925e-ea9c53337b5d",
  "privilegeUUID" : "e3352a23-f478-4166-af11-e949cc69e1cc",
  "subjectTypeUUID" : "9f194eba-dde4-46b0-a3f4-583272fb5866",
  "programUUID" : "1e829a1a-94db-4703-83dc-007af925b71e",
  "programEncounterTypeUUID" : "a28f8246-1e4c-4c74-a578-8fb755532de6",
  "allow" : true,
  "privilegeType" : "PerformVisit",
  "notEveryoneGroup" : true,
  "voided" : false
}, {
  "uuid" : "5ee5e1cb-b6bf-4ba8-9924-5f6713eedd6f",
  "groupUUID" : "d21cf16e-03e9-44a7-925e-ea9c53337b5d",
  "privilegeUUID" : "85ce5ed4-1490-4980-8c64-63fb423b5f14",
  "subjectTypeUUID" : "9f194eba-dde4-46b0-a3f4-583272fb5866",
  "programUUID" : "1e829a1a-94db-4703-83dc-007af925b71e",
  "programEncounterTypeUUID" : "a28f8246-1e4c-4c74-a578-8fb755532de6",
  "allow" : true,
  "privilegeType" : "EditVisit",
  "notEveryoneGroup" : true,
  "voided" : false
}, {
  "uuid" : "c975a970-3530-4684-a35a-9a64a9821d30",
  "groupUUID" : "d21cf16e-03e9-44a7-925e-ea9c53337b5d",
  "privilegeUUID" : "9f2a3495-93b7-47c3-8560-d572b6a9fc61",
  "subjectTypeUUID" : "9f194eba-dde4-46b0-a3f4-583272fb5866",
  "programUUID" : "6a9a5dc4-7e53-4955-ac74-ffa3c2ea6e63",
  "programEncounterTypeUUID" : "02b76349-4bec-4806-add8-9fb22acf2121",
  "allow" : true,
  "privilegeType" : "ViewVisit",
  "notEveryoneGroup" : true,
  "voided" : false
}, {
  "uuid" : "92afeeb5-e2a6-47c0-94f8-58fca7659a9f",
  "groupUUID" : "d21cf16e-03e9-44a7-925e-ea9c53337b5d",
  "privilegeUUID" : "305d8287-731b-4094-8139-71bc171b242e",
  "subjectTypeUUID" : "9f194eba-dde4-46b0-a3f4-583272fb5866",
  "programUUID" : "6a9a5dc4-7e53-4955-ac74-ffa3c2ea6e63",
  "programEncounterTypeUUID" : "02b76349-4bec-4806-add8-9fb22acf2121",
  "allow" : true,
  "privilegeType" : "VoidVisit",
  "notEveryoneGroup" : true,
  "voided" : false
}, {
  "uuid" : "b855015a-65e6-43fd-a828-341ac6698be5",
  "groupUUID" : "0291c4b4-441a-43bd-a115-783103b6bcf8",
  "privilegeUUID" : "867d5de9-0bf3-434c-9cb1-bd09a05250af",
  "subjectTypeUUID" : "9f194eba-dde4-46b0-a3f4-583272fb5866",
  "programUUID" : "6a9a5dc4-7e53-4955-ac74-ffa3c2ea6e63",
  "programEncounterTypeUUID" : "02b76349-4bec-4806-add8-9fb22acf2121",
  "allow" : true,
  "privilegeType" : "ScheduleVisit",
  "notEveryoneGroup" : true,
  "voided" : false
}, {
  "uuid" : "bf2f0a59-a323-43ea-bb8e-be7d6bc71b53",
  "groupUUID" : "0291c4b4-441a-43bd-a115-783103b6bcf8",
  "privilegeUUID" : "85ce5ed4-1490-4980-8c64-63fb423b5f14",
  "subjectTypeUUID" : "9f194eba-dde4-46b0-a3f4-583272fb5866",
  "programUUID" : "6a9a5dc4-7e53-4955-ac74-ffa3c2ea6e63",
  "programEncounterTypeUUID" : "02b76349-4bec-4806-add8-9fb22acf2121",
  "allow" : true,
  "privilegeType" : "EditVisit",
  "notEveryoneGroup" : true,
  "voided" : false
}, {
  "uuid" : "f56f8bee-0286-42d1-8dbb-5a665ec9f26e",
  "groupUUID" : "d21cf16e-03e9-44a7-925e-ea9c53337b5d",
  "privilegeUUID" : "020c5e18-01f0-469a-8a4a-e27cbc2a2292",
  "subjectTypeUUID" : "9f194eba-dde4-46b0-a3f4-583272fb5866",
  "programUUID" : "1e829a1a-94db-4703-83dc-007af925b71e",
  "allow" : true,
  "privilegeType" : "EnrolSubject",
  "notEveryoneGroup" : true,
  "voided" : false
}, {
  "uuid" : "8c6fef74-8b57-490f-86f7-09d150b3c291",
  "groupUUID" : "d21cf16e-03e9-44a7-925e-ea9c53337b5d",
  "privilegeUUID" : "583188ff-cd10-4615-9e22-000ce0bc6d80",
  "subjectTypeUUID" : "9f194eba-dde4-46b0-a3f4-583272fb5866",
  "programUUID" : "1e829a1a-94db-4703-83dc-007af925b71e",
  "allow" : true,
  "privilegeType" : "ViewEnrolmentDetails",
  "notEveryoneGroup" : true,
  "voided" : false
}, {
  "uuid" : "77d985f4-59e3-4f51-a77a-d2d8abfb6ee0",
  "groupUUID" : "d21cf16e-03e9-44a7-925e-ea9c53337b5d",
  "privilegeUUID" : "020c5e18-01f0-469a-8a4a-e27cbc2a2292",
  "subjectTypeUUID" : "9f194eba-dde4-46b0-a3f4-583272fb5866",
  "programUUID" : "6a9a5dc4-7e53-4955-ac74-ffa3c2ea6e63",
  "allow" : true,
  "privilegeType" : "EnrolSubject",
  "notEveryoneGroup" : true,
  "voided" : false
}, {
  "uuid" : "42a51e8f-ec61-42e5-b3e5-c66196c3d093",
  "groupUUID" : "d21cf16e-03e9-44a7-925e-ea9c53337b5d",
  "privilegeUUID" : "583188ff-cd10-4615-9e22-000ce0bc6d80",
  "subjectTypeUUID" : "9f194eba-dde4-46b0-a3f4-583272fb5866",
  "programUUID" : "6a9a5dc4-7e53-4955-ac74-ffa3c2ea6e63",
  "allow" : true,
  "privilegeType" : "ViewEnrolmentDetails",
  "notEveryoneGroup" : true,
  "voided" : false
}, {
  "uuid" : "cfbc503a-b167-4187-b14b-4b5e03fd7646",
  "groupUUID" : "d21cf16e-03e9-44a7-925e-ea9c53337b5d",
  "privilegeUUID" : "9f2a3495-93b7-47c3-8560-d572b6a9fc61",
  "subjectTypeUUID" : "9f194eba-dde4-46b0-a3f4-583272fb5866",
  "programUUID" : "1e829a1a-94db-4703-83dc-007af925b71e",
  "programEncounterTypeUUID" : "a28f8246-1e4c-4c74-a578-8fb755532de6",
  "allow" : true,
  "privilegeType" : "ViewVisit",
  "notEveryoneGroup" : true,
  "voided" : false
}, {
  "uuid" : "83b8f5a1-2eb0-46d1-9ca2-d71b6ff0dcf0",
  "groupUUID" : "d21cf16e-03e9-44a7-925e-ea9c53337b5d",
  "privilegeUUID" : "867d5de9-0bf3-434c-9cb1-bd09a05250af",
  "subjectTypeUUID" : "9f194eba-dde4-46b0-a3f4-583272fb5866",
  "programUUID" : "1e829a1a-94db-4703-83dc-007af925b71e",
  "programEncounterTypeUUID" : "a28f8246-1e4c-4c74-a578-8fb755532de6",
  "allow" : true,
  "privilegeType" : "ScheduleVisit",
  "notEveryoneGroup" : true,
  "voided" : false
}, {
  "uuid" : "d1d42f6c-97f6-41b8-baf7-f047fff19224",
  "groupUUID" : "d21cf16e-03e9-44a7-925e-ea9c53337b5d",
  "privilegeUUID" : "305d8287-731b-4094-8139-71bc171b242e",
  "subjectTypeUUID" : "9f194eba-dde4-46b0-a3f4-583272fb5866",
  "programUUID" : "1e829a1a-94db-4703-83dc-007af925b71e",
  "programEncounterTypeUUID" : "a28f8246-1e4c-4c74-a578-8fb755532de6",
  "allow" : true,
  "privilegeType" : "VoidVisit",
  "notEveryoneGroup" : true,
  "voided" : false
}, {
  "uuid" : "ccf18a74-e7d1-4cc8-b3dc-15dd3c19e28b",
  "groupUUID" : "d21cf16e-03e9-44a7-925e-ea9c53337b5d",
  "privilegeUUID" : "867d5de9-0bf3-434c-9cb1-bd09a05250af",
  "subjectTypeUUID" : "9f194eba-dde4-46b0-a3f4-583272fb5866",
  "programUUID" : "6a9a5dc4-7e53-4955-ac74-ffa3c2ea6e63",
  "programEncounterTypeUUID" : "02b76349-4bec-4806-add8-9fb22acf2121",
  "allow" : true,
  "privilegeType" : "ScheduleVisit",
  "notEveryoneGroup" : true,
  "voided" : false
}, {
  "uuid" : "71173f07-6619-4464-879b-2ac240981016",
  "groupUUID" : "d21cf16e-03e9-44a7-925e-ea9c53337b5d",
  "privilegeUUID" : "e3352a23-f478-4166-af11-e949cc69e1cc",
  "subjectTypeUUID" : "9f194eba-dde4-46b0-a3f4-583272fb5866",
  "programUUID" : "6a9a5dc4-7e53-4955-ac74-ffa3c2ea6e63",
  "programEncounterTypeUUID" : "02b76349-4bec-4806-add8-9fb22acf2121",
  "allow" : true,
  "privilegeType" : "PerformVisit",
  "notEveryoneGroup" : true,
  "voided" : false
}, {
  "uuid" : "629ef80c-e974-437c-b2e9-33c26de8664e",
  "groupUUID" : "0291c4b4-441a-43bd-a115-783103b6bcf8",
  "privilegeUUID" : "e3352a23-f478-4166-af11-e949cc69e1cc",
  "subjectTypeUUID" : "9f194eba-dde4-46b0-a3f4-583272fb5866",
  "programUUID" : "6a9a5dc4-7e53-4955-ac74-ffa3c2ea6e63",
  "programEncounterTypeUUID" : "02b76349-4bec-4806-add8-9fb22acf2121",
  "allow" : true,
  "privilegeType" : "PerformVisit",
  "notEveryoneGroup" : true,
  "voided" : false
}, {
  "uuid" : "51199f96-92d3-4f1d-965c-b5ad3c6de90e",
  "groupUUID" : "0291c4b4-441a-43bd-a115-783103b6bcf8",
  "privilegeUUID" : "305d8287-731b-4094-8139-71bc171b242e",
  "subjectTypeUUID" : "9f194eba-dde4-46b0-a3f4-583272fb5866",
  "programUUID" : "6a9a5dc4-7e53-4955-ac74-ffa3c2ea6e63",
  "programEncounterTypeUUID" : "02b76349-4bec-4806-add8-9fb22acf2121",
  "allow" : true,
  "privilegeType" : "VoidVisit",
  "notEveryoneGroup" : true,
  "voided" : false
}, {
  "uuid" : "3a3b2947-7c3c-49fa-bfc8-e17f016c784e",
  "groupUUID" : "c8a2ba26-b962-42cb-ba89-af3511bb0e17",
  "privilegeUUID" : "a5899d5a-7a9b-4cba-88dd-20167411787c",
  "allow" : true,
  "privilegeType" : "ViewEditEntitiesOnDataEntryApp",
  "notEveryoneGroup" : true,
  "voided" : false
}, {
  "uuid" : "93d61397-bb26-4e3f-b4c0-c64f7674685a",
  "groupUUID" : "c8a2ba26-b962-42cb-ba89-af3511bb0e17",
  "privilegeUUID" : "088a30ca-9ce2-4ab3-a517-e249cc43a4bf",
  "subjectTypeUUID" : "79a3e20c-ece3-4b77-b09c-4c672c175d7a",
  "allow" : true,
  "privilegeType" : "VoidSubject",
  "notEveryoneGroup" : true,
  "voided" : false
}, {
  "uuid" : "e294ed3d-faae-4673-a1c3-4c8ac4a0488b",
  "groupUUID" : "c8a2ba26-b962-42cb-ba89-af3511bb0e17",
  "privilegeUUID" : "46c3aa38-1ef5-4639-a406-d0b4f9bcb420",
  "subjectTypeUUID" : "9f194eba-dde4-46b0-a3f4-583272fb5866",
  "allow" : false,
  "privilegeType" : "RegisterSubject",
  "notEveryoneGroup" : true,
  "voided" : false
}, {
  "uuid" : "401c38c2-ce61-4fb2-b702-49d348f7d739",
  "groupUUID" : "c8a2ba26-b962-42cb-ba89-af3511bb0e17",
  "privilegeUUID" : "ff360e20-3cc6-4770-adac-6a7e7d97cc9c",
  "allow" : false,
  "privilegeType" : "MultiTxEntityTypeUpdate",
  "notEveryoneGroup" : true,
  "voided" : false
}, {
  "uuid" : "d73d161a-a0fe-4d18-902e-67c30dc48c4b",
  "groupUUID" : "c8a2ba26-b962-42cb-ba89-af3511bb0e17",
  "privilegeUUID" : "2ebe6ce5-77fa-491c-a629-f1fc46d87557",
  "allow" : true,
  "privilegeType" : "UploadMetadataAndData",
  "notEveryoneGroup" : true,
  "voided" : false
}, {
  "uuid" : "0abdaf42-af8c-4f6c-b6c2-2740737f061b",
  "groupUUID" : "c8a2ba26-b962-42cb-ba89-af3511bb0e17",
  "privilegeUUID" : "db791f27-0c04-4060-8938-6f18fb4069ee",
  "subjectTypeUUID" : "9f194eba-dde4-46b0-a3f4-583272fb5866",
  "allow" : true,
  "privilegeType" : "EditSubject",
  "notEveryoneGroup" : true,
  "voided" : false
}, {
  "uuid" : "09c5b2f2-a406-4550-8c7d-cc3f13b994c5",
  "groupUUID" : "c8a2ba26-b962-42cb-ba89-af3511bb0e17",
  "privilegeUUID" : "c21758c9-d238-4746-81e8-f5e1ee3643c0",
  "allow" : true,
  "privilegeType" : "Analytics",
  "notEveryoneGroup" : true,
  "voided" : false
}, {
  "uuid" : "4a92103f-9479-4998-a74f-fabf391f2607",
  "groupUUID" : "c8a2ba26-b962-42cb-ba89-af3511bb0e17",
  "privilegeUUID" : "db791f27-0c04-4060-8938-6f18fb4069ee",
  "subjectTypeUUID" : "79a3e20c-ece3-4b77-b09c-4c672c175d7a",
  "allow" : true,
  "privilegeType" : "EditSubject",
  "notEveryoneGroup" : true,
  "voided" : false
}, {
  "uuid" : "8599898a-71a9-4630-9cdf-448d80d4c193",
  "groupUUID" : "c8a2ba26-b962-42cb-ba89-af3511bb0e17",
  "privilegeUUID" : "0843ee63-721c-49c5-8374-818b512caf82",
  "subjectTypeUUID" : "79a3e20c-ece3-4b77-b09c-4c672c175d7a",
  "allow" : true,
  "privilegeType" : "AddMember",
  "notEveryoneGroup" : true,
  "voided" : false
}, {
  "uuid" : "6d16940b-f387-43f0-b049-3e696da72008",
  "groupUUID" : "c8a2ba26-b962-42cb-ba89-af3511bb0e17",
  "privilegeUUID" : "d9d7ae77-a67e-4644-8976-5b3551106a53",
  "subjectTypeUUID" : "79a3e20c-ece3-4b77-b09c-4c672c175d7a",
  "allow" : true,
  "privilegeType" : "EditMember",
  "notEveryoneGroup" : true,
  "voided" : false
}, {
  "uuid" : "e8526ed2-1431-47d3-a2fc-639b4ddd47e3",
  "groupUUID" : "c8a2ba26-b962-42cb-ba89-af3511bb0e17",
  "privilegeUUID" : "f2915fc4-d2cb-492a-b9bc-88a7bae11b75",
  "subjectTypeUUID" : "79a3e20c-ece3-4b77-b09c-4c672c175d7a",
  "allow" : true,
  "privilegeType" : "RemoveMember",
  "notEveryoneGroup" : true,
  "voided" : false
}, {
  "uuid" : "2a03feb6-f0a0-4431-a134-24fbe822bc0f",
  "groupUUID" : "c8a2ba26-b962-42cb-ba89-af3511bb0e17",
  "privilegeUUID" : "37ae14f9-e6ac-4d24-951a-e457b0cdcf00",
  "subjectTypeUUID" : "79a3e20c-ece3-4b77-b09c-4c672c175d7a",
  "allow" : false,
  "privilegeType" : "ApproveSubject",
  "notEveryoneGroup" : true,
  "voided" : false
}, {
  "uuid" : "0255a43b-42f9-4a49-a2d9-2c5ccc4e7127",
  "groupUUID" : "c8a2ba26-b962-42cb-ba89-af3511bb0e17",
  "privilegeUUID" : "e3352a23-f478-4166-af11-e949cc69e1cc",
  "subjectTypeUUID" : "9f194eba-dde4-46b0-a3f4-583272fb5866",
  "programUUID" : "e6d112a2-e71c-4e49-b61f-9d7a75a1a669",
  "programEncounterTypeUUID" : "fc7b9700-e939-46e0-b5fa-60c32560cb0d",
  "allow" : true,
  "privilegeType" : "PerformVisit",
  "notEveryoneGroup" : true,
  "voided" : false
}, {
  "uuid" : "4aad0900-a526-4629-9bf0-a80e69d06537",
  "groupUUID" : "c8a2ba26-b962-42cb-ba89-af3511bb0e17",
  "privilegeUUID" : "e3352a23-f478-4166-af11-e949cc69e1cc",
  "subjectTypeUUID" : "9f194eba-dde4-46b0-a3f4-583272fb5866",
  "encounterTypeUUID" : "bad32cff-a28b-4821-8d7d-9bbabff845a2",
  "allow" : true,
  "privilegeType" : "PerformVisit",
  "notEveryoneGroup" : true,
  "voided" : false
}, {
  "uuid" : "72ade7bd-f9c9-4971-95cc-9079fb25c2e1",
  "groupUUID" : "c8a2ba26-b962-42cb-ba89-af3511bb0e17",
  "privilegeUUID" : "867d5de9-0bf3-434c-9cb1-bd09a05250af",
  "subjectTypeUUID" : "9f194eba-dde4-46b0-a3f4-583272fb5866",
  "encounterTypeUUID" : "bad32cff-a28b-4821-8d7d-9bbabff845a2",
  "allow" : true,
  "privilegeType" : "ScheduleVisit",
  "notEveryoneGroup" : true,
  "voided" : false
}, {
  "uuid" : "3a63e2be-3046-4a54-9fa5-75a54910ca57",
  "groupUUID" : "c8a2ba26-b962-42cb-ba89-af3511bb0e17",
  "privilegeUUID" : "e3352a23-f478-4166-af11-e949cc69e1cc",
  "subjectTypeUUID" : "9f194eba-dde4-46b0-a3f4-583272fb5866",
  "encounterTypeUUID" : "cf3dcb82-c88b-422f-9485-be7f02ad0c1b",
  "allow" : true,
  "privilegeType" : "PerformVisit",
  "notEveryoneGroup" : true,
  "voided" : false
}, {
  "uuid" : "d76f9ef4-aa8b-4e20-b423-a4044f254984",
  "groupUUID" : "c8a2ba26-b962-42cb-ba89-af3511bb0e17",
  "privilegeUUID" : "e3352a23-f478-4166-af11-e949cc69e1cc",
  "subjectTypeUUID" : "9f194eba-dde4-46b0-a3f4-583272fb5866",
  "programUUID" : "6a9a5dc4-7e53-4955-ac74-ffa3c2ea6e63",
  "programEncounterTypeUUID" : "02b76349-4bec-4806-add8-9fb22acf2121",
  "allow" : true,
  "privilegeType" : "PerformVisit",
  "notEveryoneGroup" : true,
  "voided" : false
}, {
  "uuid" : "966ce118-424e-43c1-8046-6e83bb72ec71",
  "groupUUID" : "c8a2ba26-b962-42cb-ba89-af3511bb0e17",
  "privilegeUUID" : "85ce5ed4-1490-4980-8c64-63fb423b5f14",
  "subjectTypeUUID" : "9f194eba-dde4-46b0-a3f4-583272fb5866",
  "encounterTypeUUID" : "bad32cff-a28b-4821-8d7d-9bbabff845a2",
  "allow" : true,
  "privilegeType" : "EditVisit",
  "notEveryoneGroup" : true,
  "voided" : false
}, {
  "uuid" : "a159bd1a-c38a-4560-93ac-047b24a5e07c",
  "groupUUID" : "c8a2ba26-b962-42cb-ba89-af3511bb0e17",
  "privilegeUUID" : "51fa8342-3228-4945-88eb-4b41970fa425",
  "subjectTypeUUID" : "9f194eba-dde4-46b0-a3f4-583272fb5866",
  "encounterTypeUUID" : "bad32cff-a28b-4821-8d7d-9bbabff845a2",
  "allow" : true,
  "privilegeType" : "CancelVisit",
  "notEveryoneGroup" : true,
  "voided" : false
}, {
  "uuid" : "53fd850b-32c5-46d9-95f0-ed85967db8e5",
  "groupUUID" : "c8a2ba26-b962-42cb-ba89-af3511bb0e17",
  "privilegeUUID" : "020c5e18-01f0-469a-8a4a-e27cbc2a2292",
  "subjectTypeUUID" : "9f194eba-dde4-46b0-a3f4-583272fb5866",
  "programUUID" : "d6bc3c7b-134d-426a-9e18-eecbdc732cb2",
  "allow" : true,
  "privilegeType" : "EnrolSubject",
  "notEveryoneGroup" : true,
  "voided" : false
}, {
  "uuid" : "89b8f42e-5f01-42c7-af58-7b8a3df63c2e",
  "groupUUID" : "c8a2ba26-b962-42cb-ba89-af3511bb0e17",
  "privilegeUUID" : "a1dcc42f-eed4-4baf-807a-4f6e238f1cba",
  "subjectTypeUUID" : "9f194eba-dde4-46b0-a3f4-583272fb5866",
  "programUUID" : "d6bc3c7b-134d-426a-9e18-eecbdc732cb2",
  "allow" : true,
  "privilegeType" : "EditEnrolmentDetails",
  "notEveryoneGroup" : true,
  "voided" : false
}, {
  "uuid" : "9290dd59-3a1e-4d36-a54f-69c8d7a86f70",
  "groupUUID" : "c8a2ba26-b962-42cb-ba89-af3511bb0e17",
  "privilegeUUID" : "bd419d1e-cfc6-4607-8cad-38871721115d",
  "subjectTypeUUID" : "9f194eba-dde4-46b0-a3f4-583272fb5866",
  "programUUID" : "d6bc3c7b-134d-426a-9e18-eecbdc732cb2",
  "allow" : true,
  "privilegeType" : "ExitEnrolment",
  "notEveryoneGroup" : true,
  "voided" : false
}, {
  "uuid" : "8ba6e431-eea8-46e4-b592-052d45cdceba",
  "groupUUID" : "c8a2ba26-b962-42cb-ba89-af3511bb0e17",
  "privilegeUUID" : "867d5de9-0bf3-434c-9cb1-bd09a05250af",
  "subjectTypeUUID" : "9f194eba-dde4-46b0-a3f4-583272fb5866",
  "encounterTypeUUID" : "cf3dcb82-c88b-422f-9485-be7f02ad0c1b",
  "allow" : true,
  "privilegeType" : "ScheduleVisit",
  "notEveryoneGroup" : true,
  "voided" : false
}, {
  "uuid" : "0029f2fd-a5a6-4a39-8f6b-713c49a56353",
  "groupUUID" : "c8a2ba26-b962-42cb-ba89-af3511bb0e17",
  "privilegeUUID" : "85ce5ed4-1490-4980-8c64-63fb423b5f14",
  "subjectTypeUUID" : "9f194eba-dde4-46b0-a3f4-583272fb5866",
  "encounterTypeUUID" : "cf3dcb82-c88b-422f-9485-be7f02ad0c1b",
  "allow" : true,
  "privilegeType" : "EditVisit",
  "notEveryoneGroup" : true,
  "voided" : false
}, {
  "uuid" : "cb5093f2-473c-4db1-9845-1b67c5030686",
  "groupUUID" : "c8a2ba26-b962-42cb-ba89-af3511bb0e17",
  "privilegeUUID" : "51fa8342-3228-4945-88eb-4b41970fa425",
  "subjectTypeUUID" : "9f194eba-dde4-46b0-a3f4-583272fb5866",
  "encounterTypeUUID" : "cf3dcb82-c88b-422f-9485-be7f02ad0c1b",
  "allow" : true,
  "privilegeType" : "CancelVisit",
  "notEveryoneGroup" : true,
  "voided" : false
}, {
  "uuid" : "39cd468d-cce3-4268-8215-88df20b63fa2",
  "groupUUID" : "c8a2ba26-b962-42cb-ba89-af3511bb0e17",
  "privilegeUUID" : "7d725125-6b48-44d2-a53b-bf847ae8a3d0",
  "subjectTypeUUID" : "9f194eba-dde4-46b0-a3f4-583272fb5866",
  "encounterTypeUUID" : "cf3dcb82-c88b-422f-9485-be7f02ad0c1b",
  "allow" : false,
  "privilegeType" : "ApproveEncounter",
  "notEveryoneGroup" : true,
  "voided" : false
}, {
  "uuid" : "617657eb-7b14-492e-a8db-224a75507df8",
  "groupUUID" : "c8a2ba26-b962-42cb-ba89-af3511bb0e17",
  "privilegeUUID" : "020c5e18-01f0-469a-8a4a-e27cbc2a2292",
  "subjectTypeUUID" : "9f194eba-dde4-46b0-a3f4-583272fb5866",
  "programUUID" : "e6d112a2-e71c-4e49-b61f-9d7a75a1a669",
  "allow" : true,
  "privilegeType" : "EnrolSubject",
  "notEveryoneGroup" : true,
  "voided" : false
}, {
  "uuid" : "5c0f2a53-e890-4d32-9682-fc475d81e363",
  "groupUUID" : "c8a2ba26-b962-42cb-ba89-af3511bb0e17",
  "privilegeUUID" : "a1dcc42f-eed4-4baf-807a-4f6e238f1cba",
  "subjectTypeUUID" : "9f194eba-dde4-46b0-a3f4-583272fb5866",
  "programUUID" : "e6d112a2-e71c-4e49-b61f-9d7a75a1a669",
  "allow" : true,
  "privilegeType" : "EditEnrolmentDetails",
  "notEveryoneGroup" : true,
  "voided" : false
}, {
  "uuid" : "fd2b3359-7ab8-4690-b5a3-4fb886fa6528",
  "groupUUID" : "c8a2ba26-b962-42cb-ba89-af3511bb0e17",
  "privilegeUUID" : "bd419d1e-cfc6-4607-8cad-38871721115d",
  "subjectTypeUUID" : "9f194eba-dde4-46b0-a3f4-583272fb5866",
  "programUUID" : "e6d112a2-e71c-4e49-b61f-9d7a75a1a669",
  "allow" : true,
  "privilegeType" : "ExitEnrolment",
  "notEveryoneGroup" : true,
  "voided" : false
}, {
  "uuid" : "c77d9a59-ded1-44ff-b224-b8dc84468d4a",
  "groupUUID" : "c8a2ba26-b962-42cb-ba89-af3511bb0e17",
  "privilegeUUID" : "020c5e18-01f0-469a-8a4a-e27cbc2a2292",
  "subjectTypeUUID" : "9f194eba-dde4-46b0-a3f4-583272fb5866",
  "programUUID" : "1e829a1a-94db-4703-83dc-007af925b71e",
  "allow" : true,
  "privilegeType" : "EnrolSubject",
  "notEveryoneGroup" : true,
  "voided" : false
}, {
  "uuid" : "b30ba6d6-f567-4679-a767-6cb7b53d92ff",
  "groupUUID" : "c8a2ba26-b962-42cb-ba89-af3511bb0e17",
  "privilegeUUID" : "a1dcc42f-eed4-4baf-807a-4f6e238f1cba",
  "subjectTypeUUID" : "9f194eba-dde4-46b0-a3f4-583272fb5866",
  "programUUID" : "1e829a1a-94db-4703-83dc-007af925b71e",
  "allow" : true,
  "privilegeType" : "EditEnrolmentDetails",
  "notEveryoneGroup" : true,
  "voided" : false
}, {
  "uuid" : "d0d37232-a421-4bb0-bd14-2b7ec0619fae",
  "groupUUID" : "c8a2ba26-b962-42cb-ba89-af3511bb0e17",
  "privilegeUUID" : "bd419d1e-cfc6-4607-8cad-38871721115d",
  "subjectTypeUUID" : "9f194eba-dde4-46b0-a3f4-583272fb5866",
  "programUUID" : "1e829a1a-94db-4703-83dc-007af925b71e",
  "allow" : true,
  "privilegeType" : "ExitEnrolment",
  "notEveryoneGroup" : true,
  "voided" : false
}, {
  "uuid" : "57474617-adea-4327-8e67-0ab3d304f975",
  "groupUUID" : "c8a2ba26-b962-42cb-ba89-af3511bb0e17",
  "privilegeUUID" : "020c5e18-01f0-469a-8a4a-e27cbc2a2292",
  "subjectTypeUUID" : "9f194eba-dde4-46b0-a3f4-583272fb5866",
  "programUUID" : "6a9a5dc4-7e53-4955-ac74-ffa3c2ea6e63",
  "allow" : true,
  "privilegeType" : "EnrolSubject",
  "notEveryoneGroup" : true,
  "voided" : false
}, {
  "uuid" : "d4c4e17b-b9e2-4048-baa3-96c24eeda86b",
  "groupUUID" : "c8a2ba26-b962-42cb-ba89-af3511bb0e17",
  "privilegeUUID" : "51fa8342-3228-4945-88eb-4b41970fa425",
  "subjectTypeUUID" : "9f194eba-dde4-46b0-a3f4-583272fb5866",
  "programUUID" : "d6bc3c7b-134d-426a-9e18-eecbdc732cb2",
  "programEncounterTypeUUID" : "18c33028-3da6-40cc-b623-918751d1655c",
  "allow" : true,
  "privilegeType" : "CancelVisit",
  "notEveryoneGroup" : true,
  "voided" : false
}, {
  "uuid" : "f0215ac5-e265-48f1-b96d-9e5c3b3b136b",
  "groupUUID" : "c8a2ba26-b962-42cb-ba89-af3511bb0e17",
  "privilegeUUID" : "867d5de9-0bf3-434c-9cb1-bd09a05250af",
  "subjectTypeUUID" : "9f194eba-dde4-46b0-a3f4-583272fb5866",
  "programUUID" : "e6d112a2-e71c-4e49-b61f-9d7a75a1a669",
  "programEncounterTypeUUID" : "fc7b9700-e939-46e0-b5fa-60c32560cb0d",
  "allow" : true,
  "privilegeType" : "ScheduleVisit",
  "notEveryoneGroup" : true,
  "voided" : false
}, {
  "uuid" : "c6e3eb1d-49df-401f-b58c-45f85f529b9d",
  "groupUUID" : "c8a2ba26-b962-42cb-ba89-af3511bb0e17",
  "privilegeUUID" : "a1dcc42f-eed4-4baf-807a-4f6e238f1cba",
  "subjectTypeUUID" : "9f194eba-dde4-46b0-a3f4-583272fb5866",
  "programUUID" : "6a9a5dc4-7e53-4955-ac74-ffa3c2ea6e63",
  "allow" : true,
  "privilegeType" : "EditEnrolmentDetails",
  "notEveryoneGroup" : true,
  "voided" : false
}, {
  "uuid" : "aa3ba797-5cbd-4a4f-9635-9287639ed106",
  "groupUUID" : "c8a2ba26-b962-42cb-ba89-af3511bb0e17",
  "privilegeUUID" : "bd419d1e-cfc6-4607-8cad-38871721115d",
  "subjectTypeUUID" : "9f194eba-dde4-46b0-a3f4-583272fb5866",
  "programUUID" : "6a9a5dc4-7e53-4955-ac74-ffa3c2ea6e63",
  "allow" : true,
  "privilegeType" : "ExitEnrolment",
  "notEveryoneGroup" : true,
  "voided" : false
}, {
  "uuid" : "d5c02085-cafb-467c-94b4-56d146e68088",
  "groupUUID" : "c8a2ba26-b962-42cb-ba89-af3511bb0e17",
  "privilegeUUID" : "867d5de9-0bf3-434c-9cb1-bd09a05250af",
  "subjectTypeUUID" : "9f194eba-dde4-46b0-a3f4-583272fb5866",
  "programUUID" : "1e829a1a-94db-4703-83dc-007af925b71e",
  "programEncounterTypeUUID" : "a28f8246-1e4c-4c74-a578-8fb755532de6",
  "allow" : true,
  "privilegeType" : "ScheduleVisit",
  "notEveryoneGroup" : true,
  "voided" : false
}, {
  "uuid" : "588af940-c739-4a95-a760-13eb8625ab51",
  "groupUUID" : "c8a2ba26-b962-42cb-ba89-af3511bb0e17",
  "privilegeUUID" : "e3352a23-f478-4166-af11-e949cc69e1cc",
  "subjectTypeUUID" : "9f194eba-dde4-46b0-a3f4-583272fb5866",
  "programUUID" : "1e829a1a-94db-4703-83dc-007af925b71e",
  "programEncounterTypeUUID" : "a28f8246-1e4c-4c74-a578-8fb755532de6",
  "allow" : true,
  "privilegeType" : "PerformVisit",
  "notEveryoneGroup" : true,
  "voided" : false
}, {
  "uuid" : "4e6e403f-2e1a-4832-8217-b7a86e470a3e",
  "groupUUID" : "c8a2ba26-b962-42cb-ba89-af3511bb0e17",
  "privilegeUUID" : "85ce5ed4-1490-4980-8c64-63fb423b5f14",
  "subjectTypeUUID" : "9f194eba-dde4-46b0-a3f4-583272fb5866",
  "programUUID" : "1e829a1a-94db-4703-83dc-007af925b71e",
  "programEncounterTypeUUID" : "a28f8246-1e4c-4c74-a578-8fb755532de6",
  "allow" : true,
  "privilegeType" : "EditVisit",
  "notEveryoneGroup" : true,
  "voided" : false
}, {
  "uuid" : "ba225851-3d25-4d5d-acee-077f8311db1a",
  "groupUUID" : "c8a2ba26-b962-42cb-ba89-af3511bb0e17",
  "privilegeUUID" : "51fa8342-3228-4945-88eb-4b41970fa425",
  "subjectTypeUUID" : "9f194eba-dde4-46b0-a3f4-583272fb5866",
  "programUUID" : "1e829a1a-94db-4703-83dc-007af925b71e",
  "programEncounterTypeUUID" : "a28f8246-1e4c-4c74-a578-8fb755532de6",
  "allow" : true,
  "privilegeType" : "CancelVisit",
  "notEveryoneGroup" : true,
  "voided" : false
}, {
  "uuid" : "da6a3978-ae7b-436f-b6f3-ad1cd208e28d",
  "groupUUID" : "c8a2ba26-b962-42cb-ba89-af3511bb0e17",
  "privilegeUUID" : "867d5de9-0bf3-434c-9cb1-bd09a05250af",
  "subjectTypeUUID" : "9f194eba-dde4-46b0-a3f4-583272fb5866",
  "programUUID" : "d6bc3c7b-134d-426a-9e18-eecbdc732cb2",
  "programEncounterTypeUUID" : "18c33028-3da6-40cc-b623-918751d1655c",
  "allow" : true,
  "privilegeType" : "ScheduleVisit",
  "notEveryoneGroup" : true,
  "voided" : false
}, {
  "uuid" : "2adaf5ae-6999-4bd1-b365-7777a247fe8c",
  "groupUUID" : "c8a2ba26-b962-42cb-ba89-af3511bb0e17",
  "privilegeUUID" : "e3352a23-f478-4166-af11-e949cc69e1cc",
  "subjectTypeUUID" : "9f194eba-dde4-46b0-a3f4-583272fb5866",
  "programUUID" : "d6bc3c7b-134d-426a-9e18-eecbdc732cb2",
  "programEncounterTypeUUID" : "18c33028-3da6-40cc-b623-918751d1655c",
  "allow" : true,
  "privilegeType" : "PerformVisit",
  "notEveryoneGroup" : true,
  "voided" : false
}, {
  "uuid" : "7f7fa7f9-3d76-4b40-bc42-cf829b8c3b11",
  "groupUUID" : "c8a2ba26-b962-42cb-ba89-af3511bb0e17",
  "privilegeUUID" : "85ce5ed4-1490-4980-8c64-63fb423b5f14",
  "subjectTypeUUID" : "9f194eba-dde4-46b0-a3f4-583272fb5866",
  "programUUID" : "d6bc3c7b-134d-426a-9e18-eecbdc732cb2",
  "programEncounterTypeUUID" : "18c33028-3da6-40cc-b623-918751d1655c",
  "allow" : true,
  "privilegeType" : "EditVisit",
  "notEveryoneGroup" : true,
  "voided" : false
}, {
  "uuid" : "61b53a11-b091-4beb-aeaa-9e3e47068b0f",
  "groupUUID" : "c8a2ba26-b962-42cb-ba89-af3511bb0e17",
  "privilegeUUID" : "85ce5ed4-1490-4980-8c64-63fb423b5f14",
  "subjectTypeUUID" : "9f194eba-dde4-46b0-a3f4-583272fb5866",
  "programUUID" : "e6d112a2-e71c-4e49-b61f-9d7a75a1a669",
  "programEncounterTypeUUID" : "fc7b9700-e939-46e0-b5fa-60c32560cb0d",
  "allow" : true,
  "privilegeType" : "EditVisit",
  "notEveryoneGroup" : true,
  "voided" : false
}, {
  "uuid" : "d27d7706-fc69-4e5d-b2e0-3d62b235da98",
  "groupUUID" : "c8a2ba26-b962-42cb-ba89-af3511bb0e17",
  "privilegeUUID" : "51fa8342-3228-4945-88eb-4b41970fa425",
  "subjectTypeUUID" : "9f194eba-dde4-46b0-a3f4-583272fb5866",
  "programUUID" : "e6d112a2-e71c-4e49-b61f-9d7a75a1a669",
  "programEncounterTypeUUID" : "fc7b9700-e939-46e0-b5fa-60c32560cb0d",
  "allow" : true,
  "privilegeType" : "CancelVisit",
  "notEveryoneGroup" : true,
  "voided" : false
}, {
  "uuid" : "c1c64963-ab70-4544-a2e3-84788f9bd0d5",
  "groupUUID" : "c8a2ba26-b962-42cb-ba89-af3511bb0e17",
  "privilegeUUID" : "867d5de9-0bf3-434c-9cb1-bd09a05250af",
  "subjectTypeUUID" : "9f194eba-dde4-46b0-a3f4-583272fb5866",
  "programUUID" : "6a9a5dc4-7e53-4955-ac74-ffa3c2ea6e63",
  "programEncounterTypeUUID" : "02b76349-4bec-4806-add8-9fb22acf2121",
  "allow" : true,
  "privilegeType" : "ScheduleVisit",
  "notEveryoneGroup" : true,
  "voided" : false
}, {
  "uuid" : "64634043-add4-4db3-8bc1-0ec1c1f8831d",
  "groupUUID" : "c8a2ba26-b962-42cb-ba89-af3511bb0e17",
  "privilegeUUID" : "85ce5ed4-1490-4980-8c64-63fb423b5f14",
  "subjectTypeUUID" : "9f194eba-dde4-46b0-a3f4-583272fb5866",
  "programUUID" : "6a9a5dc4-7e53-4955-ac74-ffa3c2ea6e63",
  "programEncounterTypeUUID" : "02b76349-4bec-4806-add8-9fb22acf2121",
  "allow" : true,
  "privilegeType" : "EditVisit",
  "notEveryoneGroup" : true,
  "voided" : false
}, {
  "uuid" : "bc13e9ba-91fe-42af-9382-64ae7441387e",
  "groupUUID" : "c8a2ba26-b962-42cb-ba89-af3511bb0e17",
  "privilegeUUID" : "51fa8342-3228-4945-88eb-4b41970fa425",
  "subjectTypeUUID" : "9f194eba-dde4-46b0-a3f4-583272fb5866",
  "programUUID" : "6a9a5dc4-7e53-4955-ac74-ffa3c2ea6e63",
  "programEncounterTypeUUID" : "02b76349-4bec-4806-add8-9fb22acf2121",
  "allow" : true,
  "privilegeType" : "CancelVisit",
  "notEveryoneGroup" : true,
  "voided" : false
}, {
  "uuid" : "8caaa65d-acc9-4409-9789-fb6faaa50a0d",
  "groupUUID" : "c8a2ba26-b962-42cb-ba89-af3511bb0e17",
  "privilegeUUID" : "027e6ce6-8bf8-44f4-9621-7de7557d99f5",
  "allow" : true,
  "privilegeType" : "EditCatchment",
  "notEveryoneGroup" : true,
  "voided" : false
}, {
  "uuid" : "78068e59-d23a-48a9-8a30-b72a069a1e0b",
  "groupUUID" : "c8a2ba26-b962-42cb-ba89-af3511bb0e17",
  "privilegeUUID" : "eb05b1cf-a38a-40a2-b7fe-933ff29bddc5",
  "allow" : true,
  "privilegeType" : "EditLocation",
  "notEveryoneGroup" : true,
  "voided" : false
}, {
  "uuid" : "108ec772-9e56-4691-ae07-1c73e24b0610",
  "groupUUID" : "c8a2ba26-b962-42cb-ba89-af3511bb0e17",
  "privilegeUUID" : "78902b7a-7970-4557-9ffa-ce8e93d20e9a",
  "allow" : true,
  "privilegeType" : "EditUserGroup",
  "notEveryoneGroup" : true,
  "voided" : false
}, {
  "uuid" : "ede470ee-8979-486a-8145-b1be0350cc68",
  "groupUUID" : "c8a2ba26-b962-42cb-ba89-af3511bb0e17",
  "privilegeUUID" : "31c16b7d-825a-4bfa-b961-128846beb3ef",
  "allow" : true,
  "privilegeType" : "EditUserConfiguration",
  "notEveryoneGroup" : true,
  "voided" : false
}, {
  "uuid" : "c4613d78-5428-4f9f-ae8e-94460d86b5c2",
  "groupUUID" : "c8a2ba26-b962-42cb-ba89-af3511bb0e17",
  "privilegeUUID" : "e24a7cca-7e76-4398-a2d0-e6db735a8e08",
  "allow" : true,
  "privilegeType" : "EditLanguage",
  "notEveryoneGroup" : true,
  "voided" : false
}, {
  "uuid" : "d5733aa5-96b9-41df-917c-dfdd4dcdf6ec",
  "groupUUID" : "0291c4b4-441a-43bd-a115-783103b6bcf8",
  "privilegeUUID" : "67410e50-8b40-4735-bfb4-135b13580027",
  "subjectTypeUUID" : "992580e9-ef41-4677-b8a8-09168cc4e324",
  "allow" : true,
  "privilegeType" : "ViewSubject",
  "notEveryoneGroup" : true,
  "voided" : false
}, {
  "uuid" : "cb55b36b-a9ad-4a4f-bf4e-8084125693ee",
  "groupUUID" : "0291c4b4-441a-43bd-a115-783103b6bcf8",
  "privilegeUUID" : "9f2a3495-93b7-47c3-8560-d572b6a9fc61",
  "subjectTypeUUID" : "992580e9-ef41-4677-b8a8-09168cc4e324",
  "encounterTypeUUID" : "519158fe-1b91-4ed7-9fe7-4c11fbe189bc",
  "allow" : true,
  "privilegeType" : "ViewVisit",
  "notEveryoneGroup" : true,
  "voided" : false
}, {
  "uuid" : "312b3714-0576-4622-88bd-b3159f6565a4",
  "groupUUID" : "0291c4b4-441a-43bd-a115-783103b6bcf8",
  "privilegeUUID" : "e3352a23-f478-4166-af11-e949cc69e1cc",
  "subjectTypeUUID" : "992580e9-ef41-4677-b8a8-09168cc4e324",
  "encounterTypeUUID" : "519158fe-1b91-4ed7-9fe7-4c11fbe189bc",
  "allow" : true,
  "privilegeType" : "PerformVisit",
  "notEveryoneGroup" : true,
  "voided" : false
}, {
  "uuid" : "3f4ee442-0b96-4645-b071-d61c35b64677",
  "groupUUID" : "0291c4b4-441a-43bd-a115-783103b6bcf8",
  "privilegeUUID" : "cac5adae-8d99-4cef-a00b-af7d66e31a09",
  "subjectTypeUUID" : "992580e9-ef41-4677-b8a8-09168cc4e324",
  "allow" : false,
  "privilegeType" : "AssignSubject",
  "notEveryoneGroup" : true,
  "voided" : false
}, {
  "uuid" : "0f9f92fa-80bb-4d68-badb-3e46c07cc034",
  "groupUUID" : "666a9d77-de06-43d7-825d-377965b041b8",
  "privilegeUUID" : "67410e50-8b40-4735-bfb4-135b13580027",
  "subjectTypeUUID" : "992580e9-ef41-4677-b8a8-09168cc4e324",
  "allow" : false,
  "privilegeType" : "ViewSubject",
  "notEveryoneGroup" : true,
  "voided" : false
}, {
  "uuid" : "c9f8b000-17c8-4802-a7a1-7cc33779df41",
  "groupUUID" : "666a9d77-de06-43d7-825d-377965b041b8",
  "privilegeUUID" : "85ce5ed4-1490-4980-8c64-63fb423b5f14",
  "subjectTypeUUID" : "992580e9-ef41-4677-b8a8-09168cc4e324",
  "encounterTypeUUID" : "519158fe-1b91-4ed7-9fe7-4c11fbe189bc",
  "allow" : false,
  "privilegeType" : "EditVisit",
  "notEveryoneGroup" : true,
  "voided" : false
}, {
  "uuid" : "951f01d6-a6a2-4c95-8ce6-f997b00d8b5f",
  "groupUUID" : "d21cf16e-03e9-44a7-925e-ea9c53337b5d",
  "privilegeUUID" : "a5899d5a-7a9b-4cba-88dd-20167411787c",
  "allow" : true,
  "privilegeType" : "ViewEditEntitiesOnDataEntryApp",
  "notEveryoneGroup" : true,
  "voided" : false
}, {
  "uuid" : "a4cc8301-f797-4134-88ae-e5895eb98acf",
  "groupUUID" : "d21cf16e-03e9-44a7-925e-ea9c53337b5d",
  "privilegeUUID" : "c21758c9-d238-4746-81e8-f5e1ee3643c0",
  "allow" : true,
  "privilegeType" : "Analytics",
  "notEveryoneGroup" : true,
  "voided" : false
}, {
  "uuid" : "b05cc4eb-261b-4571-a575-a9bd85623fea",
  "groupUUID" : "0291c4b4-441a-43bd-a115-783103b6bcf8",
  "privilegeUUID" : "85ce5ed4-1490-4980-8c64-63fb423b5f14",
  "subjectTypeUUID" : "992580e9-ef41-4677-b8a8-09168cc4e324",
  "encounterTypeUUID" : "519158fe-1b91-4ed7-9fe7-4c11fbe189bc",
  "allow" : true,
  "privilegeType" : "EditVisit",
  "notEveryoneGroup" : true,
  "voided" : false
}, {
  "uuid" : "e7fee713-9663-4a9f-8a38-cdef7b74820e",
  "groupUUID" : "666a9d77-de06-43d7-825d-377965b041b8",
  "privilegeUUID" : "9f2a3495-93b7-47c3-8560-d572b6a9fc61",
  "subjectTypeUUID" : "992580e9-ef41-4677-b8a8-09168cc4e324",
  "encounterTypeUUID" : "519158fe-1b91-4ed7-9fe7-4c11fbe189bc",
  "allow" : false,
  "privilegeType" : "ViewVisit",
  "notEveryoneGroup" : true,
  "voided" : false
}, {
  "uuid" : "c27aa932-ae2b-430e-b1be-8561ab22e3f6",
  "groupUUID" : "d21cf16e-03e9-44a7-925e-ea9c53337b5d",
  "privilegeUUID" : "67410e50-8b40-4735-bfb4-135b13580027",
  "subjectTypeUUID" : "992580e9-ef41-4677-b8a8-09168cc4e324",
  "allow" : true,
  "privilegeType" : "ViewSubject",
  "notEveryoneGroup" : true,
  "voided" : false
}, {
  "uuid" : "2691863c-cc15-4e0b-835b-aefec79ff730",
  "groupUUID" : "d21cf16e-03e9-44a7-925e-ea9c53337b5d",
  "privilegeUUID" : "9f2a3495-93b7-47c3-8560-d572b6a9fc61",
  "subjectTypeUUID" : "992580e9-ef41-4677-b8a8-09168cc4e324",
  "encounterTypeUUID" : "519158fe-1b91-4ed7-9fe7-4c11fbe189bc",
  "allow" : true,
  "privilegeType" : "ViewVisit",
  "notEveryoneGroup" : true,
  "voided" : false
}, {
  "uuid" : "a3c92c38-872a-465c-9b42-f379cd7dc083",
  "groupUUID" : "d21cf16e-03e9-44a7-925e-ea9c53337b5d",
  "privilegeUUID" : "85ce5ed4-1490-4980-8c64-63fb423b5f14",
  "subjectTypeUUID" : "992580e9-ef41-4677-b8a8-09168cc4e324",
  "encounterTypeUUID" : "519158fe-1b91-4ed7-9fe7-4c11fbe189bc",
  "allow" : true,
  "privilegeType" : "EditVisit",
  "notEveryoneGroup" : true,
  "voided" : false
} ]