[ {
  "id" : 2841,
  "name" : "Mother",
  "uuid" : "afcbb5de-d39b-440f-af3e-a668e245a8c5",
  "voided" : false,
  "genders" : [ {
    "uuid" : "e249b558-ddec-4d96-8fac-9f811278f38a",
    "name" : "Female",
    "voided" : false
  } ]
}, {
  "id" : 2842,
  "name" : "Father",
  "uuid" : "6b609971-f7e7-4aba-9940-b9c960f3bc72",
  "voided" : false,
  "genders" : [ {
    "uuid" : "6ea83087-b73c-415c-82e9-ca018adf0720",
    "name" : "Male",
    "voided" : false
  } ]
}, {
  "id" : 2843,
  "name" : "Son",
  "uuid" : "1841619a-9bc2-48d4-804b-770f4a8e840f",
  "voided" : false,
  "genders" : [ {
    "uuid" : "6ea83087-b73c-415c-82e9-ca018adf0720",
    "name" : "Male",
    "voided" : false
  } ]
}, {
  "id" : 2844,
  "name" : "Daughter",
  "uuid" : "b7866cfd-faf6-4fce-9e24-120dae0a26e1",
  "voided" : false,
  "genders" : [ {
    "uuid" : "e249b558-ddec-4d96-8fac-9f811278f38a",
    "name" : "Female",
    "voided" : false
  } ]
}, {
  "id" : 2845,
  "name" : "Husband",
  "uuid" : "6bcf2cbe-4732-45ac-a87b-cf04e377cdee",
  "voided" : false,
  "genders" : [ {
    "uuid" : "6ea83087-b73c-415c-82e9-ca018adf0720",
    "name" : "Male",
    "voided" : false
  } ]
}, {
  "id" : 2846,
  "name" : "Wife",
  "uuid" : "cbf6ea0d-f8c5-4b37-bd24-06473f2f9ec7",
  "voided" : false,
  "genders" : [ {
    "uuid" : "e249b558-ddec-4d96-8fac-9f811278f38a",
    "name" : "Female",
    "voided" : false
  } ]
}, {
  "id" : 2847,
  "name" : "Son in law",
  "uuid" : "93d34fc8-1c55-4428-b81a-70029f5384c9",
  "voided" : false,
  "genders" : [ {
    "uuid" : "6ea83087-b73c-415c-82e9-ca018adf0720",
    "name" : "Male",
    "voided" : false
  } ]
}, {
  "id" : 2848,
  "name" : "Daughter in law",
  "uuid" : "a43b4664-f80a-460d-81c0-2f25667437a8",
  "voided" : false,
  "genders" : [ {
    "uuid" : "e249b558-ddec-4d96-8fac-9f811278f38a",
    "name" : "Female",
    "voided" : false
  } ]
}, {
  "id" : 2849,
  "name" : "Grandson",
  "uuid" : "23195293-beb1-4d99-822d-7bbc10f0cd16",
  "voided" : false,
  "genders" : [ {
    "uuid" : "6ea83087-b73c-415c-82e9-ca018adf0720",
    "name" : "Male",
    "voided" : false
  } ]
}, {
  "id" : 2850,
  "name" : "Granddaughter",
  "uuid" : "dc6abba7-25c2-4ebb-9804-4cf88540055b",
  "voided" : false,
  "genders" : [ {
    "uuid" : "e249b558-ddec-4d96-8fac-9f811278f38a",
    "name" : "Female",
    "voided" : false
  } ]
}, {
  "id" : 2851,
  "name" : "Niece",
  "uuid" : "11c49e82-151f-41ee-a41b-362e67d3c8da",
  "voided" : false,
  "genders" : [ {
    "uuid" : "e249b558-ddec-4d96-8fac-9f811278f38a",
    "name" : "Female",
    "voided" : false
  } ]
}, {
  "id" : 2852,
  "name" : "Nephew",
  "uuid" : "8cb93520-7413-4866-bb52-2ffa4008472a",
  "voided" : false,
  "genders" : [ {
    "uuid" : "6ea83087-b73c-415c-82e9-ca018adf0720",
    "name" : "Male",
    "voided" : false
  } ]
}, {
  "id" : 2853,
  "name" : "Brother",
  "uuid" : "5a9b86fd-e4ab-4d3c-a143-e701a6bf9ae2",
  "voided" : false,
  "genders" : [ {
    "uuid" : "6ea83087-b73c-415c-82e9-ca018adf0720",
    "name" : "Male",
    "voided" : false
  } ]
}, {
  "id" : 2854,
  "name" : "Sister",
  "uuid" : "bcbc70c2-260a-450c-90ac-6ba42b2b7b6c",
  "voided" : false,
  "genders" : [ {
    "uuid" : "e249b558-ddec-4d96-8fac-9f811278f38a",
    "name" : "Female",
    "voided" : false
  } ]
}, {
  "id" : 2855,
  "name" : "Brother in law",
  "uuid" : "cbb6ed3d-f213-4b34-89db-b85ec81b7c18",
  "voided" : false,
  "genders" : [ {
    "uuid" : "6ea83087-b73c-415c-82e9-ca018adf0720",
    "name" : "Male",
    "voided" : false
  } ]
}, {
  "id" : 2856,
  "name" : "Sister in law",
  "uuid" : "4b533a1f-40a4-435c-b8a6-a2d844f993b2",
  "voided" : false,
  "genders" : [ {
    "uuid" : "e249b558-ddec-4d96-8fac-9f811278f38a",
    "name" : "Female",
    "voided" : false
  } ]
}, {
  "id" : 2857,
  "name" : "Mother in law",
  "uuid" : "d6d1cf3d-0794-4ea0-9062-90414fc4288a",
  "voided" : false,
  "genders" : [ {
    "uuid" : "e249b558-ddec-4d96-8fac-9f811278f38a",
    "name" : "Female",
    "voided" : false
  } ]
}, {
  "id" : 2858,
  "name" : "Father in law",
  "uuid" : "09bdc038-1fd1-4595-813b-df3b00cb0b1d",
  "voided" : false,
  "genders" : [ {
    "uuid" : "6ea83087-b73c-415c-82e9-ca018adf0720",
    "name" : "Male",
    "voided" : false
  } ]
}, {
  "id" : 2859,
  "name" : "Other",
  "uuid" : "15531626-77cd-4b03-9b42-5ada772dc01a",
  "voided" : false,
  "genders" : [ {
    "uuid" : "6ea83087-b73c-415c-82e9-ca018adf0720",
    "name" : "Male",
    "voided" : false
  }, {
    "uuid" : "e249b558-ddec-4d96-8fac-9f811278f38a",
    "name" : "Female",
    "voided" : false
  }, {
    "uuid" : "e350cbf2-76e0-4d41-866e-1111c42aa323",
    "name" : "Other",
    "voided" : false
  } ]
}, {
  "id" : 2864,
  "name" : "Grandfather",
  "uuid" : "91aca044-902e-4cfe-81d2-125890e17fdc",
  "voided" : false,
  "genders" : [ {
    "uuid" : "6ea83087-b73c-415c-82e9-ca018adf0720",
    "name" : "Male",
    "voided" : false
  } ]
}, {
  "id" : 2865,
  "name" : "Grandmother",
  "uuid" : "bffbe818-25e0-42b8-850d-440a3ab62e8a",
  "voided" : false,
  "genders" : [ {
    "uuid" : "e249b558-ddec-4d96-8fac-9f811278f38a",
    "name" : "Female",
    "voided" : false
  } ]
}, {
  "id" : 2860,
  "name" : "Other ",
  "uuid" : "ef6a89bc-324f-475b-90b7-c9588b2d35b0",
  "voided" : true,
  "genders" : [ ]
}, {
  "id" : 2940,
  "name" : "Uncle",
  "uuid" : "acb07760-b486-43dd-b299-75e8b51e7886",
  "voided" : false,
  "genders" : [ {
    "uuid" : "6ea83087-b73c-415c-82e9-ca018adf0720",
    "name" : "Male",
    "voided" : false
  } ]
}, {
  "id" : 2941,
  "name" : "Aunt",
  "uuid" : "a65597e0-26b8-4fcf-b235-c600504bc5e1",
  "voided" : false,
  "genders" : [ {
    "uuid" : "e249b558-ddec-4d96-8fac-9f811278f38a",
    "name" : "Female",
    "voided" : false
  } ]
}, {
  "id" : 2866,
  "name" : "Child",
  "uuid" : "aad84592-42fb-48c4-94b8-033187909dba",
  "voided" : true,
  "genders" : [ ]
} ]