{
  "operationalEncounterTypes" : [ {
    "uuid" : "d2dd2465-cf25-4eba-a6c5-f93912232f88",
    "encounterType" : {
      "uuid" : "cf3dcb82-c88b-422f-9485-be7f02ad0c1b",
      "voided" : false
    },
    "name" : "Screening",
    "voided" : false
  }, {
    "uuid" : "ba4e19d8-1441-4f76-86ad-fa52f7108bdc",
    "encounterType" : {
      "uuid" : "fc7b9700-e939-46e0-b5fa-60c32560cb0d",
      "voided" : false
    },
    "name" : "Malnutrition Followup",
    "voided" : false
  }, {
    "uuid" : "47c9ce67-14bb-4e16-a06b-25bb6eec208c",
    "encounterType" : {
      "uuid" : "bad32cff-a28b-4821-8d7d-9bbabff845a2",
      "voided" : false
    },
    "name" : "Screening Followup",
    "voided" : false
  }, {
    "uuid" : "64aef6b8-ec63-4fd1-9956-4cd3e91643f4",
    "encounterType" : {
      "uuid" : "18c33028-3da6-40cc-b623-918751d1655c",
      "voided" : false
    },
    "name" : "Diabetes/HTN Followup",
    "voided" : false
  }, {
    "uuid" : "1d318c56-9f94-43c3-807b-2eba666fa538",
    "encounterType" : {
      "uuid" : "02b76349-4bec-4806-add8-9fb22acf2121",
      "voided" : false
    },
    "name" : "Mental Health Follow Up",
    "voided" : false
  }, {
    "uuid" : "3fd79f9c-31e2-46ff-9f62-94fca3ad4255",
    "encounterType" : {
      "uuid" : "a28f8246-1e4c-4c74-a578-8fb755532de6",
      "voided" : false
    },
    "name" : "Anaemia Followup",
    "voided" : false
  }, {
    "uuid" : "8583a408-fcfc-4861-9d81-8d83641717a9",
    "encounterType" : {
      "uuid" : "519158fe-1b91-4ed7-9fe7-4c11fbe189bc",
      "voided" : false
    },
    "name" : "Worker Monthly Reporting ",
    "voided" : false
  } ]
}