{
  "operationalPrograms" : [ {
    "uuid" : "47a90586-d69c-4eb2-8122-8f6a2f215468",
    "program" : {
      "uuid" : "d6bc3c7b-134d-426a-9e18-eecbdc732cb2",
      "voided" : false
    },
    "name" : "Diabetes/HTN",
    "programSubjectLabel" : "",
    "voided" : false
  }, {
    "uuid" : "d19d5798-8c59-4fd2-89be-b6d6eb287ad9",
    "program" : {
      "uuid" : "e6d112a2-e71c-4e49-b61f-9d7a75a1a669",
      "voided" : false
    },
    "name" : "Malnutrition",
    "programSubjectLabel" : "",
    "voided" : false
  }, {
    "uuid" : "67e79e1d-2f80-41e2-9c39-95313727fedc",
    "program" : {
      "uuid" : "6a9a5dc4-7e53-4955-ac74-ffa3c2ea6e63",
      "voided" : false
    },
    "name" : "Mental Health",
    "programSubjectLabel" : "",
    "voided" : false
  }, {
    "uuid" : "868a8b85-7d94-4985-8cae-65a060bcefc3",
    "program" : {
      "uuid" : "1e829a1a-94db-4703-83dc-007af925b71e",
      "voided" : false
    },
    "name" : "Anaemia",
    "programSubjectLabel" : "",
    "voided" : false
  } ]
}