{
  "operationalSubjectTypes" : [ {
    "uuid" : "24e40a0a-f5df-49a1-8e59-295f91073cc5",
    "subjectType" : {
      "uuid" : "79a3e20c-ece3-4b77-b09c-4c672c175d7a",
      "voided" : false
    },
    "name" : "Household",
    "voided" : false
  }, {
    "uuid" : "b3e1aaa8-bb47-4654-8bcb-ece2626be81b",
    "subjectType" : {
      "uuid" : "9f194eba-dde4-46b0-a3f4-583272fb5866",
      "voided" : false
    },
    "name" : "Individual",
    "voided" : false
  }, {
    "uuid" : "317943ce-1b33-495f-957a-a13bce25eeb3",
    "subjectType" : {
      "uuid" : "52eaff5c-0224-486e-8eb2-d22b93af47a0",
      "voided" : false
    },
    "name" : "hhh (voided~1928)",
    "voided" : true
  }, {
    "uuid" : "cf219249-c362-45c8-b664-e003fe46d0ee",
    "subjectType" : {
      "uuid" : "4c2cc0b2-919c-492a-abd5-d9f39f5da6f5",
      "voided" : false
    },
    "name" : "Worker Monthly Reporting Form (voided~1959)",
    "voided" : true
  }, {
    "uuid" : "3ee4b476-dd75-4089-b8a7-0a591aa282e2",
    "subjectType" : {
      "uuid" : "992580e9-ef41-4677-b8a8-09168cc4e324",
      "voided" : false
    },
    "name" : "Worker Monthly Reporting Form",
    "voided" : false
  } ]
}