{
  "uuid" : "dc5ab781-bca2-4663-945a-1473ff4fead5",
  "settings" : {
    "languages" : [ "en", "gu_IN" ],
    "customRegistrationLocations" : [ {
      "subjectTypeUUID" : "992580e9-ef41-4677-b8a8-09168cc4e324",
      "locationTypeUUIDs" : [ "f7c543f1-052d-4806-8fb6-77d5dca46dee" ]
    } ],
    "lowestAddressLevelType" : [ "2337.2338.2387.2388.2389" ],
    "searchFilters" : [ {
      "type" : "Address",
      "widget" : "Default",
      "titleKey" : "Location of Individual",
      "subjectTypeUUID" : "9f194eba-dde4-46b0-a3f4-583272fb5866"
    }, {
      "type" : "Address",
      "widget" : "Default",
      "titleKey" : "Location of Household",
      "subjectTypeUUID" : "79a3e20c-ece3-4b77-b09c-4c672c175d7a"
    }, {
      "type" : "Name",
      "widget" : "Default",
      "titleKey" : "Household Name",
      "subjectTypeUUID" : "79a3e20c-ece3-4b77-b09c-4c672c175d7a"
    }, {
      "type" : "Address",
      "titleKey" : "Worker Monthly Reporting",
      "subjectTypeUUID" : "992580e9-ef41-4677-b8a8-09168cc4e324"
    } ],
    "skipRuleExecution" : false,
    "myDashboardFilters" : [ ]
  },
  "worklistUpdationRule" : "//SAMPLE RULE EXAMPLE\n  ({params, imports}) => {\n    const workLists = params.workLists;\n    const context = params.context;\n    const RuleCondition = imports.rulesConfig.RuleCondition;\n    const WorkItem = imports.models.WorkItem;\n    const entity = context.entity;\n    const currentWorkItem = workLists.getCurrentWorkItem();\n    const moment = imports.moment;\n    \n    function generateUUID() {\n        const timestamp = new Date().getTime();\n        return 'xxxxxxxx-xxxx-4xxx-yxxx-xxxxxxxxxxxx'.replace(/[xy]/g, function(c) {\n            const r = (timestamp + Math.random()*16)%16 | 0;\n            return (c === 'x' ? r : (r&0x3|0x8)).toString(16);\n        });\n    }\n    \n    const registrationWorklistRule = (individual,currentWorkList) => {\n      const hasScreening = individual.encounters.some(function(enc) {\n        return (\n          enc &&\n          enc.encounterType &&\n          enc.encounterType.name &&\n          enc.encounterType.name.trim() === \"Screening\" &&\n          enc.filledBy != null &&\n          enc.filledByUUID != null\n        );\n      });\n      if(!hasScreening && individual.getAgeInYears() > 6){\n        currentWorkList.workItems.splice(0,currentWorkList.workItems.length,\n          new WorkItem(generateUUID(),\n            WorkItem.type.ENCOUNTER,\n            {\n                encounterType: \"Screening\",\n                subjectUUID: individual.uuid,\n                subjectTypeName: 'Individual'\n            })); \n      } else {\n        if(currentWorkList.workItems && currentWorkList.workItems.length > 0){\n          currentWorkList.workItems.splice(0); \n        }\n      }\n    };\n    \n    const encounterWorklistRule = (individual,currentWorkList) => {\n      const hasScreeningFollowUp = individual.individual.encounters.some(function(enc) {\n        return (\n          enc &&\n          enc.that &&\n          enc.that[\"\"] &&\n          enc.that[\"\"].encounterType &&\n          enc.that[\"\"].encounterType[\"\"] &&\n          enc.that[\"\"].encounterType[\"\"].name &&\n          enc.that[\"\"].encounterType[\"\"].name.trim() === \"Screening Followup\"\n        );\n      });\n      \n      if(!hasScreeningFollowUp && individual.individual.getAgeInYears() > 6 && !individual.individual.hasActiveEnrolment){\n        let conditionConfirmed = individual.getObservationReadableValue(\"Conditions confirmed\");\n        \n        if(individual.individual.getAgeInYears() > 14 && (conditionConfirmed.includes('Diabetes') || conditionConfirmed.includes('Diabetes & HTN')  || conditionConfirmed.includes('HTN'))) {\n          currentWorkList.workItems.splice(0,currentWorkList.workItems.length,\n            new WorkItem(generateUUID(),\n              WorkItem.type.PROGRAM_ENROLMENT,\n              {\n                  programName: \"Diabetes/HTN\",\n                  subjectUUID: individual.individual.uuid,\n                  subjectTypeName: 'Individual'\n              }));\n        }else if(conditionConfirmed.includes('Anaemia')) {\n          currentWorkList.workItems.splice(0,currentWorkList.workItems.length,\n            new WorkItem(generateUUID(),\n              WorkItem.type.PROGRAM_ENROLMENT,\n              {\n                  programName: \"Anaemia\",\n                  subjectUUID: individual.individual.uuid,\n                  subjectTypeName: 'Individual'\n              }));\n        }else if(conditionConfirmed.includes('Mental Health')) {\n          currentWorkList.workItems.splice(0,currentWorkList.workItems.length,\n            new WorkItem(generateUUID(),\n              WorkItem.type.PROGRAM_ENROLMENT,\n              {\n                  programName: \"Mental Health\",\n                  subjectUUID: individual.individual.uuid,\n                  subjectTypeName: 'Individual'\n              }));\n        } else {\n          if(currentWorkList.workItems && currentWorkList.workItems.length > 0){\n            currentWorkList.workItems.splice(0); \n          }\n        }\n      }\n    };\n\n    const main = (workLists) => {\n      const {type} = currentWorkItem;\n\n      if(type === WorkItem.type.REGISTRATION){\n          registrationWorklistRule(entity,workLists.currentWorkList);\n      }\n      \n      if(type === WorkItem.type.ENCOUNTER){\n          encounterWorklistRule(entity,workLists.currentWorkList);\n      }\n      return workLists;\n    };\n\n    return main(workLists);\n\n};"
}