[ {
  "name" : "Diabetes/HTN",
  "uuid" : "d6bc3c7b-134d-426a-9e18-eecbdc732cb2",
  "colour" : "#ff0000",
  "voided" : false,
  "active" : null,
  "enrolmentEligibilityCheckRule" : "'use strict';\n({params, imports}) => {\n  const individual = params.entity;\n  const moment = imports.moment;\n  let eligibility = true;\n  \n  const dateOfBirth = moment(individual.dateOfBirth).startOf('day');\n  const today = moment().startOf('day');\n  const age = today.diff(dateOfBirth, 'years', true);\n  \n  if(age < 14){\n    return false;  \n  }\n  \n  const condition11 = new imports.rulesConfig.RuleCondition({individual}).when.latestValueInAllEncounters(\"3a822fa1-c524-4d6d-afba-998f516f42e3\").containsAnyAnswerConceptName(\"be6e3012-9a19-41df-9bdb-13182a2dd862\",\"f6c5a8f3-d881-46ff-9304-01186a5bf5d7\",\"f42712e6-8a42-4728-a8f9-7af6039eb2b3\").matches();\n  \n  eligibility = condition11 ;\n  \n  return eligibility;\n};",
  "enrolmentSummaryRule" : "//SAMPLE RULE EXAMPLE\n'use strict';\n({params, imports}) =>  {\n    const summaries = [];\n    const programEnrolment = params.programEnrolment;\n\n    const typeOfCase = programEnrolment.getObservationValue('2b788ab3-058e-4d52-a813-3ebce1f42060');\n    if(typeOfCase) {\n        summaries.push({name: \"Type of case\", value: [typeOfCase]});\n    }\n\n    const historyOfMajorIllness = programEnrolment.getObservationValue('75b7d2b1-9d47-422e-9643-fb5647264a2f');\n    if(historyOfMajorIllness) {\n        summaries.push({name: \"History of major illness\", value: historyOfMajorIllness});\n    }\n\n    const presentMedicines = programEnrolment.getObservationValue('e40dc1bf-1605-4a05-a1c9-f62273819e25');\n    if(presentMedicines && presentMedicines.length > 0) {\n\n        let medicineNames = [];\n\n        presentMedicines.forEach(currentQuestionGroup => {\n            const medicineName = currentQuestionGroup.findObservationByConceptUUID('d5b33546-c97d-4325-96f1-a56b2895ecfe');\n            if(medicineName) {\n                medicineNames.push(medicineName.getValue())\n            }\n        });\n\n        if(medicineNames.length > 0) {\n            summaries.push({name: \"Medicine Name\", value: medicineNames});\n        }\n    }\n    \n    const noUuid = 'a6a7e47d-c258-4e4e-840c-d8bd6cefc7b4';\n    let latestEncounter = programEnrolment.getEncountersOfType('Diabetes/HTN Followup', true)\n        .filter((enc) => enc.encounterDateTime && enc.getObservationValue('a3ef5831-4073-463e-9cef-2403167f7d8d') == noUuid);\n\n    if(latestEncounter && latestEncounter.length > 0) {\n        latestEncounter = latestEncounter[0];\n\n        const rbs = latestEncounter.getObservationValue('6f8bb653-3ca5-4968-a46f-7cbfa432e065');\n        if(rbs && rbs > 200) {\n            summaries.push({name: \"Random Blood Sugar (RBS)\", value: rbs});\n        }\n\n        const fbs = latestEncounter.getObservationValue('ea5663a1-8ef2-4006-a0f6-258bbf0cbea7');\n        if(fbs && fbs > 200) {\n            summaries.push({name: \"Fasting Blood Sugar (FBS)\", value: fbs});\n        }\n\n        const ppbs = latestEncounter.getObservationValue('abc11ade-28a2-4c23-a1ec-3169d5d1109c');\n        if(ppbs && ppbs > 200) {\n            summaries.push({name: \"Post Prandial Blood Sugar (PPBS)\", value: ppbs});\n        }\n\n        const systolicBP = latestEncounter.getObservationValue('ea23b660-a68f-4d6f-a192-21008a730263');\n        if(systolicBP && systolicBP >= 140){\n            summaries.push({name: \"Systolic Blood Pressure\", value: systolicBP});\n        }\n\n        const diastolicBP = latestEncounter.getObservationValue('216f3c3a-b414-4eab-abbd-a43af4e562ef');\n        if(diastolicBP && diastolicBP >= 90) {\n            summaries.push({name: \"Diastolic Blood Pressure\", value: diastolicBP});\n        }\n\n        const highRiskComplaints = latestEncounter.getObservationValue('ac454f74-f2e9-4398-a676-c90c2df24ae2'); \n        if(highRiskComplaints && highRiskComplaints.length > 0) {\n            summaries.push({name: \"High Risk complaints\", value: highRiskComplaints})\n        }\n\n        const referedToAnyMedicalFacility = latestEncounter.getObservationValue('d095fb68-bd8f-4624-9bed-6b37348e73a5');\n        if(referedToAnyMedicalFacility){ \n            summaries.push({name: \"Referred to any medical facility?\", value: [referedToAnyMedicalFacility]})\n        }\n\n        const placeReferedTo = latestEncounter.getObservationValue('e1a7728d-fdf2-4c17-8a6f-31ac46a52713');\n        if(placeReferedTo){ \n            summaries.push({name: \"Place referred to?\", value: [placeReferedTo]})\n        } \n        \n        const takingMedicine = latestEncounter.getObservationValue('ab2f3b85-202d-4518-a113-039e96c60ff6');\n        if(takingMedicine){ \n            summaries.push({name: \"Taking medicines\", value: [takingMedicine]})\n        } \n    }\n\n    return summaries;\n};",
  "enrolmentEligibilityCheckDeclarativeRule" : null,
  "manualEligibilityCheckRequired" : false,
  "showGrowthChart" : false,
  "manualEnrolmentEligibilityCheckRule" : "",
  "manualEnrolmentEligibilityCheckDeclarativeRule" : null,
  "allowMultipleEnrolments" : false
}, {
  "name" : "Malnutrition",
  "uuid" : "e6d112a2-e71c-4e49-b61f-9d7a75a1a669",
  "colour" : "#ff0000",
  "voided" : false,
  "active" : null,
  "enrolmentEligibilityCheckRule" : "'use strict';\n({params, imports}) => {\n  const individual = params.entity;\n  const moment = imports.moment;\n  let eligibility = true;\n  \n  const condition11 = new imports.rulesConfig.RuleCondition({individual}).when.ageInYears.lessThanOrEqualTo(6).matches();\n  \n  eligibility = condition11 ;\n  \n  return eligibility;\n};",
  "enrolmentSummaryRule" : "'use strict';\n\n({ params, imports }) => {\n    const summaries = [];\n    const programEnrolment = params.programEnrolment;\n    \n    const observations = [\n        { key: 'b1d4cd26-ab33-4149-b154-857d9062bf78', name: 'Birth Weight' },\n        { key: 'b8cd98e9-7cf6-4c6c-8aca-d6041d6b73e9', name: 'Type of cases' },\n        { key: '2b570009-a2c6-4e9c-848d-f57f5ac062d3', name: 'Any congenital malformations' },\n        { key: '970d869f-16be-4331-931b-a40b5c7492f3', name: 'Major illness' }\n    ];\n    \n    observations.forEach(({ key, name }) => {\n        const value = programEnrolment.getObservationValue(key);\n        if (value && value.length > 0) {\n            summaries.push({ name, value });\n        }\n    });\n\n    const latestEncounter = programEnrolment.getEncountersOfType('Malnutrition Followup', true)\n        .find(enc => enc.encounterDateTime && enc.getObservationValue('a3ef5831-4073-463e-9cef-2403167f7d8d') === 'a6a7e47d-c258-4e4e-840c-d8bd6cefc7b4');\n    \n    if (latestEncounter) {\n        const encounterObservations = [\n            { key: '739c934c-0fd3-4ff9-95b2-762e802863b5', name: 'Present complaints' },\n            { key: '79a70c9a-9f38-40fe-ae67-f118d131a4ed', name: 'Weight' },\n            { key: '61f122c0-5283-43e7-b324-f53d680398e1', name: 'Height' },\n            { key: 'c90f0afe-edb3-42ed-892b-d2067dc78d61', name: 'Weight for age' },\n            { key: '5de1b1d2-3955-43cf-925f-95a024f07121', name: 'Height for age' },\n            { key: '9e14344c-e51c-44fc-b666-b74c79b7389e', name: 'Weight for height' },\n            { key: 'c935ffc0-03d5-40a7-ac50-cded1977f358', name: 'Development as per age/ Mamta card' },\n            { key: '4441fb41-f283-4672-a9d7-652286a9ffbd', name: 'Referred child to medical centre?' },\n            { key: 'e1a7728d-fdf2-4c17-8a6f-31ac46a52713', name: 'Place referred to?' }\n        ];\n        \n        encounterObservations.forEach(({ key, name }) => {\n            const value = latestEncounter.getObservationValue(key);\n            if (value) {\n                summaries.push({ name, value: Array.isArray(value) ? value : [value] });\n            }\n        });\n    }\n    \n    return summaries;\n};",
  "enrolmentEligibilityCheckDeclarativeRule" : [ {
    "actions" : [ {
      "actionType" : "showProgram"
    }, { } ],
    "conditions" : [ {
      "compoundRule" : {
        "rules" : [ {
          "lhs" : {
            "type" : "ageInYears"
          },
          "rhs" : {
            "type" : "value",
            "value" : 6
          },
          "operator" : "lessThanOrEqualTo"
        } ]
      }
    } ]
  } ],
  "manualEligibilityCheckRequired" : false,
  "showGrowthChart" : false,
  "manualEnrolmentEligibilityCheckRule" : "",
  "manualEnrolmentEligibilityCheckDeclarativeRule" : null,
  "allowMultipleEnrolments" : false
}, {
  "name" : "Mental Health",
  "uuid" : "6a9a5dc4-7e53-4955-ac74-ffa3c2ea6e63",
  "colour" : "#ff0000",
  "voided" : false,
  "active" : null,
  "enrolmentEligibilityCheckRule" : "'use strict';\n({params, imports}) => {\n  const individual = params.entity;\n  const moment = imports.moment;\n  let eligibility = true;\n  \n  const dateOfBirth = moment(individual.dateOfBirth).startOf('day');\nconst today = moment().startOf('day');\nconst age = today.diff(dateOfBirth, 'years', true); \n\nif (age <= 6) {\n  return false; \n}\n\n  \n  const condition11 = new imports.rulesConfig.RuleCondition({individual}).when.latestValueInAllEncounters(\"3a822fa1-c524-4d6d-afba-998f516f42e3\").containsAnswerConceptName(\"47530641-1ca9-4b72-8352-07a00f74aa56\").matches();\n  \n  eligibility = condition11 ;\n  \n  return eligibility;\n};",
  "enrolmentSummaryRule" : "'use strict';\n({params, imports}) =>  {\n    const summaries = [];\n    const individual = params.entity;\n    const programEnrolment = params.programEnrolment;\n\n    const typeOfCase = programEnrolment.findObservationInEntireEnrolment(\"Type of mental heath cases\");\n    if (typeOfCase) {\n      summaries.push({name: \"Type of mental heath cases\", value: [typeOfCase.getValue()]});\n    }\n    \n    const careTakerName = programEnrolment.findObservationInEntireEnrolment(\"Caretaker name\");\n    if (careTakerName) {\n      summaries.push({\n        name: \"Caretaker name\",\n        value: [careTakerName.getValue()],\n      });\n    }\n\n    const careTakerRelation = programEnrolment.findObservationInEntireEnrolment(\"Caretaker relation\");\n    if (careTakerRelation) {\n      summaries.push({\n        name: \"Caretaker relation\",\n        value: [careTakerRelation.getValue()],\n      });\n    }\n\n    const placeOfCheckUp = programEnrolment.findObservationInEntireEnrolment(\"Place of regular checkup for mental health\");\n    if (placeOfCheckUp) {\n      summaries.push({\n        name: \"Place of regular checkup for mental health\",\n        value: [placeOfCheckUp.getValue()],\n      });\n    }\n\n    \n   const presentMedicines = programEnrolment.getObservationValue('66bffa22-6d3a-4b80-81db-aae50a5aa06c');\n    if(presentMedicines && presentMedicines.length > 0) {\n    \n        let medicineNames = [];\n\n        presentMedicines.forEach(currentQuestionGroup => {\n        \n            const medicineName = currentQuestionGroup.findObservationByConceptUUID('08d080f2-082f-47ef-8466-81cba5f6cac2');\n          \n            if(medicineName) {\n                medicineNames.push(medicineName.getValue())\n            }\n        });\n        if(medicineNames.length > 0) {\n            summaries.push({name: \"Medicine Name for Mental Health\", value: medicineNames});\n        }\n\n    }\n    \n\n    let latestEncounter = programEnrolment.getEncountersOfType('Mental Health Follow Up', true)\n        .filter((enc) => enc.encounterDateTime && enc.getObservationValue('a3ef5831-4073-463e-9cef-2403167f7d8d') === 'a6a7e47d-c258-4e4e-840c-d8bd6cefc7b4');\n\n    if(latestEncounter && latestEncounter.length > 0) {\n        latestEncounter = latestEncounter[0];\n\n        const takingMedicine = latestEncounter.getObservationValue('ab2f3b85-202d-4518-a113-039e96c60ff6');\n        if(takingMedicine) {\n            summaries.push({name: \"Taking medicines\", value: takingMedicine});\n        }\n\n        const worksLiveliHood = latestEncounter.getObservationValue('c46253f4-bae3-44a9-9a5b-cf210d62fed5');\n        if(worksLiveliHood) {\n            summaries.push({name: \"Works for livelihood\", value: worksLiveliHood});\n        }\n\n        const overAllImprovement = latestEncounter.getObservationValue('73ccece0-356b-46ab-a71f-c2ce9f3eaf89');\n        if(overAllImprovement) {\n            summaries.push({name: \"Overall Improvement\", value: overAllImprovement});\n        }\n        \n    }\n\n    return summaries;\n};",
  "enrolmentEligibilityCheckDeclarativeRule" : null,
  "manualEligibilityCheckRequired" : false,
  "showGrowthChart" : false,
  "manualEnrolmentEligibilityCheckRule" : "",
  "manualEnrolmentEligibilityCheckDeclarativeRule" : null,
  "allowMultipleEnrolments" : false
}, {
  "name" : "Anaemia",
  "uuid" : "1e829a1a-94db-4703-83dc-007af925b71e",
  "colour" : "#ff0000",
  "voided" : false,
  "active" : null,
  "enrolmentEligibilityCheckRule" : "'use strict';\n({params, imports}) => {\n  const individual = params.entity;\n  const moment = imports.moment;\n  let eligibility = true;\n  \n  const dateOfBirth = moment(individual.dateOfBirth).startOf('day');\nconst today = moment().startOf('day');\nconst age = today.diff(dateOfBirth, 'years', true); \n\nif (age <= 6) {\n  return false; \n}\n\n  \n  const condition11 = new imports.rulesConfig.RuleCondition({individual}).when.latestValueInAllEncounters(\"3a822fa1-c524-4d6d-afba-998f516f42e3\").containsAnswerConceptName(\"eba4304b-7856-4ffd-8125-fb18a25e51c2\").matches();\n  \n  eligibility = condition11 ;\n  \n  return eligibility;\n};",
  "enrolmentSummaryRule" : "'use strict';\n({params, imports}) =>  {\n    const summaries = [];\n    const individual = params.entity;\n    const programEnrolment = params.programEnrolment;\n    const yesUUID = \"1bc21eb3-f2f3-4d85-bdc0-ec1ae0e56672\";\n\n    const typeOfCase = programEnrolment.findObservationInEntireEnrolment(\"Types of Cases in Anaemia\");\n    if (typeOfCase) {\n      summaries.push({name: \"Types of Cases in Anaemia\", value: [typeOfCase.getValue()]});\n    }\n    \n    const wormsHistoryinSTool = programEnrolment.findObservationInEntireEnrolment(\"History of worms in stools\");\n    if (wormsHistoryinSTool && wormsHistoryinSTool.getValue() === yesUUID) {\n      summaries.push({\n        name: \"History of worms in stools\",\n        value: [wormsHistoryinSTool.getValue()],\n      });\n    }\n    \n    const ironDef = programEnrolment.findObservationInEntireEnrolment(\"Iron Deficiency Anaemia\");\n    if (ironDef && ironDef.getValue() === yesUUID) {\n      summaries.push({\n        name: \"Iron Deficiency Anaemia\",\n        value: [ironDef.getValue()],\n      });\n    }\n    \n    const megAnaemia = programEnrolment.findObservationInEntireEnrolment(\"Megaloblastic anaemia\");\n    if (megAnaemia && megAnaemia.getValue() === yesUUID) {\n      summaries.push({\n        name: \"Megaloblastic anaemia\",\n        value: [megAnaemia.getValue()],\n      });\n    }\n    \n    const bloodLoss = programEnrolment.findObservationInEntireEnrolment(\"Anaemia due to blood loss\");\n    if (bloodLoss && bloodLoss.getValue() === yesUUID) {\n      summaries.push({\n        name: \"Anaemia due to blood loss\",\n        value: [bloodLoss.getValue()],\n      });\n    }\n    \n    const sickleCell = programEnrolment.findObservationInEntireEnrolment(\"Sickle cell Disease\");\n    if (sickleCell && sickleCell.getValue() === yesUUID) {\n      summaries.push({\n        name: \"Sickle cell Disease\",\n        value: [sickleCell.getValue()],\n      });\n    }\n    \n    const sickleCellTrait = programEnrolment.findObservationInEntireEnrolment(\"Sickle cell trait\");\n    if (sickleCellTrait && sickleCellTrait.getValue() === yesUUID) {\n      summaries.push({\n        name: \"Sickle cell trait\",\n        value: [sickleCellTrait.getValue()],\n      });\n    }\n    \n    const sickleThal = programEnrolment.findObservationInEntireEnrolment(\"Sickle- Thal\");\n    if (sickleThal && sickleThal.getValue() === yesUUID) {\n      summaries.push({\n        name: \"Sickle- Thal\",\n        value: [sickleThal.getValue()],\n      });\n    }\n    \n    const thalMajor = programEnrolment.findObservationInEntireEnrolment(\"Thallasaemia Major\");\n    if (thalMajor && thalMajor.getValue() === yesUUID) {\n      summaries.push({\n        name: \"Thallasaemia Major\",\n        value: [thalMajor.getValue()],\n      });\n    } \n    \n    const thalMinor = programEnrolment.findObservationInEntireEnrolment(\"Thallasaemia Minor\");\n    if (thalMinor && thalMinor.getValue() === yesUUID) {\n      summaries.push({\n        name: \"Thallasaemia Minor\",\n        value: [thalMinor.getValue()],\n      });\n    }\n    \n    const attainedStatus = programEnrolment.findObservationInEntireEnrolment(\"Attained Menarche/Menopause\");\n    if (attainedStatus) {\n      summaries.push({name: \"Attained Menarche/Menopause\", value: [attainedStatus.getValue()]});\n    }\n    \n    \n   const presentMedicines = programEnrolment.getObservationValue('a528fa8a-d9b2-4e6f-9b35-32dfe17a6793');\n    if(presentMedicines && presentMedicines.length > 0) {\n    \n        let medicineNames = [];\n\n        presentMedicines.forEach(currentQuestionGroup => {\n        \n            const medicineName = currentQuestionGroup.findObservationByConceptUUID('dc2e0822-07dd-47fb-848c-706a8bab4fa3');\n          \n            if(medicineName) {\n                medicineNames.push(medicineName.getValue())\n            }\n        });\n        if(medicineNames.length > 0) {\n            summaries.push({name: \"Anaemia Medicine Name\", value: medicineNames});\n        }\n\n    }\n    \n\n    let latestEncounter = programEnrolment.getEncountersOfType('Anaemia Followup', true)\n        .filter((enc) => enc.encounterDateTime && enc.getObservationValue('a3ef5831-4073-463e-9cef-2403167f7d8d') === 'a6a7e47d-c258-4e4e-840c-d8bd6cefc7b4');\n\n    if(latestEncounter && latestEncounter.length > 0) {\n        latestEncounter = latestEncounter[0];\n\n        const referedMedicalCenter = latestEncounter.getObservationValue('90c6d5c4-c7cf-43a1-8489-260a4bccefac');\n        if(referedMedicalCenter) {\n            summaries.push({name: \"Referred Patient to medical centre?\", value: referedMedicalCenter});\n        }\n        \n        const referralCause = latestEncounter.getObservationValue('d58ad76f-229f-4566-b057-70e07b29a553');\n        if(referralCause) {\n            summaries.push({name: \"Cause of Referral\", value: referralCause});\n        }\n        \n         const didVisitCenter = latestEncounter.getObservationValue('f6639313-f95e-490c-bba1-aefc7a19fe17');\n        if(didVisitCenter) {\n            summaries.push({name: \"Did you visit the refered centre?\", value: didVisitCenter});\n        }\n        \n         const referalPlace = latestEncounter.getObservationValue('Place of referral for Anaemia Followup');\n        if(referalPlace) {\n            summaries.push({name: \"Place of referral for Anaemia Followup\", value:referalPlace });\n        }\n    }\n\n    return summaries;\n};\n",
  "enrolmentEligibilityCheckDeclarativeRule" : null,
  "manualEligibilityCheckRequired" : false,
  "showGrowthChart" : false,
  "manualEnrolmentEligibilityCheckRule" : "",
  "manualEnrolmentEligibilityCheckDeclarativeRule" : null,
  "allowMultipleEnrolments" : false
} ]