[ {
  "uuid" : "d0307db1-ab33-49e4-aaac-7ea2898918e5",
  "id" : 2404,
  "individualAIsToBRelation" : {
    "uuid" : "afcbb5de-d39b-440f-af3e-a668e245a8c5",
    "id" : 2841,
    "name" : "Mother",
    "genders" : [ "Female" ]
  },
  "individualBIsToARelation" : {
    "uuid" : "1841619a-9bc2-48d4-804b-770f4a8e840f",
    "id" : 2843,
    "name" : "Son",
    "genders" : [ "Male" ]
  }
}, {
  "uuid" : "dc90513e-5cd3-402f-8dc1-8d4b1c693920",
  "id" : 2405,
  "individualAIsToBRelation" : {
    "uuid" : "afcbb5de-d39b-440f-af3e-a668e245a8c5",
    "id" : 2841,
    "name" : "Mother",
    "genders" : [ "Female" ]
  },
  "individualBIsToARelation" : {
    "uuid" : "b7866cfd-faf6-4fce-9e24-120dae0a26e1",
    "id" : 2844,
    "name" : "Daughter",
    "genders" : [ "Female" ]
  }
}, {
  "uuid" : "18cc44c9-221b-4876-9968-cd4de1a690f5",
  "id" : 2406,
  "individualAIsToBRelation" : {
    "uuid" : "6b609971-f7e7-4aba-9940-b9c960f3bc72",
    "id" : 2842,
    "name" : "Father",
    "genders" : [ "Male" ]
  },
  "individualBIsToARelation" : {
    "uuid" : "1841619a-9bc2-48d4-804b-770f4a8e840f",
    "id" : 2843,
    "name" : "Son",
    "genders" : [ "Male" ]
  }
}, {
  "uuid" : "ec11aba6-cefa-448c-ac1b-e32de37901a1",
  "id" : 2407,
  "individualAIsToBRelation" : {
    "uuid" : "6b609971-f7e7-4aba-9940-b9c960f3bc72",
    "id" : 2842,
    "name" : "Father",
    "genders" : [ "Male" ]
  },
  "individualBIsToARelation" : {
    "uuid" : "b7866cfd-faf6-4fce-9e24-120dae0a26e1",
    "id" : 2844,
    "name" : "Daughter",
    "genders" : [ "Female" ]
  }
}, {
  "uuid" : "aaa270c4-549c-4949-84d2-c4dec39d602b",
  "id" : 2408,
  "individualAIsToBRelation" : {
    "uuid" : "6bcf2cbe-4732-45ac-a87b-cf04e377cdee",
    "id" : 2845,
    "name" : "Husband",
    "genders" : [ "Male" ]
  },
  "individualBIsToARelation" : {
    "uuid" : "cbf6ea0d-f8c5-4b37-bd24-06473f2f9ec7",
    "id" : 2846,
    "name" : "Wife",
    "genders" : [ "Female" ]
  }
}, {
  "uuid" : "051817dc-f19f-45ae-ad85-2bbd4e64c795",
  "id" : 2417,
  "individualAIsToBRelation" : {
    "uuid" : "bcbc70c2-260a-450c-90ac-6ba42b2b7b6c",
    "id" : 2854,
    "name" : "Sister",
    "genders" : [ "Female" ]
  },
  "individualBIsToARelation" : {
    "uuid" : "5a9b86fd-e4ab-4d3c-a143-e701a6bf9ae2",
    "id" : 2853,
    "name" : "Brother",
    "genders" : [ "Male" ]
  }
}, {
  "uuid" : "5e83c663-a1f5-4052-be13-fd40d5a5125b",
  "id" : 2419,
  "individualAIsToBRelation" : {
    "uuid" : "bcbc70c2-260a-450c-90ac-6ba42b2b7b6c",
    "id" : 2854,
    "name" : "Sister",
    "genders" : [ "Female" ]
  },
  "individualBIsToARelation" : {
    "uuid" : "11c49e82-151f-41ee-a41b-362e67d3c8da",
    "id" : 2851,
    "name" : "Niece",
    "genders" : [ "Female" ]
  },
  "voided" : true
}, {
  "uuid" : "e8ee8870-5243-441c-b8d8-b19a8515d56d",
  "id" : 2420,
  "individualAIsToBRelation" : {
    "uuid" : "bcbc70c2-260a-450c-90ac-6ba42b2b7b6c",
    "id" : 2854,
    "name" : "Sister",
    "genders" : [ "Female" ]
  },
  "individualBIsToARelation" : {
    "uuid" : "8cb93520-7413-4866-bb52-2ffa4008472a",
    "id" : 2852,
    "name" : "Nephew",
    "genders" : [ "Male" ]
  },
  "voided" : true
}, {
  "uuid" : "fe1ba2cd-0756-4908-a63c-7e2347ef102d",
  "id" : 2411,
  "individualAIsToBRelation" : {
    "uuid" : "6b609971-f7e7-4aba-9940-b9c960f3bc72",
    "id" : 2842,
    "name" : "Father",
    "genders" : [ "Male" ]
  },
  "individualBIsToARelation" : {
    "uuid" : "93d34fc8-1c55-4428-b81a-70029f5384c9",
    "id" : 2847,
    "name" : "Son in law",
    "genders" : [ "Male" ]
  },
  "voided" : true
}, {
  "uuid" : "6baf700d-afa3-4491-937f-906d0980a56a",
  "id" : 2412,
  "individualAIsToBRelation" : {
    "uuid" : "6b609971-f7e7-4aba-9940-b9c960f3bc72",
    "id" : 2842,
    "name" : "Father",
    "genders" : [ "Male" ]
  },
  "individualBIsToARelation" : {
    "uuid" : "a43b4664-f80a-460d-81c0-2f25667437a8",
    "id" : 2848,
    "name" : "Daughter in law",
    "genders" : [ "Female" ]
  },
  "voided" : true
}, {
  "uuid" : "8078b0ff-cb8f-4a0e-8946-014a5b19d179",
  "id" : 2413,
  "individualAIsToBRelation" : {
    "uuid" : "5a9b86fd-e4ab-4d3c-a143-e701a6bf9ae2",
    "id" : 2853,
    "name" : "Brother",
    "genders" : [ "Male" ]
  },
  "individualBIsToARelation" : {
    "uuid" : "4b533a1f-40a4-435c-b8a6-a2d844f993b2",
    "id" : 2856,
    "name" : "Sister in law",
    "genders" : [ "Female" ]
  },
  "voided" : true
}, {
  "uuid" : "8ebb7a7b-addc-4962-ad66-9d322feae287",
  "id" : 2418,
  "individualAIsToBRelation" : {
    "uuid" : "5a9b86fd-e4ab-4d3c-a143-e701a6bf9ae2",
    "id" : 2853,
    "name" : "Brother",
    "genders" : [ "Male" ]
  },
  "individualBIsToARelation" : {
    "uuid" : "bcbc70c2-260a-450c-90ac-6ba42b2b7b6c",
    "id" : 2854,
    "name" : "Sister",
    "genders" : [ "Female" ]
  }
}, {
  "uuid" : "67d23b5d-3ac0-442e-99af-8246a80b5c20",
  "id" : 2414,
  "individualAIsToBRelation" : {
    "uuid" : "bcbc70c2-260a-450c-90ac-6ba42b2b7b6c",
    "id" : 2854,
    "name" : "Sister",
    "genders" : [ "Female" ]
  },
  "individualBIsToARelation" : {
    "uuid" : "cbb6ed3d-f213-4b34-89db-b85ec81b7c18",
    "id" : 2855,
    "name" : "Brother in law",
    "genders" : [ "Male" ]
  },
  "voided" : true
}, {
  "uuid" : "3997d2ab-43bf-48e3-aef7-2314467a1037",
  "id" : 2436,
  "individualAIsToBRelation" : {
    "uuid" : "91aca044-902e-4cfe-81d2-125890e17fdc",
    "id" : 2864,
    "name" : "Grandfather",
    "genders" : [ "Male" ]
  },
  "individualBIsToARelation" : {
    "uuid" : "23195293-beb1-4d99-822d-7bbc10f0cd16",
    "id" : 2849,
    "name" : "Grandson",
    "genders" : [ "Male" ]
  }
}, {
  "uuid" : "cd3a1273-ca88-4ba8-bfd9-abf44f239619",
  "id" : 2437,
  "individualAIsToBRelation" : {
    "uuid" : "91aca044-902e-4cfe-81d2-125890e17fdc",
    "id" : 2864,
    "name" : "Grandfather",
    "genders" : [ "Male" ]
  },
  "individualBIsToARelation" : {
    "uuid" : "dc6abba7-25c2-4ebb-9804-4cf88540055b",
    "id" : 2850,
    "name" : "Granddaughter",
    "genders" : [ "Female" ]
  }
}, {
  "uuid" : "48d7ab70-142a-4ed6-8a6b-dd86266573fd",
  "id" : 2438,
  "individualAIsToBRelation" : {
    "uuid" : "bffbe818-25e0-42b8-850d-440a3ab62e8a",
    "id" : 2865,
    "name" : "Grandmother",
    "genders" : [ "Female" ]
  },
  "individualBIsToARelation" : {
    "uuid" : "dc6abba7-25c2-4ebb-9804-4cf88540055b",
    "id" : 2850,
    "name" : "Granddaughter",
    "genders" : [ "Female" ]
  }
}, {
  "uuid" : "06f4b2f3-1f1f-445e-b124-1402d8cf921d",
  "id" : 2439,
  "individualAIsToBRelation" : {
    "uuid" : "afcbb5de-d39b-440f-af3e-a668e245a8c5",
    "id" : 2841,
    "name" : "Mother",
    "genders" : [ "Female" ]
  },
  "individualBIsToARelation" : {
    "uuid" : "aad84592-42fb-48c4-94b8-033187909dba",
    "id" : 2866,
    "name" : "Child",
    "genders" : [ "Female", "Other", "Male" ]
  },
  "voided" : true
}, {
  "uuid" : "53c1cc49-b0d2-49ce-9d3f-7f43351590e1",
  "id" : 2409,
  "individualAIsToBRelation" : {
    "uuid" : "afcbb5de-d39b-440f-af3e-a668e245a8c5",
    "id" : 2841,
    "name" : "Mother",
    "genders" : [ "Female" ]
  },
  "individualBIsToARelation" : {
    "uuid" : "93d34fc8-1c55-4428-b81a-70029f5384c9",
    "id" : 2847,
    "name" : "Son in law",
    "genders" : [ "Male" ]
  },
  "voided" : true
}, {
  "uuid" : "eee231d6-5d05-4082-9a38-28836115a6ee",
  "id" : 2410,
  "individualAIsToBRelation" : {
    "uuid" : "afcbb5de-d39b-440f-af3e-a668e245a8c5",
    "id" : 2841,
    "name" : "Mother",
    "genders" : [ "Female" ]
  },
  "individualBIsToARelation" : {
    "uuid" : "a43b4664-f80a-460d-81c0-2f25667437a8",
    "id" : 2848,
    "name" : "Daughter in law",
    "genders" : [ "Female" ]
  },
  "voided" : true
}, {
  "uuid" : "14d84c55-c891-47ce-97e0-75056f9d3fb6",
  "id" : 2415,
  "individualAIsToBRelation" : {
    "uuid" : "5a9b86fd-e4ab-4d3c-a143-e701a6bf9ae2",
    "id" : 2853,
    "name" : "Brother",
    "genders" : [ "Male" ]
  },
  "individualBIsToARelation" : {
    "uuid" : "cbb6ed3d-f213-4b34-89db-b85ec81b7c18",
    "id" : 2855,
    "name" : "Brother in law",
    "genders" : [ "Male" ]
  },
  "voided" : true
}, {
  "uuid" : "1e4b203f-3547-4280-a308-49cd53a398d2",
  "id" : 2416,
  "individualAIsToBRelation" : {
    "uuid" : "bcbc70c2-260a-450c-90ac-6ba42b2b7b6c",
    "id" : 2854,
    "name" : "Sister",
    "genders" : [ "Female" ]
  },
  "individualBIsToARelation" : {
    "uuid" : "4b533a1f-40a4-435c-b8a6-a2d844f993b2",
    "id" : 2856,
    "name" : "Sister in law",
    "genders" : [ "Female" ]
  },
  "voided" : true
}, {
  "uuid" : "435eefda-74a0-4171-b1b7-eea70ea9122e",
  "id" : 2440,
  "individualAIsToBRelation" : {
    "uuid" : "b7866cfd-faf6-4fce-9e24-120dae0a26e1",
    "id" : 2844,
    "name" : "Daughter",
    "genders" : [ "Female" ]
  },
  "individualBIsToARelation" : {
    "uuid" : "afcbb5de-d39b-440f-af3e-a668e245a8c5",
    "id" : 2841,
    "name" : "Mother",
    "genders" : [ "Female" ]
  },
  "voided" : true
}, {
  "uuid" : "d1ba4344-1d3f-46e4-aa4a-aa3e3731267e",
  "id" : 2441,
  "individualAIsToBRelation" : {
    "uuid" : "1841619a-9bc2-48d4-804b-770f4a8e840f",
    "id" : 2843,
    "name" : "Son",
    "genders" : [ "Male" ]
  },
  "individualBIsToARelation" : {
    "uuid" : "afcbb5de-d39b-440f-af3e-a668e245a8c5",
    "id" : 2841,
    "name" : "Mother",
    "genders" : [ "Female" ]
  },
  "voided" : true
}, {
  "uuid" : "33037b0f-1953-4f6c-8fb1-a3aaf548f9df",
  "id" : 2442,
  "individualAIsToBRelation" : {
    "uuid" : "bffbe818-25e0-42b8-850d-440a3ab62e8a",
    "id" : 2865,
    "name" : "Grandmother",
    "genders" : [ "Female" ]
  },
  "individualBIsToARelation" : {
    "uuid" : "23195293-beb1-4d99-822d-7bbc10f0cd16",
    "id" : 2849,
    "name" : "Grandson",
    "genders" : [ "Male" ]
  }
}, {
  "uuid" : "7c7a22f3-7f3f-45f3-aa13-d8006c6d9b4e",
  "id" : 2443,
  "individualAIsToBRelation" : {
    "uuid" : "cbb6ed3d-f213-4b34-89db-b85ec81b7c18",
    "id" : 2855,
    "name" : "Brother in law",
    "genders" : [ "Male" ]
  },
  "individualBIsToARelation" : {
    "uuid" : "4b533a1f-40a4-435c-b8a6-a2d844f993b2",
    "id" : 2856,
    "name" : "Sister in law",
    "genders" : [ "Female" ]
  }
}, {
  "uuid" : "99c8822f-af7c-42d8-9ae2-29afccbae1cb",
  "id" : 2444,
  "individualAIsToBRelation" : {
    "uuid" : "cbb6ed3d-f213-4b34-89db-b85ec81b7c18",
    "id" : 2855,
    "name" : "Brother in law",
    "genders" : [ "Male" ]
  },
  "individualBIsToARelation" : {
    "uuid" : "cbb6ed3d-f213-4b34-89db-b85ec81b7c18",
    "id" : 2855,
    "name" : "Brother in law",
    "genders" : [ "Male" ]
  }
}, {
  "uuid" : "9ea0187d-18b5-4743-89ff-766fcc95beb4",
  "id" : 2445,
  "individualAIsToBRelation" : {
    "uuid" : "4b533a1f-40a4-435c-b8a6-a2d844f993b2",
    "id" : 2856,
    "name" : "Sister in law",
    "genders" : [ "Female" ]
  },
  "individualBIsToARelation" : {
    "uuid" : "4b533a1f-40a4-435c-b8a6-a2d844f993b2",
    "id" : 2856,
    "name" : "Sister in law",
    "genders" : [ "Female" ]
  }
}, {
  "uuid" : "4086290b-4bda-4287-a5cc-7bbf8385b6ea",
  "id" : 2446,
  "individualAIsToBRelation" : {
    "uuid" : "d6d1cf3d-0794-4ea0-9062-90414fc4288a",
    "id" : 2857,
    "name" : "Mother in law",
    "genders" : [ "Female" ]
  },
  "individualBIsToARelation" : {
    "uuid" : "a43b4664-f80a-460d-81c0-2f25667437a8",
    "id" : 2848,
    "name" : "Daughter in law",
    "genders" : [ "Female" ]
  }
}, {
  "uuid" : "32651d5d-66b5-4a69-9971-f5a06fbe1d27",
  "id" : 2447,
  "individualAIsToBRelation" : {
    "uuid" : "d6d1cf3d-0794-4ea0-9062-90414fc4288a",
    "id" : 2857,
    "name" : "Mother in law",
    "genders" : [ "Female" ]
  },
  "individualBIsToARelation" : {
    "uuid" : "93d34fc8-1c55-4428-b81a-70029f5384c9",
    "id" : 2847,
    "name" : "Son in law",
    "genders" : [ "Male" ]
  }
}, {
  "uuid" : "0d487118-7b51-44a2-946f-32a0689cae10",
  "id" : 2448,
  "individualAIsToBRelation" : {
    "uuid" : "09bdc038-1fd1-4595-813b-df3b00cb0b1d",
    "id" : 2858,
    "name" : "Father in law",
    "genders" : [ "Male" ]
  },
  "individualBIsToARelation" : {
    "uuid" : "a43b4664-f80a-460d-81c0-2f25667437a8",
    "id" : 2848,
    "name" : "Daughter in law",
    "genders" : [ "Female" ]
  }
}, {
  "uuid" : "114a4a49-ab27-42e7-8011-6979c7a72355",
  "id" : 2449,
  "individualAIsToBRelation" : {
    "uuid" : "09bdc038-1fd1-4595-813b-df3b00cb0b1d",
    "id" : 2858,
    "name" : "Father in law",
    "genders" : [ "Male" ]
  },
  "individualBIsToARelation" : {
    "uuid" : "93d34fc8-1c55-4428-b81a-70029f5384c9",
    "id" : 2847,
    "name" : "Son in law",
    "genders" : [ "Male" ]
  }
}, {
  "uuid" : "f8007b53-350e-447e-becd-f6c3be5e3f2a",
  "id" : 2450,
  "individualAIsToBRelation" : {
    "uuid" : "15531626-77cd-4b03-9b42-5ada772dc01a",
    "id" : 2859,
    "name" : "Other",
    "genders" : [ "Other", "Male", "Female" ]
  },
  "individualBIsToARelation" : {
    "uuid" : "15531626-77cd-4b03-9b42-5ada772dc01a",
    "id" : 2859,
    "name" : "Other",
    "genders" : [ "Other", "Male", "Female" ]
  }
}, {
  "uuid" : "257587f5-dc9b-44fd-a28d-27a3625325cd",
  "id" : 2539,
  "individualAIsToBRelation" : {
    "uuid" : "acb07760-b486-43dd-b299-75e8b51e7886",
    "id" : 2940,
    "name" : "Uncle",
    "genders" : [ "Male" ]
  },
  "individualBIsToARelation" : {
    "uuid" : "8cb93520-7413-4866-bb52-2ffa4008472a",
    "id" : 2852,
    "name" : "Nephew",
    "genders" : [ "Male" ]
  }
}, {
  "uuid" : "a056dd2c-3fdf-409c-b238-4630e72b63ca",
  "id" : 2540,
  "individualAIsToBRelation" : {
    "uuid" : "acb07760-b486-43dd-b299-75e8b51e7886",
    "id" : 2940,
    "name" : "Uncle",
    "genders" : [ "Male" ]
  },
  "individualBIsToARelation" : {
    "uuid" : "11c49e82-151f-41ee-a41b-362e67d3c8da",
    "id" : 2851,
    "name" : "Niece",
    "genders" : [ "Female" ]
  }
}, {
  "uuid" : "6c298e9f-6a65-4894-8b91-1118e8cecfb9",
  "id" : 2541,
  "individualAIsToBRelation" : {
    "uuid" : "a65597e0-26b8-4fcf-b235-c600504bc5e1",
    "id" : 2941,
    "name" : "Aunt",
    "genders" : [ "Female" ]
  },
  "individualBIsToARelation" : {
    "uuid" : "11c49e82-151f-41ee-a41b-362e67d3c8da",
    "id" : 2851,
    "name" : "Niece",
    "genders" : [ "Female" ]
  }
}, {
  "uuid" : "d06945be-ba1b-4ea2-8911-b51d30c5cba8",
  "id" : 2542,
  "individualAIsToBRelation" : {
    "uuid" : "a65597e0-26b8-4fcf-b235-c600504bc5e1",
    "id" : 2941,
    "name" : "Aunt",
    "genders" : [ "Female" ]
  },
  "individualBIsToARelation" : {
    "uuid" : "8cb93520-7413-4866-bb52-2ffa4008472a",
    "id" : 2852,
    "name" : "Nephew",
    "genders" : [ "Male" ]
  }
} ]