[ {
  "uuid" : "c4d3bc0a-027e-4a6a-87dd-85e5b7285523",
  "id" : 1036,
  "name" : "Default Dashboard",
  "sections" : [ {
    "uuid" : "484f4b2c-fd52-43f8-91ff-1b4db15390be",
    "id" : 2004,
    "name" : "Diabetes Follow Up ",
    "description" : "",
    "viewType" : "Tile",
    "displayOrder" : 3.0,
    "dashboardUUID" : "c4d3bc0a-027e-4a6a-87dd-85e5b7285523",
    "dashboardSectionCardMappings" : [ {
      "uuid" : "8e70aa82-9be0-4b70-a31b-7a58082f5d82",
      "displayOrder" : 1.0,
      "dashboardSectionUUID" : "484f4b2c-fd52-43f8-91ff-1b4db15390be",
      "reportCardUUID" : "bf4f1993-8a37-4ea7-bfe5-443b518bedaf",
      "voided" : false
    }, {
      "uuid" : "eb8d883c-9f5a-41ee-84a9-13e8a6b2c4e7",
      "displayOrder" : 2.0,
      "dashboardSectionUUID" : "484f4b2c-fd52-43f8-91ff-1b4db15390be",
      "reportCardUUID" : "195bdbfc-09a1-4b60-a548-c76c23853bc9",
      "voided" : false
    } ],
    "voided" : false
  }, {
    "uuid" : "716da5fd-c939-487d-a788-838cba6f4d48",
    "id" : 2007,
    "name" : "Screening ",
    "description" : "",
    "viewType" : "Tile",
    "displayOrder" : 2.0,
    "dashboardUUID" : "c4d3bc0a-027e-4a6a-87dd-85e5b7285523",
    "dashboardSectionCardMappings" : [ {
      "uuid" : "b552f9f0-cf2d-477c-9cda-80cf4f0a65ed",
      "displayOrder" : 1.0,
      "dashboardSectionUUID" : "716da5fd-c939-487d-a788-838cba6f4d48",
      "reportCardUUID" : "5d751259-3da6-4bae-b740-93de8cfe5cb8",
      "voided" : false
    }, {
      "uuid" : "9405ff43-fffa-4957-b2a1-297c7aea1a52",
      "displayOrder" : 2.0,
      "dashboardSectionUUID" : "716da5fd-c939-487d-a788-838cba6f4d48",
      "reportCardUUID" : "22fc28a1-a43a-42cc-85dd-237f9be6a57f",
      "voided" : false
    } ],
    "voided" : false
  }, {
    "uuid" : "9ef1ad2e-096b-43ac-8d36-3f0d4a42f961",
    "id" : 2008,
    "name" : "Mental Health Follow Up",
    "description" : "",
    "viewType" : "Tile",
    "displayOrder" : 6.0,
    "dashboardUUID" : "c4d3bc0a-027e-4a6a-87dd-85e5b7285523",
    "dashboardSectionCardMappings" : [ {
      "uuid" : "436eced9-490d-4f49-ac61-d7c150af045d",
      "displayOrder" : 2.0,
      "dashboardSectionUUID" : "9ef1ad2e-096b-43ac-8d36-3f0d4a42f961",
      "reportCardUUID" : "291e0cfc-cda1-4cb9-8835-42c4007a673b",
      "voided" : false
    }, {
      "uuid" : "ca881d3c-30f4-47db-aab3-8fb11cb7ed24",
      "displayOrder" : 1.0,
      "dashboardSectionUUID" : "9ef1ad2e-096b-43ac-8d36-3f0d4a42f961",
      "reportCardUUID" : "cf0f3718-1bfa-41d5-a3ca-b2c3589ad395",
      "voided" : false
    } ],
    "voided" : false
  }, {
    "uuid" : "66f2c227-a130-48de-9a88-02fe9390b589",
    "id" : 2005,
    "name" : "Malnutrition Follow Up",
    "description" : "",
    "viewType" : "Tile",
    "displayOrder" : 4.0,
    "dashboardUUID" : "c4d3bc0a-027e-4a6a-87dd-85e5b7285523",
    "dashboardSectionCardMappings" : [ {
      "uuid" : "53160856-b77c-46e1-8cfd-a110402a3ae1",
      "displayOrder" : 1.0,
      "dashboardSectionUUID" : "66f2c227-a130-48de-9a88-02fe9390b589",
      "reportCardUUID" : "af442f60-88d7-409f-8637-e79a5966c689",
      "voided" : false
    }, {
      "uuid" : "0532da4b-35bd-4564-907c-4c1bdf782976",
      "displayOrder" : 2.0,
      "dashboardSectionUUID" : "66f2c227-a130-48de-9a88-02fe9390b589",
      "reportCardUUID" : "8f6439e6-09d4-4447-afab-9319c0fcf93a",
      "voided" : false
    }, {
      "uuid" : "f432cc0c-8f6a-4d12-91ca-7d6c1762387e",
      "displayOrder" : -1.0,
      "dashboardSectionUUID" : "66f2c227-a130-48de-9a88-02fe9390b589",
      "reportCardUUID" : "af442f60-88d7-409f-8637-e79a5966c689",
      "voided" : true
    } ],
    "voided" : false
  }, {
    "uuid" : "741711ef-df17-4884-8928-20dee701479e",
    "id" : 2002,
    "name" : "Visit Details",
    "description" : "",
    "viewType" : "Tile",
    "displayOrder" : 1.0,
    "dashboardUUID" : "c4d3bc0a-027e-4a6a-87dd-85e5b7285523",
    "dashboardSectionCardMappings" : [ {
      "uuid" : "4d139c45-1854-46ec-ad80-40725f7b9b8a",
      "displayOrder" : 1.0,
      "dashboardSectionUUID" : "741711ef-df17-4884-8928-20dee701479e",
      "reportCardUUID" : "6085c2f4-52e7-4b08-85b6-d6b2612b4cf5",
      "voided" : false
    }, {
      "uuid" : "4dff9285-88b3-43de-a90b-9823ab32e433",
      "displayOrder" : 2.0,
      "dashboardSectionUUID" : "741711ef-df17-4884-8928-20dee701479e",
      "reportCardUUID" : "85ce7239-e8b5-4e57-b07d-66c18cee47b2",
      "voided" : false
    } ],
    "voided" : true
  }, {
    "uuid" : "8fb322f9-0a0f-4a63-a6f9-71656237b357",
    "id" : 2006,
    "name" : "Anemia Follow Up ",
    "description" : "",
    "viewType" : "Tile",
    "displayOrder" : 5.0,
    "dashboardUUID" : "c4d3bc0a-027e-4a6a-87dd-85e5b7285523",
    "dashboardSectionCardMappings" : [ {
      "uuid" : "8f37f746-6623-411f-a990-35115cb81c85",
      "displayOrder" : 1.0,
      "dashboardSectionUUID" : "8fb322f9-0a0f-4a63-a6f9-71656237b357",
      "reportCardUUID" : "92baa074-78ef-4889-9552-b848d272e546",
      "voided" : false
    }, {
      "uuid" : "d451e38c-c12f-4a74-9ed2-ee988fee37e0",
      "displayOrder" : 2.0,
      "dashboardSectionUUID" : "8fb322f9-0a0f-4a63-a6f9-71656237b357",
      "reportCardUUID" : "3e324e76-0254-47cd-a262-dee64edce492",
      "voided" : false
    } ],
    "voided" : false
  }, {
    "uuid" : "2ce712c2-3fa3-4ca4-9703-95766ef512c2",
    "id" : 2001,
    "name" : "Registration Overview",
    "description" : "",
    "viewType" : "Tile",
    "displayOrder" : 1.0,
    "dashboardUUID" : "c4d3bc0a-027e-4a6a-87dd-85e5b7285523",
    "dashboardSectionCardMappings" : [ {
      "uuid" : "fefbca89-dfb2-4cdf-bd58-e312bde24c86",
      "displayOrder" : -1.0,
      "dashboardSectionUUID" : "2ce712c2-3fa3-4ca4-9703-95766ef512c2",
      "reportCardUUID" : "22fc28a1-a43a-42cc-85dd-237f9be6a57f",
      "voided" : true
    }, {
      "uuid" : "e02a68ed-c02b-4cba-a5b5-6a5c71ab5eb8",
      "displayOrder" : 1.0,
      "dashboardSectionUUID" : "2ce712c2-3fa3-4ca4-9703-95766ef512c2",
      "reportCardUUID" : "a1673f8a-c394-4bcf-8b6f-63d83a5443e2",
      "voided" : false
    }, {
      "uuid" : "6a073342-6538-4ba3-bd6a-17fc80cec506",
      "displayOrder" : -1.0,
      "dashboardSectionUUID" : "2ce712c2-3fa3-4ca4-9703-95766ef512c2",
      "reportCardUUID" : "6085c2f4-52e7-4b08-85b6-d6b2612b4cf5",
      "voided" : true
    } ],
    "voided" : false
  }, {
    "uuid" : "fb302038-25a1-4cd6-9f56-80ef67b21103",
    "id" : 2003,
    "name" : "Recent Statistics",
    "description" : "",
    "viewType" : "Tile",
    "displayOrder" : 2.0,
    "dashboardUUID" : "c4d3bc0a-027e-4a6a-87dd-85e5b7285523",
    "dashboardSectionCardMappings" : [ {
      "uuid" : "8afecd6c-741c-4871-86f1-bce171f8bfd8",
      "displayOrder" : 1.0,
      "dashboardSectionUUID" : "fb302038-25a1-4cd6-9f56-80ef67b21103",
      "reportCardUUID" : "f366f35a-5c4f-4ff7-b510-2dc9f5f88847",
      "voided" : false
    }, {
      "uuid" : "9fb198b6-ae10-4c3f-a8e6-652b7d1b7e9c",
      "displayOrder" : 3.0,
      "dashboardSectionUUID" : "fb302038-25a1-4cd6-9f56-80ef67b21103",
      "reportCardUUID" : "dd961ee1-9d4e-4ec9-99f0-99b36672be7c",
      "voided" : false
    }, {
      "uuid" : "383b8df8-93d8-43d9-bc96-545e1176fe63",
      "displayOrder" : 2.0,
      "dashboardSectionUUID" : "fb302038-25a1-4cd6-9f56-80ef67b21103",
      "reportCardUUID" : "e1036b69-df46-4351-9916-10cd4cfcb6bd",
      "voided" : false
    } ],
    "voided" : true
  } ],
  "filters" : [ {
    "uuid" : "8d5c8391-83a3-402e-94cc-10cc8f220040",
    "id" : 865,
    "name" : "test",
    "filterConfig" : {
      "type" : "Concept",
      "subjectTypeUUID" : "9f194eba-dde4-46b0-a3f4-583272fb5866",
      "widget" : null,
      "groupSubjectTypeFilter" : null,
      "observationBasedFilter" : {
        "scope" : "registration",
        "programUUIDs" : [ ],
        "encounterTypeUUIDs" : [ ],
        "conceptUUID" : "08786ac8-7a98-4566-b585-5b00bfb31ee8"
      }
    },
    "voided" : true
  }, {
    "uuid" : "1836aed0-4e2a-4329-9524-dff4f2d00b7c",
    "id" : 864,
    "name" : "Location",
    "filterConfig" : {
      "type" : "Address",
      "subjectTypeUUID" : null,
      "widget" : null,
      "groupSubjectTypeFilter" : null,
      "observationBasedFilter" : null
    },
    "voided" : false
  }, {
    "uuid" : "20367018-a168-43ff-a28f-64cd46ad3e2c",
    "id" : 863,
    "name" : "Subject Type",
    "filterConfig" : {
      "type" : "SubjectType",
      "subjectTypeUUID" : null,
      "widget" : null,
      "groupSubjectTypeFilter" : null,
      "observationBasedFilter" : null
    },
    "voided" : true
  }, {
    "uuid" : "1d087edf-d2bd-4206-b242-7509162f3749",
    "id" : 866,
    "name" : "Subject Type",
    "filterConfig" : {
      "type" : "SubjectType",
      "subjectTypeUUID" : null,
      "widget" : null,
      "groupSubjectTypeFilter" : null,
      "observationBasedFilter" : null
    },
    "voided" : false
  }, {
    "uuid" : "efea5b8d-d621-47d0-a02c-c9b1a667b680",
    "id" : 862,
    "name" : "As On Date",
    "filterConfig" : {
      "type" : "AsOnDate",
      "subjectTypeUUID" : null,
      "widget" : null,
      "groupSubjectTypeFilter" : null,
      "observationBasedFilter" : null
    },
    "voided" : true
  } ],
  "voided" : false
}, {
  "uuid" : "3111590c-dd10-40e7-a750-4858b13050d0",
  "id" : 1037,
  "name" : "Diabetes (voided~864)",
  "description" : "",
  "sections" : [ {
    "uuid" : "850a93c5-1527-4232-82b0-5da9610998db",
    "id" : 2009,
    "name" : "Diabetes",
    "description" : "Diabetes",
    "viewType" : "Tile",
    "displayOrder" : 100.0,
    "dashboardUUID" : "3111590c-dd10-40e7-a750-4858b13050d0",
    "dashboardSectionCardMappings" : [ {
      "uuid" : "41721838-083f-44ae-b3b5-3e1426f9ea2c",
      "displayOrder" : 1.0,
      "dashboardSectionUUID" : "850a93c5-1527-4232-82b0-5da9610998db",
      "reportCardUUID" : "195bdbfc-09a1-4b60-a548-c76c23853bc9",
      "voided" : false
    } ],
    "voided" : false
  } ],
  "filters" : [ {
    "uuid" : "fa160ae1-0ca4-43e1-9b68-cce68e7aa747",
    "id" : 867,
    "name" : "Address",
    "filterConfig" : {
      "type" : "Address",
      "subjectTypeUUID" : null,
      "widget" : null,
      "groupSubjectTypeFilter" : null,
      "observationBasedFilter" : null
    },
    "voided" : false
  } ],
  "voided" : true
}, {
  "uuid" : "282b6437-c91c-46bf-a46b-6838a3b9dc77",
  "id" : 1038,
  "name" : "Screening (voided~863)",
  "description" : "",
  "sections" : [ {
    "uuid" : "d3503791-2976-419f-a827-9ef8cf720514",
    "id" : 2010,
    "name" : "Screening",
    "description" : "Screening",
    "viewType" : "Tile",
    "displayOrder" : 100.0,
    "dashboardUUID" : "282b6437-c91c-46bf-a46b-6838a3b9dc77",
    "dashboardSectionCardMappings" : [ {
      "uuid" : "6a3bcad8-d4de-4211-af37-de98149be639",
      "displayOrder" : 1.0,
      "dashboardSectionUUID" : "d3503791-2976-419f-a827-9ef8cf720514",
      "reportCardUUID" : "5d751259-3da6-4bae-b740-93de8cfe5cb8",
      "voided" : false
    }, {
      "uuid" : "efc29047-513d-4ea5-8a3d-f5f34d4c4647",
      "displayOrder" : 2.0,
      "dashboardSectionUUID" : "d3503791-2976-419f-a827-9ef8cf720514",
      "reportCardUUID" : "22fc28a1-a43a-42cc-85dd-237f9be6a57f",
      "voided" : false
    } ],
    "voided" : false
  } ],
  "filters" : [ {
    "uuid" : "d80d90b9-0b41-4c70-8932-e8fdc15cab75",
    "id" : 869,
    "name" : "Address",
    "filterConfig" : {
      "type" : "Address",
      "subjectTypeUUID" : "9f194eba-dde4-46b0-a3f4-583272fb5866",
      "widget" : null,
      "groupSubjectTypeFilter" : null,
      "observationBasedFilter" : null
    },
    "voided" : false
  }, {
    "uuid" : "adbcdd4a-2959-4c26-8a74-72ce312ad52c",
    "id" : 868,
    "name" : "Subject Type",
    "filterConfig" : {
      "type" : "SubjectType",
      "subjectTypeUUID" : null,
      "widget" : null,
      "groupSubjectTypeFilter" : null,
      "observationBasedFilter" : null
    },
    "voided" : false
  } ],
  "voided" : true
}, {
  "uuid" : "562727cd-8efe-49c5-94b4-c06df523534c",
  "id" : 1171,
  "name" : "Work Order Monthly Reporting",
  "description" : "",
  "sections" : [ {
    "uuid" : "8ab95928-0419-4e5e-bd30-68fd3e8b3811",
    "id" : 2268,
    "name" : "Work Order Monthly Reporting",
    "description" : "Work Order Monthly Reporting",
    "viewType" : "Tile",
    "displayOrder" : 100.0,
    "dashboardUUID" : "562727cd-8efe-49c5-94b4-c06df523534c",
    "dashboardSectionCardMappings" : [ {
      "uuid" : "a041cdcd-9eef-48c8-8b96-da58ae9fd494",
      "displayOrder" : 1.0,
      "dashboardSectionUUID" : "8ab95928-0419-4e5e-bd30-68fd3e8b3811",
      "reportCardUUID" : "2056cbbe-faf4-4e5a-b648-8abb411a667e",
      "voided" : false
    } ],
    "voided" : false
  } ],
  "filters" : [ ],
  "voided" : false
} ]