[ {
  "uuid" : "6085c2f4-52e7-4b08-85b6-d6b2612b4cf5",
  "id" : 4877,
  "name" : "Scheduled visits",
  "color" : "#388e3c",
  "nested" : false,
  "count" : 1,
  "standardReportCardType" : "27020b32-c21b-43a4-81bd-7b88ad3a6ef0",
  "standardReportCardInputSubjectTypes" : [ ],
  "standardReportCardInputPrograms" : [ ],
  "standardReportCardInputEncounterTypes" : [ ],
  "voided" : false
}, {
  "uuid" : "85ce7239-e8b5-4e57-b07d-66c18cee47b2",
  "id" : 4878,
  "name" : "Overdue visits",
  "color" : "#d32f2f",
  "nested" : false,
  "count" : 1,
  "standardReportCardType" : "9f88bee5-2ab9-4ac4-ae19-d07e9715bdb5",
  "standardReportCardInputSubjectTypes" : [ ],
  "standardReportCardInputPrograms" : [ ],
  "standardReportCardInputEncounterTypes" : [ ],
  "voided" : false
}, {
  "uuid" : "a1673f8a-c394-4bcf-8b6f-63d83a5443e2",
  "id" : 4879,
  "name" : "Total",
  "color" : "#ffffff",
  "nested" : false,
  "count" : 1,
  "standardReportCardType" : "1fbcadf3-bf1a-439e-9e13-24adddfbf6c0",
  "standardReportCardInputSubjectTypes" : [ ],
  "standardReportCardInputPrograms" : [ ],
  "standardReportCardInputEncounterTypes" : [ ],
  "voided" : false
}, {
  "uuid" : "f366f35a-5c4f-4ff7-b510-2dc9f5f88847",
  "id" : 4880,
  "name" : "Recent registrations",
  "color" : "#ffffff",
  "nested" : false,
  "count" : 1,
  "standardReportCardType" : "88a7514c-48c0-4d5d-a421-d074e43bb36c",
  "standardReportCardInputSubjectTypes" : [ ],
  "standardReportCardInputPrograms" : [ ],
  "standardReportCardInputEncounterTypes" : [ ],
  "standardReportCardInputRecentDuration" : "{\"value\":\"1\",\"unit\":\"days\"}",
  "voided" : false
}, {
  "uuid" : "e1036b69-df46-4351-9916-10cd4cfcb6bd",
  "id" : 4881,
  "name" : "Recent enrolments",
  "color" : "#ffffff",
  "nested" : false,
  "count" : 1,
  "standardReportCardType" : "a5efc04c-317a-4823-a203-e62603454a65",
  "standardReportCardInputSubjectTypes" : [ ],
  "standardReportCardInputPrograms" : [ ],
  "standardReportCardInputEncounterTypes" : [ ],
  "standardReportCardInputRecentDuration" : "{\"value\":\"1\",\"unit\":\"days\"}",
  "voided" : false
}, {
  "uuid" : "dd961ee1-9d4e-4ec9-99f0-99b36672be7c",
  "id" : 4882,
  "name" : "Recent visits",
  "color" : "#ffffff",
  "nested" : false,
  "count" : 1,
  "standardReportCardType" : "77b5b3fa-de35-4f24-996b-2842492ea6e0",
  "standardReportCardInputSubjectTypes" : [ ],
  "standardReportCardInputPrograms" : [ ],
  "standardReportCardInputEncounterTypes" : [ ],
  "standardReportCardInputRecentDuration" : "{\"value\":\"1\",\"unit\":\"days\"}",
  "voided" : false
}, {
  "uuid" : "22fc28a1-a43a-42cc-85dd-237f9be6a57f",
  "id" : 4883,
  "name" : "Screening Follow Up Due",
  "description" : "",
  "color" : "#ddd8cb",
  "nested" : false,
  "count" : 1,
  "standardReportCardType" : "27020b32-c21b-43a4-81bd-7b88ad3a6ef0",
  "standardReportCardInputSubjectTypes" : [ "9f194eba-dde4-46b0-a3f4-583272fb5866" ],
  "standardReportCardInputPrograms" : [ ],
  "standardReportCardInputEncounterTypes" : [ "bad32cff-a28b-4821-8d7d-9bbabff845a2" ],
  "voided" : false
}, {
  "uuid" : "5d751259-3da6-4bae-b740-93de8cfe5cb8",
  "id" : 4884,
  "name" : "Screening Due",
  "description" : "",
  "color" : "#edc6c6",
  "nested" : false,
  "count" : 1,
  "standardReportCardType" : "27020b32-c21b-43a4-81bd-7b88ad3a6ef0",
  "standardReportCardInputSubjectTypes" : [ "9f194eba-dde4-46b0-a3f4-583272fb5866" ],
  "standardReportCardInputPrograms" : [ ],
  "standardReportCardInputEncounterTypes" : [ "cf3dcb82-c88b-422f-9485-be7f02ad0c1b" ],
  "voided" : false
}, {
  "uuid" : "195bdbfc-09a1-4b60-a548-c76c23853bc9",
  "id" : 4885,
  "name" : "Diabetes/HTN Follow Up Due",
  "description" : "",
  "color" : "#efc3ad",
  "nested" : false,
  "count" : 1,
  "standardReportCardType" : "27020b32-c21b-43a4-81bd-7b88ad3a6ef0",
  "standardReportCardInputSubjectTypes" : [ "9f194eba-dde4-46b0-a3f4-583272fb5866" ],
  "standardReportCardInputPrograms" : [ "d6bc3c7b-134d-426a-9e18-eecbdc732cb2" ],
  "standardReportCardInputEncounterTypes" : [ "18c33028-3da6-40cc-b623-918751d1655c" ],
  "voided" : false
}, {
  "uuid" : "8f6439e6-09d4-4447-afab-9319c0fcf93a",
  "id" : 4886,
  "name" : "Malnutrition Follow Up Due",
  "description" : "",
  "color" : "#f3dacc",
  "nested" : false,
  "count" : 1,
  "standardReportCardType" : "27020b32-c21b-43a4-81bd-7b88ad3a6ef0",
  "standardReportCardInputSubjectTypes" : [ "9f194eba-dde4-46b0-a3f4-583272fb5866" ],
  "standardReportCardInputPrograms" : [ "e6d112a2-e71c-4e49-b61f-9d7a75a1a669" ],
  "standardReportCardInputEncounterTypes" : [ "fc7b9700-e939-46e0-b5fa-60c32560cb0d" ],
  "voided" : false
}, {
  "uuid" : "bf4f1993-8a37-4ea7-bfe5-443b518bedaf",
  "id" : 4887,
  "name" : "Total Patients Registered in Diabetes/HTN Program",
  "description" : "",
  "color" : "#c1e1ef",
  "nested" : false,
  "count" : 1,
  "standardReportCardType" : "1fbcadf3-bf1a-439e-9e13-24adddfbf6c0",
  "standardReportCardInputSubjectTypes" : [ "9f194eba-dde4-46b0-a3f4-583272fb5866" ],
  "standardReportCardInputPrograms" : [ "d6bc3c7b-134d-426a-9e18-eecbdc732cb2" ],
  "standardReportCardInputEncounterTypes" : [ ],
  "voided" : false
}, {
  "uuid" : "af442f60-88d7-409f-8637-e79a5966c689",
  "id" : 4888,
  "name" : "Total Patients Registered in Malnutrition Program",
  "description" : "",
  "color" : "#c1e1ef",
  "nested" : false,
  "count" : 1,
  "standardReportCardType" : "1fbcadf3-bf1a-439e-9e13-24adddfbf6c0",
  "standardReportCardInputSubjectTypes" : [ "9f194eba-dde4-46b0-a3f4-583272fb5866" ],
  "standardReportCardInputPrograms" : [ "e6d112a2-e71c-4e49-b61f-9d7a75a1a669" ],
  "standardReportCardInputEncounterTypes" : [ ],
  "voided" : false
}, {
  "uuid" : "cf0f3718-1bfa-41d5-a3ca-b2c3589ad395",
  "id" : 4889,
  "name" : "Total Patients Registered in Mental Health Program",
  "description" : "",
  "color" : "#c1e1ef",
  "nested" : false,
  "count" : 1,
  "standardReportCardType" : "1fbcadf3-bf1a-439e-9e13-24adddfbf6c0",
  "standardReportCardInputSubjectTypes" : [ "9f194eba-dde4-46b0-a3f4-583272fb5866" ],
  "standardReportCardInputPrograms" : [ "6a9a5dc4-7e53-4955-ac74-ffa3c2ea6e63" ],
  "standardReportCardInputEncounterTypes" : [ ],
  "voided" : false
}, {
  "uuid" : "92baa074-78ef-4889-9552-b848d272e546",
  "id" : 4890,
  "name" : "Total Patients Registered in Anaemia Program",
  "description" : "",
  "color" : "#c1e1ef",
  "nested" : false,
  "count" : 1,
  "standardReportCardType" : "1fbcadf3-bf1a-439e-9e13-24adddfbf6c0",
  "standardReportCardInputSubjectTypes" : [ "9f194eba-dde4-46b0-a3f4-583272fb5866" ],
  "standardReportCardInputPrograms" : [ "1e829a1a-94db-4703-83dc-007af925b71e" ],
  "standardReportCardInputEncounterTypes" : [ ],
  "voided" : false
}, {
  "uuid" : "291e0cfc-cda1-4cb9-8835-42c4007a673b",
  "id" : 4891,
  "name" : "Mental Health Follow Up Due",
  "description" : "",
  "color" : "#ddd8cb",
  "nested" : false,
  "count" : 1,
  "standardReportCardType" : "27020b32-c21b-43a4-81bd-7b88ad3a6ef0",
  "standardReportCardInputSubjectTypes" : [ "9f194eba-dde4-46b0-a3f4-583272fb5866" ],
  "standardReportCardInputPrograms" : [ "6a9a5dc4-7e53-4955-ac74-ffa3c2ea6e63" ],
  "standardReportCardInputEncounterTypes" : [ "02b76349-4bec-4806-add8-9fb22acf2121" ],
  "voided" : false
}, {
  "uuid" : "3e324e76-0254-47cd-a262-dee64edce492",
  "id" : 4892,
  "name" : "Anaemia Followup",
  "description" : "",
  "color" : "#e8f2bf",
  "nested" : false,
  "count" : 1,
  "standardReportCardType" : "27020b32-c21b-43a4-81bd-7b88ad3a6ef0",
  "standardReportCardInputSubjectTypes" : [ "9f194eba-dde4-46b0-a3f4-583272fb5866" ],
  "standardReportCardInputPrograms" : [ "1e829a1a-94db-4703-83dc-007af925b71e" ],
  "standardReportCardInputEncounterTypes" : [ "a28f8246-1e4c-4c74-a578-8fb755532de6" ],
  "voided" : false
}, {
  "uuid" : "2056cbbe-faf4-4e5a-b648-8abb411a667e",
  "id" : 5379,
  "name" : "Work Order Monthly Reporting",
  "description" : "",
  "color" : "#00ffa3",
  "nested" : false,
  "count" : 1,
  "standardReportCardType" : "1fbcadf3-bf1a-439e-9e13-24adddfbf6c0",
  "standardReportCardInputSubjectTypes" : [ "992580e9-ef41-4677-b8a8-09168cc4e324" ],
  "standardReportCardInputPrograms" : [ ],
  "standardReportCardInputEncounterTypes" : [ "519158fe-1b91-4ed7-9fe7-4c11fbe189bc" ],
  "voided" : false
} ]