[ {
  "name" : "Worker Monthly Reporting Form (voided~1955)",
  "uuid" : "4c2cc0b2-919c-492a-abd5-d9f39f5da6f5",
  "active" : true,
  "type" : "User",
  "subjectSummaryRule" : "",
  "programEligibilityCheckRule" : "",
  "memberAdditionEligibilityCheckRule" : "",
  "allowEmptyLocation" : true,
  "allowMiddleName" : false,
  "lastNameOptional" : false,
  "allowProfilePicture" : false,
  "uniqueName" : false,
  "shouldSyncByLocation" : false,
  "settings" : {
    "displayRegistrationDetails" : true,
    "displayPlannedEncounters" : false
  },
  "group" : false,
  "household" : false,
  "directlyAssignable" : false,
  "voided" : true
}, {
  "name" : "Worker Monthly Reporting Form",
  "uuid" : "992580e9-ef41-4677-b8a8-09168cc4e324",
  "active" : true,
  "type" : "User",
  "subjectSummaryRule" : "",
  "programEligibilityCheckRule" : "",
  "memberAdditionEligibilityCheckRule" : "",
  "allowEmptyLocation" : true,
  "allowMiddleName" : false,
  "lastNameOptional" : false,
  "allowProfilePicture" : false,
  "uniqueName" : false,
  "shouldSyncByLocation" : false,
  "settings" : {
    "displayRegistrationDetails" : false,
    "displayPlannedEncounters" : false
  },
  "group" : false,
  "household" : false,
  "directlyAssignable" : false,
  "voided" : false
}, {
  "name" : "Household",
  "uuid" : "79a3e20c-ece3-4b77-b09c-4c672c175d7a",
  "active" : true,
  "type" : "Household",
  "subjectSummaryRule" : "",
  "programEligibilityCheckRule" : "",
  "allowEmptyLocation" : false,
  "allowMiddleName" : false,
  "lastNameOptional" : false,
  "allowProfilePicture" : false,
  "uniqueName" : false,
  "shouldSyncByLocation" : true,
  "settings" : {
    "displayRegistrationDetails" : true,
    "displayPlannedEncounters" : true
  },
  "group" : true,
  "household" : true,
  "directlyAssignable" : false,
  "voided" : false
}, {
  "name" : "Individual",
  "uuid" : "9f194eba-dde4-46b0-a3f4-583272fb5866",
  "active" : true,
  "type" : "Person",
  "subjectSummaryRule" : "'use strict';\n({ params, imports }) => {\n  const { summaries, individual } = params;\n\n  const getValidEncounter = (name) => \n    individual.encounters.find(enc => \n      enc.encounterType.name === name &&\n      enc.encounterDateTime &&\n      !enc.voided &&\n      !enc.cancelDateTime\n    );\n\n  const addSummary = (name, value) => {\n    if (value) summaries.push({ name, value });\n  };\n\n  const screeningEncounter = getValidEncounter('Screening');\n  if (screeningEncounter) {\n    const rbs = screeningEncounter.getObservationValue(\"6f8bb653-3ca5-4968-a46f-7cbfa432e065\");\n    addSummary('Random Blood Sugar (RBS)', rbs);\n\n    if (rbs > 200) {\n      const rbsHigh = screeningEncounter.getObservationValue(\"098e0df9-5507-4dbc-86d1-9332064152c0\");\n      addSummary('Random Blood Sugar (RBS) High?', [rbsHigh]);\n    }\n\n    [\n      ['Systolic Blood Pressure', \"ea23b660-a68f-4d6f-a192-21008a730263\"],\n      ['Diastolic Blood Pressure', \"216f3c3a-b414-4eab-abbd-a43af4e562ef\"],\n      ['Behaviour change for more than 15 days', \"3617d1ee-6811-4771-b4fc-5fdb0bafb8a5\"],\n      ['Pallor', \"5f24ab15-3058-43ab-b15b-4199b75fe70f\"]\n    ].forEach(([name, uuid]) => addSummary(name, screeningEncounter.getObservationValue(uuid)));\n  }\n\n  const screeningFollowUpEncounter = getValidEncounter('Screening Followup');\n  if (screeningFollowUpEncounter) {\n    addSummary('Conditions confirmed', screeningFollowUpEncounter.getObservationValue(\"3a822fa1-c524-4d6d-afba-998f516f42e3\"));\n  }\n\n  return summaries;\n};",
  "programEligibilityCheckRule" : "",
  "allowEmptyLocation" : false,
  "allowMiddleName" : false,
  "lastNameOptional" : false,
  "allowProfilePicture" : false,
  "uniqueName" : false,
  "shouldSyncByLocation" : true,
  "settings" : {
    "displayRegistrationDetails" : true,
    "displayPlannedEncounters" : true
  },
  "group" : false,
  "household" : false,
  "directlyAssignable" : false,
  "voided" : false
}, {
  "name" : "hhh (voided~1924)",
  "uuid" : "52eaff5c-0224-486e-8eb2-d22b93af47a0",
  "active" : true,
  "type" : "Individual",
  "subjectSummaryRule" : "",
  "programEligibilityCheckRule" : "",
  "allowEmptyLocation" : true,
  "allowMiddleName" : false,
  "lastNameOptional" : false,
  "allowProfilePicture" : false,
  "uniqueName" : false,
  "shouldSyncByLocation" : false,
  "settings" : {
    "displayRegistrationDetails" : true,
    "displayPlannedEncounters" : true
  },
  "group" : false,
  "household" : false,
  "directlyAssignable" : false,
  "voided" : true
} ]