{
  "name" : "Adolescent School Dropout Followup (voided~2051)",
  "uuid" : "0c444bf3-54c3-41e4-8ca9-f0deb8760831",
  "formType" : "ProgramEncounter",
  "formElementGroups" : [ {
    "uuid" : "dd37cacf-c628-457e-b474-01c4966a473c",
    "name" : "School Going Details",
    "displayOrder" : 1.0,
    "formElements" : [ {
      "name" : "Have you started going to school once again",
      "uuid" : "6e200310-4948-47dc-a573-411aaafd199d",
      "keyValues" : [ ],
      "concept" : {
        "name" : "Have you started going to school once again",
        "uuid" : "dcfc771a-0785-43be-bcb1-0d2755793e0e",
        "dataType" : "Coded",
        "answers" : [ {
          "name" : "Yes, but could not attend",
          "uuid" : "9715936e-03f2-44da-900f-33588fe95250",
          "dataType" : "NA",
          "answers" : [ ],
          "order" : 2.0,
          "active" : true
        }, {
          "name" : "Yes, started",
          "uuid" : "28e76608-dddd-4914-bd44-3689eccfa5ca",
          "dataType" : "NA",
          "answers" : [ ],
          "order" : 1.0,
          "active" : true
        }, {
          "name" : "No",
          "uuid" : "e7b50c78-3d90-484d-a224-9887887780dc",
          "dataType" : "NA",
          "answers" : [ ],
          "order" : 3.0,
          "active" : true
        } ],
        "active" : true
      },
      "displayOrder" : 1.0,
      "type" : "SingleSelect",
      "mandatory" : true
    } ],
    "display" : "School Going Details",
    "timed" : false
  }, {
    "uuid" : "40a28d3b-dcae-43bf-85e3-fb5b88bfd25e",
    "name" : "Counselling for Dropout",
    "displayOrder" : 2.0,
    "formElements" : [ {
      "name" : "Counselling checklist for dropout",
      "uuid" : "81330aaa-809f-434a-8a7b-635a8766c44d",
      "keyValues" : [ ],
      "concept" : {
        "name" : "Counselling checklist for dropout",
        "uuid" : "efaa640c-f320-496f-b407-8351148da734",
        "dataType" : "Coded",
        "answers" : [ ],
        "active" : true
      },
      "displayOrder" : 1.0,
      "type" : "SingleSelect",
      "mandatory" : false
    }, {
      "name" : "Counselling for dropout Done",
      "uuid" : "e077c7c7-7c43-452a-a0ac-5f3bc7d3e4f8",
      "keyValues" : [ ],
      "concept" : {
        "name" : "Counselling for dropout Done",
        "uuid" : "17628553-31d6-46ff-b702-315c9d32a30f",
        "dataType" : "Coded",
        "answers" : [ {
          "name" : "Yes",
          "uuid" : "04bb1773-c353-44a1-a68c-9b448e07ff70",
          "dataType" : "NA",
          "answers" : [ ],
          "order" : 1.0,
          "active" : true
        }, {
          "name" : "No",
          "uuid" : "e7b50c78-3d90-484d-a224-9887887780dc",
          "dataType" : "NA",
          "answers" : [ ],
          "order" : 2.0,
          "active" : true
        } ],
        "active" : true
      },
      "displayOrder" : 2.0,
      "type" : "SingleSelect",
      "mandatory" : true
    } ],
    "display" : "Counselling for Dropout",
    "timed" : false
  } ],
  "decisionConcepts" : [ ],
  "voided" : true
}