{
  "name" : "Adolescent Enrolment (voided~2048)",
  "uuid" : "32b3555a-7fe9-4246-a470-21ab2d2954e2",
  "formType" : "ProgramEnrolment",
  "formElementGroups" : [ {
    "uuid" : "92caa1c4-f5fc-4275-bbb0-cb933e407790",
    "name" : "Educational Details",
    "displayOrder" : 1.0,
    "formElements" : [ {
      "name" : "School going",
      "uuid" : "bb35645a-5b32-45a4-bab9-c0aa459b4865",
      "keyValues" : [ ],
      "concept" : {
        "name" : "School going",
        "uuid" : "575a29c3-a070-4c7d-ac96-fe58b6bddca3",
        "dataType" : "Coded",
        "answers" : [ {
          "name" : "Yes",
          "uuid" : "04bb1773-c353-44a1-a68c-9b448e07ff70",
          "dataType" : "NA",
          "answers" : [ ],
          "order" : 1.0,
          "active" : true
        }, {
          "name" : "Dropped Out",
          "uuid" : "58f789aa-6570-4aea-87a7-1f7651729c5a",
          "dataType" : "NA",
          "answers" : [ ],
          "order" : 2.0,
          "active" : true
        } ],
        "active" : true
      },
      "displayOrder" : 1.0,
      "type" : "SingleSelect",
      "mandatory" : true
    } ],
    "display" : "Educational Details",
    "timed" : false
  } ],
  "decisionConcepts" : [ ],
  "voided" : true
}