{
  "name" : "Adolescent Exit (voided~2049)",
  "uuid" : "5f8dc84d-90ff-46ca-9a56-169bd778687f",
  "formType" : "ProgramExit",
  "formElementGroups" : [ {
    "uuid" : "1b9612d9-49b3-4ce0-b9a2-ece4bfd03c37",
    "name" : "Exit Details",
    "displayOrder" : 1.0,
    "formElements" : [ {
      "name" : "Reason for exit",
      "uuid" : "a1c63f7b-344f-4ae9-aa78-b7835333647b",
      "keyValues" : [ ],
      "concept" : {
        "name" : "Adolescent exit reason",
        "uuid" : "04d33465-0cd3-4755-8329-b057a3d8f707",
        "dataType" : "Coded",
        "answers" : [ {
          "name" : "Death",
          "uuid" : "afff87d7-4c40-4dd4-9bf7-8e5d9adb3b83",
          "dataType" : "NA",
          "answers" : [ ],
          "order" : 2.0,
          "active" : true
        }, {
          "name" : "Pregnancy",
          "uuid" : "adc37af2-06c1-4adf-9f10-0e121b8a49b8",
          "dataType" : "NA",
          "answers" : [ ],
          "order" : 5.0,
          "active" : true
        }, {
          "name" : "Lost to follow-up",
          "uuid" : "d55d0635-c101-466f-a624-e72d7223eeb2",
          "dataType" : "NA",
          "answers" : [ ],
          "order" : 6.0,
          "active" : true
        }, {
          "name" : "Migration",
          "uuid" : "229fac5f-468e-46f0-b812-bdcc56840b6c",
          "dataType" : "NA",
          "answers" : [ ],
          "order" : 3.0,
          "active" : true
        }, {
          "name" : "Age more than 20 years",
          "uuid" : "569a0841-46a8-4397-b179-4a1c27a54ea0",
          "dataType" : "NA",
          "answers" : [ ],
          "order" : 1.0,
          "active" : true
        }, {
          "name" : "Marriage",
          "uuid" : "104c7ffb-fb43-45a0-876b-77fba9ee7759",
          "dataType" : "NA",
          "answers" : [ ],
          "order" : 4.0,
          "active" : true
        } ],
        "active" : true
      },
      "displayOrder" : 1.0,
      "type" : "SingleSelect",
      "mandatory" : true
    }, {
      "name" : "Cause of Death",
      "uuid" : "82a98940-8e63-423e-9bee-e137d9ce12bb",
      "keyValues" : [ ],
      "concept" : {
        "name" : "Cause of Death",
        "uuid" : "4876f1ce-28f0-4788-8d22-d8a3db617fd2",
        "dataType" : "Coded",
        "answers" : [ {
          "name" : "Accident",
          "uuid" : "80824328-aaf2-41f3-b389-0205a58d76d2",
          "dataType" : "NA",
          "answers" : [ ],
          "order" : 2.0,
          "active" : true,
          "voided" : true
        }, {
          "name" : "Suicide",
          "uuid" : "6fe263cf-581a-4c5b-aa5a-026ca8fc44e4",
          "dataType" : "NA",
          "answers" : [ ],
          "order" : 1.0,
          "active" : true
        }, {
          "name" : "Illness",
          "uuid" : "49c44725-b3f1-4004-a150-0c7f7377f5c2",
          "dataType" : "NA",
          "answers" : [ ],
          "order" : 3.0,
          "active" : true
        }, {
          "name" : "Other",
          "uuid" : "05ea583c-51d2-412d-ad00-06c432ffe538",
          "dataType" : "NA",
          "answers" : [ ],
          "order" : 4.0,
          "active" : true
        } ],
        "active" : true
      },
      "displayOrder" : 2.0,
      "type" : "SingleSelect",
      "mandatory" : true
    }, {
      "name" : "Cause of Death (Unspecified above)",
      "uuid" : "69c11cd8-4f2b-42a7-b189-c4338d4ea573",
      "keyValues" : [ ],
      "concept" : {
        "name" : "Unspecified Cause of Death",
        "uuid" : "43ab00db-b0d3-4e75-ab98-ebd7cfa414e5",
        "dataType" : "Text",
        "answers" : [ ],
        "active" : true
      },
      "displayOrder" : 3.0,
      "type" : "SingleSelect",
      "mandatory" : true
    }, {
      "name" : "Age at Marriage",
      "uuid" : "b8388d09-a34a-4a81-a615-96b513d79c0b",
      "keyValues" : [ ],
      "concept" : {
        "name" : "Age at Marriage",
        "uuid" : "ce235c58-c84b-4cda-b600-305ebf7091e4",
        "dataType" : "Numeric",
        "answers" : [ ],
        "active" : true
      },
      "displayOrder" : 4.0,
      "type" : "SingleSelect",
      "mandatory" : true
    }, {
      "name" : "Age at Pregnancy",
      "uuid" : "63faced0-b889-448b-aee5-b1a998876c1b",
      "keyValues" : [ ],
      "concept" : {
        "name" : "Age at Pregnancy",
        "uuid" : "01a1588f-b13d-4dd0-8330-1243b4def25c",
        "dataType" : "Numeric",
        "answers" : [ ],
        "active" : true
      },
      "displayOrder" : 5.0,
      "type" : "SingleSelect",
      "mandatory" : true
    } ],
    "display" : "Exit Details",
    "timed" : false
  } ],
  "decisionConcepts" : [ ],
  "voided" : true
}