{
  "name" : "Adolescent School Dropout (voided~2050)",
  "uuid" : "54636d6b-33bf-4faf-9397-eb3b1d9b1792",
  "formType" : "ProgramEncounter",
  "formElementGroups" : [ {
    "uuid" : "774323a1-4597-4de4-9e0d-e657537b5236",
    "name" : "Dropping Out Details",
    "displayOrder" : 1.0,
    "formElements" : [ {
      "name" : "When did you leave school",
      "uuid" : "7dda44bc-4700-4f0b-b51e-6b76617a6ac8",
      "keyValues" : [ ],
      "concept" : {
        "name" : "When did you leave school",
        "uuid" : "c41ff8c3-1f33-4512-a5cd-e9b01d92913f",
        "dataType" : "Date",
        "answers" : [ ],
        "active" : true
      },
      "displayOrder" : 1.0,
      "type" : "SingleSelect",
      "mandatory" : true
    }, {
      "name" : "Dropped out of which standard",
      "uuid" : "afebf488-96e8-48bc-a15d-75de5da97887",
      "keyValues" : [ ],
      "concept" : {
        "name" : "Dropped out of which standard",
        "uuid" : "32005c85-c1de-4fc3-9314-6d6a10f34b57",
        "dataType" : "Coded",
        "answers" : [ {
          "name" : "6",
          "uuid" : "e9ce8718-ef32-4870-b3cb-b5e733fc115a",
          "dataType" : "NA",
          "answers" : [ ],
          "order" : 1.0,
          "active" : true
        }, {
          "name" : "7",
          "uuid" : "aafae271-765c-4347-be3b-3fc1e00e63a1",
          "dataType" : "NA",
          "answers" : [ ],
          "order" : 2.0,
          "active" : true
        }, {
          "name" : "9",
          "uuid" : "29d29318-6b0c-4a2b-85e3-5392bd5a668f",
          "dataType" : "NA",
          "answers" : [ ],
          "order" : 4.0,
          "active" : true
        }, {
          "name" : "11",
          "uuid" : "72165544-dcef-4322-a07d-242a6e7771e0",
          "dataType" : "NA",
          "answers" : [ ],
          "order" : 6.0,
          "active" : true
        }, {
          "name" : "12",
          "uuid" : "9b141130-a1c7-4e3b-bc95-5b9b157f7160",
          "dataType" : "NA",
          "answers" : [ ],
          "order" : 7.0,
          "active" : true
        }, {
          "name" : "10",
          "uuid" : "7f0e1fbd-a1b9-4121-b630-dfec36a2dfd0",
          "dataType" : "NA",
          "answers" : [ ],
          "order" : 5.0,
          "active" : true
        }, {
          "name" : "8",
          "uuid" : "d7443a73-80b7-4320-9c45-6558595be70a",
          "dataType" : "NA",
          "answers" : [ ],
          "order" : 3.0,
          "active" : true
        } ],
        "active" : true
      },
      "displayOrder" : 2.0,
      "type" : "SingleSelect",
      "mandatory" : true
    }, {
      "name" : "Reason for dropping as per student / parent",
      "uuid" : "e99598f5-3797-4636-9cb1-18157ef03671",
      "keyValues" : [ ],
      "concept" : {
        "name" : "Reason for dropping as per student / parent",
        "uuid" : "c9aceef5-fb03-49ed-a455-bfa603dddb28",
        "dataType" : "Coded",
        "answers" : [ {
          "name" : "Cannot read or write",
          "uuid" : "77418606-39c4-4f38-a6c7-0f8bd2d0a791",
          "dataType" : "NA",
          "answers" : [ ],
          "order" : 10.0,
          "active" : true
        }, {
          "name" : "Poor economic condition",
          "uuid" : "0e84adb9-f99a-408d-9a40-44a5d00866a1",
          "dataType" : "NA",
          "answers" : [ ],
          "order" : 2.0,
          "active" : true
        }, {
          "name" : "Marriage",
          "uuid" : "104c7ffb-fb43-45a0-876b-77fba9ee7759",
          "dataType" : "NA",
          "answers" : [ ],
          "order" : 4.0,
          "active" : true
        }, {
          "name" : "Failed in exam",
          "uuid" : "0af52988-1f51-43f6-ad63-d6fb8b0ab36f",
          "dataType" : "NA",
          "answers" : [ ],
          "order" : 12.0,
          "active" : true
        }, {
          "name" : "12th Passed, School study completed",
          "uuid" : "cd551661-1456-46bc-9855-7548e62c40f6",
          "dataType" : "NA",
          "answers" : [ ],
          "order" : 7.0,
          "active" : true
        }, {
          "name" : "School study completed",
          "uuid" : "b0b6ec77-c8fc-4cd8-8ad0-561cfb73b56b",
          "dataType" : "NA",
          "answers" : [ ],
          "order" : 8.0,
          "active" : true
        }, {
          "name" : "No school in village",
          "uuid" : "af10b937-e9f2-4b9b-8cfe-1d59bc0b21f6",
          "dataType" : "NA",
          "answers" : [ ],
          "order" : 6.0,
          "active" : true
        }, {
          "name" : "Migration",
          "uuid" : "229fac5f-468e-46f0-b812-bdcc56840b6c",
          "dataType" : "NA",
          "answers" : [ ],
          "order" : 5.0,
          "active" : true
        }, {
          "name" : "Domestic work",
          "uuid" : "5c9520f7-85e3-4859-91c0-5c378821e389",
          "dataType" : "NA",
          "answers" : [ ],
          "order" : 3.0,
          "active" : true
        }, {
          "name" : "Is afraid of teacher",
          "uuid" : "7b9d722b-32d2-4ffc-91c5-7d8b6ab84424",
          "dataType" : "NA",
          "answers" : [ ],
          "order" : 9.0,
          "active" : true
        }, {
          "name" : "Name taken off from school",
          "uuid" : "6bd0bedb-ef6e-4dc3-a053-a6c1b9478f05",
          "dataType" : "NA",
          "answers" : [ ],
          "order" : 11.0,
          "active" : true
        }, {
          "name" : "Not interested in studies",
          "uuid" : "384bdb12-0761-414e-8459-962aed124ead",
          "dataType" : "NA",
          "answers" : [ ],
          "order" : 1.0,
          "active" : true
        }, {
          "name" : "Other",
          "uuid" : "05ea583c-51d2-412d-ad00-06c432ffe538",
          "dataType" : "NA",
          "answers" : [ ],
          "order" : 13.0,
          "active" : true
        } ],
        "active" : true
      },
      "displayOrder" : 3.0,
      "type" : "MultiSelect",
      "mandatory" : true
    }, {
      "name" : "Other reason according to student/parent",
      "uuid" : "711fb359-354d-4475-9e28-3a1c6d2fe0a9",
      "keyValues" : [ ],
      "concept" : {
        "name" : "Other reason according to student/parent",
        "uuid" : "2a61f823-241b-4c09-be98-26cd1db49d7b",
        "dataType" : "Text",
        "answers" : [ ],
        "active" : true
      },
      "displayOrder" : 4.0,
      "type" : "SingleSelect",
      "mandatory" : true
    }, {
      "name" : "Reason for dropping as per teacher",
      "uuid" : "e05ad605-ed75-4f36-bd30-b10bcc5cd1d8",
      "keyValues" : [ ],
      "concept" : {
        "name" : "Reason for dropping as per teacher",
        "uuid" : "5972d90a-bc65-4801-8658-db746b146444",
        "dataType" : "Coded",
        "answers" : [ {
          "name" : "Poor economic condition",
          "uuid" : "0e84adb9-f99a-408d-9a40-44a5d00866a1",
          "dataType" : "NA",
          "answers" : [ ],
          "order" : 2.0,
          "active" : true
        }, {
          "name" : "Domestic work",
          "uuid" : "5c9520f7-85e3-4859-91c0-5c378821e389",
          "dataType" : "NA",
          "answers" : [ ],
          "order" : 3.0,
          "active" : true
        }, {
          "name" : "Other",
          "uuid" : "05ea583c-51d2-412d-ad00-06c432ffe538",
          "dataType" : "NA",
          "answers" : [ ],
          "order" : 8.0,
          "active" : true
        }, {
          "name" : "Name taken off from school",
          "uuid" : "6bd0bedb-ef6e-4dc3-a053-a6c1b9478f05",
          "dataType" : "NA",
          "answers" : [ ],
          "order" : 7.0,
          "active" : true
        }, {
          "name" : "School study completed",
          "uuid" : "b0b6ec77-c8fc-4cd8-8ad0-561cfb73b56b",
          "dataType" : "NA",
          "answers" : [ ],
          "order" : 4.0,
          "active" : true
        }, {
          "name" : "Cannot read or write",
          "uuid" : "77418606-39c4-4f38-a6c7-0f8bd2d0a791",
          "dataType" : "NA",
          "answers" : [ ],
          "order" : 6.0,
          "active" : true
        }, {
          "name" : "Is afraid of teacher",
          "uuid" : "7b9d722b-32d2-4ffc-91c5-7d8b6ab84424",
          "dataType" : "NA",
          "answers" : [ ],
          "order" : 5.0,
          "active" : true
        }, {
          "name" : "Not interested in studies",
          "uuid" : "384bdb12-0761-414e-8459-962aed124ead",
          "dataType" : "NA",
          "answers" : [ ],
          "order" : 1.0,
          "active" : true
        } ],
        "active" : true
      },
      "displayOrder" : 5.0,
      "type" : "MultiSelect",
      "mandatory" : true
    }, {
      "name" : "Other reason according to teacher",
      "uuid" : "db04ee46-86a2-4e8d-84af-f612eff15895",
      "keyValues" : [ ],
      "concept" : {
        "name" : "Other reason according to teacher",
        "uuid" : "0cf89f36-ce0d-4b2e-b978-d6988375cc2b",
        "dataType" : "Text",
        "answers" : [ ],
        "active" : true
      },
      "displayOrder" : 6.0,
      "type" : "SingleSelect",
      "mandatory" : true
    }, {
      "name" : "What he/she is doing now?",
      "uuid" : "5c719e93-f361-4bce-a802-51befe82334c",
      "keyValues" : [ ],
      "concept" : {
        "name" : "What he/she is doing now?",
        "uuid" : "fedc7739-ddd8-4627-86b0-4ecdc066601e",
        "dataType" : "Coded",
        "answers" : [ {
          "name" : "Labour",
          "uuid" : "54eb4ba3-e940-4d36-ba56-d303f066c088",
          "dataType" : "NA",
          "answers" : [ ],
          "order" : 2.0,
          "active" : true
        }, {
          "name" : "Domestic work",
          "uuid" : "5c9520f7-85e3-4859-91c0-5c378821e389",
          "dataType" : "NA",
          "answers" : [ ],
          "order" : 3.0,
          "active" : true
        }, {
          "name" : "Other",
          "uuid" : "05ea583c-51d2-412d-ad00-06c432ffe538",
          "dataType" : "NA",
          "answers" : [ ],
          "order" : 6.0,
          "active" : true
        }, {
          "name" : "Joined other business",
          "uuid" : "0647b9f1-ee5f-437e-85c9-abc436e9ea96",
          "dataType" : "NA",
          "answers" : [ ],
          "order" : 5.0,
          "active" : true
        }, {
          "name" : "Nothing at home",
          "uuid" : "f5ab8e0f-7184-407f-a566-82fcb83cd348",
          "dataType" : "NA",
          "answers" : [ ],
          "order" : 1.0,
          "active" : true
        }, {
          "name" : "Joined other course",
          "uuid" : "6fd0f6c5-4fd0-4a40-a8d1-62712e00e091",
          "dataType" : "NA",
          "answers" : [ ],
          "order" : 4.0,
          "active" : true
        } ],
        "active" : true
      },
      "displayOrder" : 7.0,
      "type" : "SingleSelect",
      "mandatory" : true
    }, {
      "name" : "Other activity (please specify)",
      "uuid" : "92f8be44-582a-4af8-8ba4-48327046ddf9",
      "keyValues" : [ ],
      "concept" : {
        "name" : "Other activity",
        "uuid" : "3a3f2078-ea0c-4dc0-ae4f-0777b95e8248",
        "dataType" : "Text",
        "answers" : [ ],
        "active" : true
      },
      "displayOrder" : 8.0,
      "type" : "SingleSelect",
      "mandatory" : true
    }, {
      "name" : "How is the economic condition of family",
      "uuid" : "0af1bdd7-22e8-443a-81f2-550953090e57",
      "keyValues" : [ ],
      "concept" : {
        "name" : "How is the economic condition of family",
        "uuid" : "b76236df-a70a-4157-92ea-68c24ad21f4c",
        "dataType" : "Coded",
        "answers" : [ {
          "name" : "Average",
          "uuid" : "c8ab4338-17c4-49d0-ab9a-548594d6c74f",
          "dataType" : "NA",
          "answers" : [ ],
          "order" : 2.0,
          "active" : true
        }, {
          "name" : "Poor",
          "uuid" : "b0597438-4262-4fa7-9d43-12df90963559",
          "dataType" : "NA",
          "answers" : [ ],
          "order" : 3.0,
          "active" : true
        }, {
          "name" : "Very Poor",
          "uuid" : "40d23e03-786e-4ff3-a380-e9005a8f0a62",
          "dataType" : "NA",
          "answers" : [ ],
          "order" : 4.0,
          "active" : true
        }, {
          "name" : "Good",
          "uuid" : "5361a2f5-f249-4a20-9da9-4f357e21db1e",
          "dataType" : "NA",
          "answers" : [ ],
          "order" : 1.0,
          "active" : true
        } ],
        "active" : true
      },
      "displayOrder" : 9.0,
      "type" : "SingleSelect",
      "mandatory" : true
    }, {
      "name" : "Are you ready for re-admission to school",
      "uuid" : "f02fec91-d196-4a8b-819e-8b81ecb58778",
      "keyValues" : [ ],
      "concept" : {
        "name" : "Are you ready for re-admission to school",
        "uuid" : "4c7d5f3e-8284-4207-8d7f-9ef7727eb811",
        "dataType" : "Coded",
        "answers" : [ {
          "name" : "No",
          "uuid" : "e7b50c78-3d90-484d-a224-9887887780dc",
          "dataType" : "NA",
          "answers" : [ ],
          "order" : 2.0,
          "active" : true
        }, {
          "name" : "Yes",
          "uuid" : "04bb1773-c353-44a1-a68c-9b448e07ff70",
          "dataType" : "NA",
          "answers" : [ ],
          "order" : 1.0,
          "active" : true
        } ],
        "active" : true
      },
      "displayOrder" : 10.0,
      "type" : "SingleSelect",
      "mandatory" : true
    }, {
      "name" : "Name of school",
      "uuid" : "f0fc75aa-e602-4b4d-ab44-b4a87e577ac0",
      "keyValues" : [ ],
      "concept" : {
        "name" : "Name of school",
        "uuid" : "bdb1eb17-a803-40e3-947d-d812d5def18d",
        "dataType" : "Text",
        "answers" : [ ],
        "active" : true
      },
      "displayOrder" : 11.0,
      "type" : "SingleSelect",
      "mandatory" : true
    } ],
    "display" : "Dropping Out Details",
    "timed" : false
  }, {
    "uuid" : "5f794156-1087-4a64-81bd-4e8b223edaf9",
    "name" : "Counselling for Dropout",
    "displayOrder" : 2.0,
    "formElements" : [ {
      "name" : "Counselling checklist for dropout",
      "uuid" : "4a01e3c2-4ce7-46f5-9c23-e6533e7e8a10",
      "keyValues" : [ ],
      "concept" : {
        "name" : "Counselling checklist for dropout",
        "uuid" : "efaa640c-f320-496f-b407-8351148da734",
        "dataType" : "Coded",
        "answers" : [ ],
        "active" : true
      },
      "displayOrder" : 1.0,
      "type" : "SingleSelect",
      "mandatory" : false
    }, {
      "name" : "Counselling for dropout Done",
      "uuid" : "68ec3c60-17f8-46a6-8d52-163f68d9aacd",
      "keyValues" : [ ],
      "concept" : {
        "name" : "Counselling for dropout Done",
        "uuid" : "17628553-31d6-46ff-b702-315c9d32a30f",
        "dataType" : "Coded",
        "answers" : [ {
          "name" : "Yes",
          "uuid" : "04bb1773-c353-44a1-a68c-9b448e07ff70",
          "dataType" : "NA",
          "answers" : [ ],
          "order" : 1.0,
          "active" : true
        }, {
          "name" : "No",
          "uuid" : "e7b50c78-3d90-484d-a224-9887887780dc",
          "dataType" : "NA",
          "answers" : [ ],
          "order" : 2.0,
          "active" : true
        } ],
        "active" : true
      },
      "displayOrder" : 2.0,
      "type" : "SingleSelect",
      "mandatory" : true
    } ],
    "display" : "Counselling for Dropout",
    "timed" : false
  } ],
  "decisionConcepts" : [ ],
  "voided" : true
}