{
  "name" : "ANC (voided~2041)",
  "uuid" : "3a95e9b0-731a-4714-ae7c-10e1d03cebfe",
  "formType" : "ProgramEncounter",
  "formElementGroups" : [ {
    "uuid" : "e2737f19-7f9a-4d12-bf02-c676091a09be",
    "name" : "General",
    "displayOrder" : 1.0,
    "formElements" : [ {
      "name" : "Have you enrolled in any government scheme?",
      "uuid" : "f95fedd2-1dc1-4952-91be-f08ef80e11c1",
      "keyValues" : [ ],
      "concept" : {
        "name" : "Have you enrolled in any government scheme?",
        "uuid" : "c10b6b0b-8223-4a4f-807c-57dc1eb44eef",
        "dataType" : "Coded",
        "answers" : [ {
          "name" : "Yes",
          "uuid" : "04bb1773-c353-44a1-a68c-9b448e07ff70",
          "dataType" : "NA",
          "answers" : [ ],
          "order" : 1.0,
          "active" : true
        }, {
          "name" : "No",
          "uuid" : "e7b50c78-3d90-484d-a224-9887887780dc",
          "dataType" : "NA",
          "answers" : [ ],
          "order" : 2.0,
          "active" : true
        } ],
        "active" : true
      },
      "displayOrder" : 1.0,
      "type" : "SingleSelect",
      "mandatory" : true
    }, {
      "name" : "Weight",
      "uuid" : "3c38e7a2-f273-4a3c-a0c8-040e06401a87",
      "keyValues" : [ ],
      "concept" : {
        "name" : "Weight",
        "uuid" : "75b1656e-2777-4753-9612-ce03a766a5e1",
        "dataType" : "Numeric",
        "answers" : [ ],
        "lowAbsolute" : 0.0,
        "highAbsolute" : 300.0,
        "lowNormal" : 1.0,
        "highNormal" : 100.0,
        "active" : true
      },
      "displayOrder" : 3.0,
      "type" : "SingleSelect",
      "mandatory" : true
    }, {
      "name" : "BMI",
      "uuid" : "fe3a208c-41b4-45b4-82f0-39ad78b2b17a",
      "keyValues" : [ {
        "key" : "editable",
        "value" : false
      } ],
      "concept" : {
        "name" : "BMI",
        "uuid" : "7ac0d759-c50d-4971-88e0-84274224c839",
        "dataType" : "Numeric",
        "answers" : [ ],
        "lowNormal" : 18.5,
        "highNormal" : 24.9,
        "active" : true
      },
      "displayOrder" : 4.0,
      "type" : "SingleSelect",
      "mandatory" : false
    } ],
    "display" : "General",
    "timed" : false
  }, {
    "uuid" : "139162e9-1da5-4a8d-a8b3-3ed870de110b",
    "name" : "Pregnancy Complications",
    "displayOrder" : 2.0,
    "formElements" : [ {
      "name" : "Has she been dealing with any complications?",
      "uuid" : "4baa133c-82c5-40c6-96dc-cae8c9e10ab9",
      "keyValues" : [ ],
      "concept" : {
        "name" : "Danger Signs in Pregnancy",
        "uuid" : "0adc4170-9ebb-4feb-8b81-450fbf9a04dc",
        "dataType" : "Coded",
        "answers" : [ {
          "name" : "Excessive vomiting and inability to consume anything orally in last 24 hours",
          "uuid" : "7cdba040-6fad-4a43-8306-4a284178cf5d",
          "dataType" : "NA",
          "answers" : [ ],
          "order" : 3.0,
          "abnormal" : true,
          "active" : true
        }, {
          "name" : "Morning Sickness",
          "uuid" : "2a2768ac-713b-4f74-85af-4a1fc5a832d1",
          "dataType" : "NA",
          "answers" : [ ],
          "order" : 2.0,
          "abnormal" : true,
          "active" : true
        }, {
          "name" : "Severe Abdominal Pain",
          "uuid" : "5ba2d201-a120-4f2d-92e6-ca97d48b60b0",
          "dataType" : "NA",
          "answers" : [ ],
          "order" : 5.0,
          "abnormal" : true,
          "active" : true
        }, {
          "name" : "Painful or difficult urination",
          "uuid" : "39379c57-8f29-4d46-a600-d28b90b963da",
          "dataType" : "NA",
          "answers" : [ ],
          "order" : 1.0,
          "abnormal" : true,
          "active" : true
        }, {
          "name" : "PV leaking",
          "uuid" : "f7a77870-e1c6-47b7-9d72-01eec4adf0f5",
          "dataType" : "NA",
          "answers" : [ ],
          "order" : 12.0,
          "abnormal" : true,
          "active" : true
        }, {
          "name" : "Difficulty breathing",
          "uuid" : "fe8c09ce-4135-4092-a693-3ad9bd8edb44",
          "dataType" : "NA",
          "answers" : [ ],
          "order" : 7.0,
          "abnormal" : true,
          "active" : true
        }, {
          "name" : "Blurring of vision",
          "uuid" : "81671303-a09c-425f-aa4c-bdafd2de37d9",
          "dataType" : "NA",
          "answers" : [ ],
          "order" : 6.0,
          "abnormal" : true,
          "active" : true
        }, {
          "name" : "Convulsions",
          "uuid" : "ab9596e4-04b6-48f2-9f4d-1c7a2c82dbf8",
          "dataType" : "Coded",
          "answers" : [ {
            "name" : "Absent",
            "uuid" : "10885638-561a-42b6-8b24-8daa01864c89",
            "dataType" : "NA",
            "answers" : [ ],
            "order" : 2.0,
            "active" : true
          }, {
            "name" : "Present",
            "uuid" : "57b51d52-981f-4af2-b133-aeffa6d00757",
            "dataType" : "NA",
            "answers" : [ ],
            "order" : 1.0,
            "abnormal" : true,
            "active" : true
          } ],
          "order" : 0.0,
          "active" : true
        }, {
          "name" : "Decreased Foetal movements",
          "uuid" : "d4276c48-2db2-494b-b041-97ffc1146c83",
          "dataType" : "Coded",
          "answers" : [ {
            "name" : "Yes",
            "uuid" : "04bb1773-c353-44a1-a68c-9b448e07ff70",
            "dataType" : "NA",
            "answers" : [ ],
            "order" : 1.0,
            "active" : true
          }, {
            "name" : "No",
            "uuid" : "e7b50c78-3d90-484d-a224-9887887780dc",
            "dataType" : "NA",
            "answers" : [ ],
            "order" : 2.0,
            "active" : true
          } ],
          "order" : 9.0,
          "abnormal" : true,
          "active" : true
        }, {
          "name" : "Per vaginal bleeding",
          "uuid" : "79865f4d-1946-40b4-a823-28281fc58ba0",
          "dataType" : "NA",
          "answers" : [ ],
          "order" : 11.0,
          "abnormal" : true,
          "active" : true
        }, {
          "name" : "Other",
          "uuid" : "05ea583c-51d2-412d-ad00-06c432ffe538",
          "dataType" : "NA",
          "answers" : [ ],
          "order" : 13.0,
          "abnormal" : true,
          "active" : true
        }, {
          "name" : "Severe headache",
          "uuid" : "5a6ab8bb-fb14-4747-a66e-3961d718a83e",
          "dataType" : "NA",
          "answers" : [ ],
          "order" : 10.0,
          "abnormal" : true,
          "active" : true
        }, {
          "name" : "Blurred vision",
          "uuid" : "2367268e-5988-4db3-a0ca-19438bd5931c",
          "dataType" : "NA",
          "answers" : [ ],
          "order" : 8.0,
          "abnormal" : true,
          "active" : true
        }, {
          "name" : "Pain on urination",
          "uuid" : "97652252-0024-434d-8749-078b395fb6f2",
          "dataType" : "NA",
          "answers" : [ ],
          "order" : 4.0,
          "abnormal" : true,
          "active" : true
        }, {
          "name" : "No problem",
          "uuid" : "855fb739-19d8-418d-a8ae-c1da977b7fa9",
          "dataType" : "NA",
          "answers" : [ ],
          "order" : 14.0,
          "unique" : true,
          "active" : true
        } ],
        "active" : true
      },
      "displayOrder" : 1.0,
      "type" : "MultiSelect",
      "mandatory" : true
    }, {
      "name" : "Other complications?",
      "uuid" : "20a01e2f-cbb4-4bf4-853b-20c871f0004d",
      "keyValues" : [ ],
      "concept" : {
        "name" : "Other pregnancy complications",
        "uuid" : "9ab68204-6336-4074-b99b-7de20549be3b",
        "dataType" : "Text",
        "answers" : [ ],
        "active" : true
      },
      "displayOrder" : 2.0,
      "type" : "SingleSelect",
      "mandatory" : true
    } ],
    "display" : "Pregnancy Complications",
    "timed" : false
  }, {
    "uuid" : "614d66d9-6993-4dd7-9a90-44cb2e4b29da",
    "name" : "Chief Complications",
    "displayOrder" : 2.1,
    "formElements" : [ ],
    "display" : "Chief Complications",
    "timed" : false
  }, {
    "uuid" : "be638034-24b1-4cb1-82bf-a2703adacfcf",
    "name" : "Assessment",
    "displayOrder" : 2.2,
    "formElements" : [ ],
    "display" : "Assessment",
    "timed" : false
  }, {
    "uuid" : "29442afc-bda1-4eb6-86d0-a28916574792",
    "name" : "GPAL",
    "displayOrder" : 2.3,
    "formElements" : [ ],
    "display" : "GPAL",
    "timed" : false
  }, {
    "uuid" : "36debb83-db66-4da1-88c7-23c0dfc47649",
    "name" : "Physical Examination",
    "displayOrder" : 3.0,
    "formElements" : [ {
      "name" : "Pedal Edema",
      "uuid" : "32bed768-4074-45c4-92a6-4bc27f43bbdc",
      "keyValues" : [ ],
      "concept" : {
        "name" : "Pedal Edema",
        "uuid" : "b441c480-1a19-4ad0-9d0a-196485aacf12",
        "dataType" : "Coded",
        "answers" : [ {
          "name" : "Present",
          "uuid" : "57b51d52-981f-4af2-b133-aeffa6d00757",
          "dataType" : "NA",
          "answers" : [ ],
          "order" : 1.0,
          "abnormal" : true,
          "active" : true
        }, {
          "name" : "Absent",
          "uuid" : "10885638-561a-42b6-8b24-8daa01864c89",
          "dataType" : "NA",
          "answers" : [ ],
          "order" : 2.0,
          "active" : true
        } ],
        "active" : true
      },
      "displayOrder" : 1.0,
      "type" : "SingleSelect",
      "mandatory" : true
    }, {
      "name" : "Pallor",
      "uuid" : "6b5f0898-6ea3-4395-91e2-6e415cada5ff",
      "keyValues" : [ ],
      "concept" : {
        "name" : "Pallor",
        "uuid" : "226f8715-563b-4a8b-8afa-f75cce2767af",
        "dataType" : "Coded",
        "answers" : [ {
          "name" : "Present",
          "uuid" : "57b51d52-981f-4af2-b133-aeffa6d00757",
          "dataType" : "NA",
          "answers" : [ ],
          "order" : 1.0,
          "abnormal" : true,
          "active" : true
        }, {
          "name" : "Absent",
          "uuid" : "10885638-561a-42b6-8b24-8daa01864c89",
          "dataType" : "NA",
          "answers" : [ ],
          "order" : 2.0,
          "active" : true
        } ],
        "active" : true
      },
      "displayOrder" : 2.0,
      "type" : "SingleSelect",
      "mandatory" : true
    }, {
      "name" : "Has she been having convulsions?",
      "uuid" : "e4511f13-5b2a-4df2-9e7b-72729c1f6923",
      "keyValues" : [ ],
      "concept" : {
        "name" : "Has she been having convulsions?",
        "uuid" : "4236230c-d109-4409-9acf-2925388ebad5",
        "dataType" : "Coded",
        "answers" : [ {
          "name" : "Present",
          "uuid" : "57b51d52-981f-4af2-b133-aeffa6d00757",
          "dataType" : "NA",
          "answers" : [ ],
          "order" : 1.0,
          "abnormal" : true,
          "active" : true
        }, {
          "name" : "Absent",
          "uuid" : "10885638-561a-42b6-8b24-8daa01864c89",
          "dataType" : "NA",
          "answers" : [ ],
          "order" : 2.0,
          "active" : true
        } ],
        "active" : true
      },
      "displayOrder" : 3.0,
      "type" : "SingleSelect",
      "mandatory" : true
    }, {
      "name" : "Jaundice (Icterus)",
      "uuid" : "a9a50a04-6e62-4398-b0ed-1039f82fe323",
      "keyValues" : [ ],
      "concept" : {
        "name" : "Jaundice (Icterus)",
        "uuid" : "78cb1fb0-9e7c-4012-872c-00589fda661d",
        "dataType" : "Coded",
        "answers" : [ {
          "name" : "Absent",
          "uuid" : "10885638-561a-42b6-8b24-8daa01864c89",
          "dataType" : "NA",
          "answers" : [ ],
          "order" : 2.0,
          "active" : true
        }, {
          "name" : "Present",
          "uuid" : "57b51d52-981f-4af2-b133-aeffa6d00757",
          "dataType" : "NA",
          "answers" : [ ],
          "order" : 1.0,
          "abnormal" : true,
          "active" : true
        } ],
        "active" : true
      },
      "displayOrder" : 4.0,
      "type" : "SingleSelect",
      "mandatory" : false
    }, {
      "name" : "Breast Examination - Nipple",
      "uuid" : "5682fc9d-a852-445d-9e8e-d67a1fa51266",
      "keyValues" : [ ],
      "concept" : {
        "name" : "Breast Examination - Nipple",
        "uuid" : "ed087798-7116-4817-ba84-caa02a23e1b7",
        "dataType" : "Coded",
        "answers" : [ {
          "name" : "Flat",
          "uuid" : "040e37d2-12ff-465c-8bf2-990358805f11",
          "dataType" : "NA",
          "answers" : [ ],
          "order" : 3.0,
          "abnormal" : true,
          "active" : true
        }, {
          "name" : "Normal",
          "uuid" : "ba43b326-18a1-4f8d-ad04-29b0371461e0",
          "dataType" : "NA",
          "answers" : [ ],
          "order" : 1.0,
          "active" : true
        }, {
          "name" : "Retracted",
          "uuid" : "3273b055-0222-44b6-b0a6-7d45fb4e1b33",
          "dataType" : "NA",
          "answers" : [ ],
          "order" : 2.0,
          "abnormal" : true,
          "active" : true
        } ],
        "active" : true
      },
      "displayOrder" : 8.0,
      "type" : "SingleSelect",
      "mandatory" : false
    } ],
    "display" : "Physical Examination",
    "timed" : false
  }, {
    "uuid" : "1ca46e2e-36bc-415b-ba50-9021588e676a",
    "name" : "Per Abdominal Examination",
    "displayOrder" : 4.0,
    "formElements" : [ {
      "name" : "Fundal Height",
      "uuid" : "e7a89295-3b62-403d-9690-814488bc0a3d",
      "keyValues" : [ ],
      "concept" : {
        "name" : "Fundal Height",
        "uuid" : "1e46713d-162d-4657-922d-1f458a3011a5",
        "dataType" : "Numeric",
        "answers" : [ ],
        "lowAbsolute" : 5.0,
        "highAbsolute" : 49.0,
        "lowNormal" : 15.0,
        "highNormal" : 40.0,
        "active" : true
      },
      "displayOrder" : 1.0,
      "type" : "SingleSelect",
      "mandatory" : true
    }, {
      "name" : "Fundal height from pubic symphysis",
      "uuid" : "3170cf31-535c-4030-bec1-59229f26d81e",
      "keyValues" : [ ],
      "concept" : {
        "name" : "Fundal height from pubic symphysis",
        "uuid" : "fefe6bd1-8111-42dc-9be4-056ab0f5fd36",
        "dataType" : "Numeric",
        "answers" : [ ],
        "active" : true
      },
      "displayOrder" : 2.0,
      "type" : "SingleSelect",
      "mandatory" : true
    }, {
      "name" : "Abdominal girth",
      "uuid" : "89136929-82c4-4e5c-a32f-5d00ef1ea4a4",
      "keyValues" : [ ],
      "concept" : {
        "name" : "Abdominal girth",
        "uuid" : "334c4434-eda2-4119-9005-0139c2f0418e",
        "dataType" : "Numeric",
        "answers" : [ ],
        "active" : true
      },
      "displayOrder" : 3.0,
      "type" : "SingleSelect",
      "mandatory" : true
    }, {
      "name" : "Foetal movements",
      "uuid" : "2440a24d-74ad-457a-813b-cce5dfedc136",
      "keyValues" : [ ],
      "concept" : {
        "name" : "Foetal Movement (if twins then of 1st baby)",
        "uuid" : "f90bb5df-c7fa-4266-8141-3534f3e47e6c",
        "dataType" : "Coded",
        "answers" : [ {
          "name" : "Normal",
          "uuid" : "ba43b326-18a1-4f8d-ad04-29b0371461e0",
          "dataType" : "NA",
          "answers" : [ ],
          "order" : 1.0,
          "active" : true
        }, {
          "name" : "Absent",
          "uuid" : "10885638-561a-42b6-8b24-8daa01864c89",
          "dataType" : "NA",
          "answers" : [ ],
          "order" : 0.0,
          "abnormal" : true,
          "active" : true
        }, {
          "name" : "Inadequate",
          "uuid" : "17222632-3999-4292-8180-b89c4d1a8eaa",
          "dataType" : "NA",
          "answers" : [ ],
          "order" : 5.0,
          "active" : true
        }, {
          "name" : "NA",
          "uuid" : "4d476011-7fc4-432b-98c0-9f6f1847cf39",
          "dataType" : "NA",
          "answers" : [ ],
          "order" : 3.0,
          "active" : true
        }, {
          "name" : "Reduced",
          "uuid" : "cc933b72-291f-41c3-a5c2-53cfc9966a63",
          "dataType" : "NA",
          "answers" : [ ],
          "order" : 2.0,
          "abnormal" : true,
          "active" : true
        }, {
          "name" : "No movement",
          "uuid" : "ca010757-a53a-4c3f-bd88-7aa75854ef20",
          "dataType" : "NA",
          "answers" : [ ],
          "order" : 6.0,
          "active" : true
        }, {
          "name" : "Adequate",
          "uuid" : "9bf1e2d9-d688-4a3b-9d9a-8d0b927e8e4b",
          "dataType" : "NA",
          "answers" : [ ],
          "order" : 4.0,
          "active" : true
        } ],
        "active" : true
      },
      "displayOrder" : 4.0,
      "type" : "SingleSelect",
      "mandatory" : false
    }, {
      "name" : "Foetal Heart Sound",
      "uuid" : "c30e4c6c-a823-47ff-8c8c-328f89a2587f",
      "keyValues" : [ ],
      "concept" : {
        "name" : "Foetal Heart Sound",
        "uuid" : "b32881ad-45e7-4c16-b072-9d75929e6873",
        "dataType" : "Coded",
        "answers" : [ {
          "name" : "Absent",
          "uuid" : "10885638-561a-42b6-8b24-8daa01864c89",
          "dataType" : "NA",
          "answers" : [ ],
          "order" : 3.0,
          "abnormal" : true,
          "active" : true
        }, {
          "name" : "Present",
          "uuid" : "57b51d52-981f-4af2-b133-aeffa6d00757",
          "dataType" : "NA",
          "answers" : [ ],
          "order" : 1.0,
          "active" : true
        }, {
          "name" : "Present and Regular",
          "uuid" : "45b86f84-aeb9-474d-bef8-df986c0a0927",
          "dataType" : "NA",
          "answers" : [ ],
          "order" : 1.0,
          "active" : true
        }, {
          "name" : "Present and Irregular",
          "uuid" : "5576ac3f-5492-4956-9934-801f06f1ca13",
          "dataType" : "NA",
          "answers" : [ ],
          "order" : 2.0,
          "active" : true
        } ],
        "active" : true
      },
      "displayOrder" : 5.0,
      "type" : "SingleSelect",
      "mandatory" : false
    }, {
      "name" : "Foetal Heart Rate",
      "uuid" : "bcda771b-c8e2-4931-aa8a-13c9d340718c",
      "keyValues" : [ ],
      "concept" : {
        "name" : "FHR Value of 1st baby",
        "uuid" : "77ee9c20-d074-4cbe-a5bd-a1ca9d6ecce9",
        "dataType" : "Numeric",
        "answers" : [ ],
        "lowNormal" : 120.0,
        "highNormal" : 160.0,
        "active" : true
      },
      "displayOrder" : 6.0,
      "type" : "SingleSelect",
      "mandatory" : false
    } ],
    "display" : "Per Abdominal Examination",
    "timed" : false
  }, {
    "uuid" : "cb8b6812-b58b-428d-afbd-7f53748c684d",
    "name" : "Vitals",
    "displayOrder" : 5.0,
    "formElements" : [ {
      "name" : "Systolic",
      "uuid" : "972a7890-4fa9-42c8-b4b8-fe8583c5ae80",
      "keyValues" : [ ],
      "concept" : {
        "name" : "Systolic",
        "uuid" : "2a04bf88-6346-4eda-a86c-8a2afc011b22",
        "dataType" : "Numeric",
        "answers" : [ ],
        "lowAbsolute" : 20.0,
        "highAbsolute" : 190.0,
        "lowNormal" : 90.0,
        "highNormal" : 140.0,
        "active" : true
      },
      "displayOrder" : 1.0,
      "type" : "SingleSelect",
      "mandatory" : true
    }, {
      "name" : "Diastolic",
      "uuid" : "c253083f-a2f9-4bec-a07f-8883637125db",
      "keyValues" : [ ],
      "concept" : {
        "name" : "Diastolic",
        "uuid" : "1e2d41a2-5b6a-4ad7-ab91-51d3cdf122bd",
        "dataType" : "Numeric",
        "answers" : [ ],
        "lowAbsolute" : 10.0,
        "highAbsolute" : 120.0,
        "lowNormal" : 50.0,
        "highNormal" : 90.0,
        "active" : true
      },
      "displayOrder" : 2.0,
      "type" : "SingleSelect",
      "mandatory" : true
    }, {
      "name" : "Pulse",
      "uuid" : "099dd8f5-ed61-4195-ba8c-2a9f26317642",
      "keyValues" : [ ],
      "concept" : {
        "name" : "Pulse",
        "uuid" : "2d3b8f90-6123-4dbf-b866-4f56ac7d24c8",
        "dataType" : "Numeric",
        "answers" : [ ],
        "lowNormal" : 60.0,
        "highNormal" : 100.0,
        "active" : true
      },
      "displayOrder" : 3.0,
      "type" : "SingleSelect",
      "mandatory" : true
    }, {
      "name" : "Respiratory Rate",
      "uuid" : "407b2857-e5cd-4805-9b2c-c43c2e819b04",
      "keyValues" : [ ],
      "concept" : {
        "name" : "Respiratory Rate",
        "uuid" : "70d617f9-3c14-4ec2-8d0f-97c837f6ab37",
        "dataType" : "Numeric",
        "answers" : [ ],
        "lowNormal" : 16.0,
        "highNormal" : 20.0,
        "active" : true
      },
      "displayOrder" : 4.0,
      "type" : "SingleSelect",
      "mandatory" : true
    }, {
      "name" : "Temperature",
      "uuid" : "86d906d2-f44f-4743-9044-f7b23df6d5d8",
      "keyValues" : [ ],
      "concept" : {
        "name" : "Temperature",
        "uuid" : "e6edb61c-c3d9-44c8-abf7-4fd09fe39ec9",
        "dataType" : "Numeric",
        "answers" : [ ],
        "lowNormal" : 97.0,
        "highNormal" : 99.0,
        "active" : true
      },
      "displayOrder" : 5.0,
      "type" : "SingleSelect",
      "mandatory" : true
    } ],
    "display" : "Vitals",
    "timed" : false
  }, {
    "uuid" : "07458686-88c5-448f-92ed-c150c0629b4f",
    "name" : "Lab Diagnostics - Blood",
    "displayOrder" : 6.0,
    "formElements" : [ {
      "name" : "Blood Examination Date",
      "uuid" : "4854821e-d478-4b95-afed-00b2c233ce41",
      "keyValues" : [ ],
      "concept" : {
        "name" : "Blood Examination Date",
        "uuid" : "63a1b5f2-f672-444a-b44b-c80819d85040",
        "dataType" : "Date",
        "answers" : [ ],
        "active" : true
      },
      "displayOrder" : 1.0,
      "type" : "SingleSelect",
      "mandatory" : false
    }, {
      "name" : "Paracheck",
      "uuid" : "f09992f0-ef48-4fb8-ad08-0f9a718aee54",
      "keyValues" : [ ],
      "concept" : {
        "name" : "Paracheck",
        "uuid" : "10ac6d19-49f9-4ca1-8d26-aa4f1e9997c8",
        "dataType" : "Coded",
        "answers" : [ {
          "name" : "Positive for PV",
          "uuid" : "662c40a4-2694-4b10-9388-1ddb2c53886b",
          "dataType" : "NA",
          "answers" : [ ],
          "order" : 3.0,
          "abnormal" : true,
          "active" : true
        }, {
          "name" : "Positive for PF and PV",
          "uuid" : "9387a474-72ca-48b6-a608-bd3657c5d1ea",
          "dataType" : "NA",
          "answers" : [ ],
          "order" : 2.0,
          "abnormal" : true,
          "active" : true
        }, {
          "name" : "Positive for PF",
          "uuid" : "ed305c6f-3986-4346-9ae3-e21cbe0b55f7",
          "dataType" : "NA",
          "answers" : [ ],
          "order" : 1.0,
          "abnormal" : true,
          "active" : true
        }, {
          "name" : "Negative",
          "uuid" : "ad1f0481-a8ed-411a-ac00-d0435a670269",
          "dataType" : "NA",
          "answers" : [ ],
          "order" : 4.0,
          "active" : true
        } ],
        "active" : true
      },
      "displayOrder" : 2.0,
      "type" : "SingleSelect",
      "mandatory" : false
    }, {
      "name" : "Hb",
      "uuid" : "549367fb-a795-472d-9ad2-06e281dfc17e",
      "keyValues" : [ ],
      "concept" : {
        "name" : "Hb",
        "uuid" : "f9ecabbc-2df2-4bfc-a6fa-aa417c50e11b",
        "dataType" : "Numeric",
        "answers" : [ ],
        "lowNormal" : 12.0,
        "highNormal" : 15.5,
        "active" : true
      },
      "displayOrder" : 3.0,
      "type" : "SingleSelect",
      "mandatory" : false
    }, {
      "name" : "Blood Sugar",
      "uuid" : "53899c85-3e5e-45e8-ab03-e05d7d295e11",
      "keyValues" : [ ],
      "concept" : {
        "name" : "Blood Sugar",
        "uuid" : "d6bfbe2e-c301-4a26-8893-5236fd20f661",
        "dataType" : "Numeric",
        "answers" : [ ],
        "highNormal" : 139.0,
        "active" : true
      },
      "displayOrder" : 4.0,
      "type" : "SingleSelect",
      "mandatory" : false
    }, {
      "name" : "VDRL",
      "uuid" : "bdab2e43-5e2c-43b9-bd1d-26707aa9806d",
      "keyValues" : [ ],
      "concept" : {
        "name" : "VDRL",
        "uuid" : "1bb4b646-d494-40d3-9d9b-7141b920e92e",
        "dataType" : "Coded",
        "answers" : [ {
          "name" : "Data Not Available",
          "uuid" : "1deacad0-83b7-4f3e-9ae6-3bcb676c92ec",
          "dataType" : "NA",
          "answers" : [ ],
          "order" : 4.0,
          "active" : true
        }, {
          "name" : "Test not happened",
          "uuid" : "13f4f438-efc5-4a79-8c23-23479218a942",
          "dataType" : "NA",
          "answers" : [ ],
          "order" : 3.0,
          "active" : true
        }, {
          "name" : "Positive - Syphlis",
          "uuid" : "69757cc4-677f-45c4-8102-b1f02bb21fe1",
          "dataType" : "NA",
          "answers" : [ ],
          "order" : 2.0,
          "abnormal" : true,
          "active" : true
        }, {
          "name" : "Positive",
          "uuid" : "479cd95a-54ef-4818-b84a-09b478fc68b8",
          "dataType" : "NA",
          "answers" : [ ],
          "order" : 0.0,
          "abnormal" : true,
          "active" : true,
          "voided" : true
        }, {
          "name" : "Negative",
          "uuid" : "ad1f0481-a8ed-411a-ac00-d0435a670269",
          "dataType" : "NA",
          "answers" : [ ],
          "order" : 1.0,
          "active" : true
        } ],
        "active" : true
      },
      "displayOrder" : 5.0,
      "type" : "SingleSelect",
      "mandatory" : false
    }, {
      "name" : "HIV/AIDS Test",
      "uuid" : "44a88f6b-8b20-4a1b-835a-ad37193d7dc4",
      "keyValues" : [ ],
      "concept" : {
        "name" : "HIV/AIDS Test",
        "uuid" : "f5d77785-c9e1-421c-98f7-fb713aeef140",
        "dataType" : "Coded",
        "answers" : [ {
          "name" : "Positive",
          "uuid" : "479cd95a-54ef-4818-b84a-09b478fc68b8",
          "dataType" : "NA",
          "answers" : [ ],
          "order" : 1.0,
          "abnormal" : true,
          "active" : true,
          "voided" : true
        }, {
          "name" : "Negative",
          "uuid" : "ad1f0481-a8ed-411a-ac00-d0435a670269",
          "dataType" : "NA",
          "answers" : [ ],
          "order" : 2.0,
          "active" : true
        } ],
        "active" : true
      },
      "displayOrder" : 6.0,
      "type" : "SingleSelect",
      "mandatory" : false
    }, {
      "name" : "HbsAg",
      "uuid" : "63987b56-7200-4a0d-9db5-4f01470da996",
      "keyValues" : [ ],
      "concept" : {
        "name" : "HbsAg",
        "uuid" : "bf98b3dd-60e5-4af1-90b1-091cae84012b",
        "dataType" : "Coded",
        "answers" : [ {
          "name" : "Test not happened",
          "uuid" : "13f4f438-efc5-4a79-8c23-23479218a942",
          "dataType" : "NA",
          "answers" : [ ],
          "order" : 2.0,
          "active" : true
        }, {
          "name" : "Negative",
          "uuid" : "ad1f0481-a8ed-411a-ac00-d0435a670269",
          "dataType" : "NA",
          "answers" : [ ],
          "order" : 1.0,
          "active" : true
        }, {
          "name" : "Data Not Available",
          "uuid" : "1deacad0-83b7-4f3e-9ae6-3bcb676c92ec",
          "dataType" : "NA",
          "answers" : [ ],
          "order" : 3.0,
          "active" : true
        }, {
          "name" : "Positive",
          "uuid" : "479cd95a-54ef-4818-b84a-09b478fc68b8",
          "dataType" : "NA",
          "answers" : [ ],
          "order" : 0.0,
          "abnormal" : true,
          "active" : true,
          "voided" : true
        } ],
        "active" : true
      },
      "displayOrder" : 7.0,
      "type" : "SingleSelect",
      "mandatory" : false
    }, {
      "name" : "Sickling Test",
      "uuid" : "b21c3ad3-d3df-4e3b-997a-d184a26a377d",
      "keyValues" : [ ],
      "concept" : {
        "name" : "Sickling Test",
        "uuid" : "b9e3bfc4-8688-44fb-8334-d9a480a50f6c",
        "dataType" : "Coded",
        "answers" : [ {
          "name" : "Positive",
          "uuid" : "479cd95a-54ef-4818-b84a-09b478fc68b8",
          "dataType" : "NA",
          "answers" : [ ],
          "order" : 1.0,
          "abnormal" : true,
          "active" : true,
          "voided" : true
        }, {
          "name" : "Negative",
          "uuid" : "ad1f0481-a8ed-411a-ac00-d0435a670269",
          "dataType" : "NA",
          "answers" : [ ],
          "order" : 2.0,
          "active" : true
        } ],
        "active" : true
      },
      "displayOrder" : 10.0,
      "type" : "SingleSelect",
      "mandatory" : false
    }, {
      "name" : "Hb Electrophoresis",
      "uuid" : "456f4de6-c474-43a3-8417-08ec374a27b7",
      "keyValues" : [ ],
      "concept" : {
        "name" : "Hb Electrophoresis",
        "uuid" : "d78edcbb-2034-4220-ace2-20b445a1e0ad",
        "dataType" : "Coded",
        "answers" : [ {
          "name" : "SS",
          "uuid" : "3648a650-2f3e-4c2c-a899-c0a8212aace1",
          "dataType" : "NA",
          "answers" : [ ],
          "order" : 1.0,
          "abnormal" : true,
          "active" : true
        }, {
          "name" : "AS",
          "uuid" : "77ee8a6a-2a01-421f-85ca-fc0ab39abcdb",
          "dataType" : "NA",
          "answers" : [ ],
          "order" : 2.0,
          "active" : true
        }, {
          "name" : "AA",
          "uuid" : "daa7c62f-c663-4981-a134-1f662b3036d0",
          "dataType" : "NA",
          "answers" : [ ],
          "order" : 3.0,
          "active" : true
        } ],
        "active" : true
      },
      "displayOrder" : 11.0,
      "type" : "SingleSelect",
      "mandatory" : false
    } ],
    "display" : "Lab Diagnostics - Blood",
    "timed" : false
  }, {
    "uuid" : "33b4dfd6-2b49-4230-8132-46bd2232c2db",
    "name" : "Lab Diagnostics - Urine",
    "displayOrder" : 7.0,
    "formElements" : [ {
      "name" : "Urine Albumin",
      "uuid" : "97759fac-b25e-449b-b9da-2be2818a978c",
      "keyValues" : [ ],
      "concept" : {
        "name" : "Urine Albumin",
        "uuid" : "96cf3ccd-df7e-4614-a19c-05b44bed2b5b",
        "dataType" : "Coded",
        "answers" : [ {
          "name" : "Data Not Available",
          "uuid" : "1deacad0-83b7-4f3e-9ae6-3bcb676c92ec",
          "dataType" : "NA",
          "answers" : [ ],
          "order" : 7.0,
          "active" : true
        }, {
          "name" : "Trace",
          "uuid" : "17b0423e-ba04-4f24-b196-f82639c2ca4c",
          "dataType" : "NA",
          "answers" : [ ],
          "order" : 1.0,
          "abnormal" : true,
          "active" : true
        }, {
          "name" : "Test not happened",
          "uuid" : "13f4f438-efc5-4a79-8c23-23479218a942",
          "dataType" : "NA",
          "answers" : [ ],
          "order" : 6.0,
          "active" : true
        }, {
          "name" : "+2",
          "uuid" : "10db74d9-2357-412e-b04c-099ab9a1c3f1",
          "dataType" : "NA",
          "answers" : [ ],
          "order" : 3.0,
          "abnormal" : true,
          "active" : true
        }, {
          "name" : "+4",
          "uuid" : "98d05a6e-2234-4238-85d2-92835581803d",
          "dataType" : "NA",
          "answers" : [ ],
          "order" : 5.0,
          "abnormal" : true,
          "active" : true
        }, {
          "name" : "Absent",
          "uuid" : "10885638-561a-42b6-8b24-8daa01864c89",
          "dataType" : "NA",
          "answers" : [ ],
          "order" : 0.0,
          "active" : true
        }, {
          "name" : "+3",
          "uuid" : "172513b3-b1bb-4411-a3ea-a8e9914cb21a",
          "dataType" : "NA",
          "answers" : [ ],
          "order" : 4.0,
          "abnormal" : true,
          "active" : true
        }, {
          "name" : "+1",
          "uuid" : "3661d5a9-d097-4cd6-8387-58b38cfc61ea",
          "dataType" : "NA",
          "answers" : [ ],
          "order" : 2.0,
          "abnormal" : true,
          "active" : true
        } ],
        "active" : true
      },
      "displayOrder" : 1.0,
      "type" : "SingleSelect",
      "mandatory" : false
    }, {
      "name" : "Urine Sugar",
      "uuid" : "c961c4c8-22e1-47fd-8e4d-bef66c962303",
      "keyValues" : [ ],
      "concept" : {
        "name" : "Urine Sugar",
        "uuid" : "64134706-9d55-4bae-82c5-5e4628012394",
        "dataType" : "Coded",
        "answers" : [ {
          "name" : "+4",
          "uuid" : "98d05a6e-2234-4238-85d2-92835581803d",
          "dataType" : "NA",
          "answers" : [ ],
          "order" : 6.0,
          "abnormal" : true,
          "active" : true
        }, {
          "name" : "Trace",
          "uuid" : "17b0423e-ba04-4f24-b196-f82639c2ca4c",
          "dataType" : "NA",
          "answers" : [ ],
          "order" : 2.0,
          "abnormal" : true,
          "active" : true
        }, {
          "name" : "Absent",
          "uuid" : "10885638-561a-42b6-8b24-8daa01864c89",
          "dataType" : "NA",
          "answers" : [ ],
          "order" : 1.0,
          "active" : true
        }, {
          "name" : "+3",
          "uuid" : "172513b3-b1bb-4411-a3ea-a8e9914cb21a",
          "dataType" : "NA",
          "answers" : [ ],
          "order" : 5.0,
          "abnormal" : true,
          "active" : true
        }, {
          "name" : "+1",
          "uuid" : "3661d5a9-d097-4cd6-8387-58b38cfc61ea",
          "dataType" : "NA",
          "answers" : [ ],
          "order" : 3.0,
          "abnormal" : true,
          "active" : true
        }, {
          "name" : "+2",
          "uuid" : "10db74d9-2357-412e-b04c-099ab9a1c3f1",
          "dataType" : "NA",
          "answers" : [ ],
          "order" : 4.0,
          "abnormal" : true,
          "active" : true
        } ],
        "active" : true
      },
      "displayOrder" : 2.0,
      "type" : "SingleSelect",
      "mandatory" : false
    } ],
    "display" : "Lab Diagnostics - Urine",
    "timed" : false
  }, {
    "uuid" : "353eec4f-052f-466b-9acb-7a740e5c19e5",
    "name" : "Lab Diagnostics - USG",
    "displayOrder" : 8.0,
    "formElements" : [ {
      "name" : "US Scanning Done",
      "uuid" : "e5e671fe-0acf-44e1-9629-0796b274fe65",
      "keyValues" : [ ],
      "concept" : {
        "name" : "US Scanning Done",
        "uuid" : "35805527-362c-497c-8009-5c353a464192",
        "dataType" : "Coded",
        "answers" : [ {
          "name" : "No",
          "uuid" : "e7b50c78-3d90-484d-a224-9887887780dc",
          "dataType" : "NA",
          "answers" : [ ],
          "order" : 2.0,
          "active" : true
        }, {
          "name" : "Yes",
          "uuid" : "04bb1773-c353-44a1-a68c-9b448e07ff70",
          "dataType" : "NA",
          "answers" : [ ],
          "order" : 1.0,
          "active" : true
        } ],
        "active" : true
      },
      "displayOrder" : 1.0,
      "type" : "SingleSelect",
      "mandatory" : false
    }, {
      "name" : "USG Scanning Date",
      "uuid" : "3a7a4451-dceb-439b-aab3-9e968bd5be1b",
      "keyValues" : [ ],
      "concept" : {
        "name" : "USG Scanning Date",
        "uuid" : "e390b1b4-d492-4a51-87cf-cb0011465c0e",
        "dataType" : "Date",
        "answers" : [ ],
        "active" : true
      },
      "displayOrder" : 2.0,
      "type" : "SingleSelect",
      "mandatory" : true
    }, {
      "name" : "Number of foetus",
      "uuid" : "bbbaa09b-b314-4123-a578-2e4b3f8d0b97",
      "keyValues" : [ ],
      "concept" : {
        "name" : "USG Scanning Report - Number of foetus",
        "uuid" : "ea54eb71-5560-4871-9369-a91b6a064dba",
        "dataType" : "Coded",
        "answers" : [ {
          "name" : "Three",
          "uuid" : "a335e989-3c98-45f6-9659-1178c231cda0",
          "dataType" : "NA",
          "answers" : [ ],
          "order" : 3.0,
          "abnormal" : true,
          "active" : true
        }, {
          "name" : "One",
          "uuid" : "73431353-137e-4997-92aa-26b3cb79eba7",
          "dataType" : "NA",
          "answers" : [ ],
          "order" : 1.0,
          "active" : true
        }, {
          "name" : "Two",
          "uuid" : "d1e58ac3-1ea7-46a1-8e17-e9f2c6789715",
          "dataType" : "NA",
          "answers" : [ ],
          "order" : 2.0,
          "abnormal" : true,
          "active" : true
        }, {
          "name" : "More than three",
          "uuid" : "0ba85fd4-4d70-4f03-b449-8dd12e30d690",
          "dataType" : "NA",
          "answers" : [ ],
          "order" : 4.0,
          "abnormal" : true,
          "active" : true
        } ],
        "active" : true
      },
      "displayOrder" : 3.0,
      "type" : "SingleSelect",
      "mandatory" : false
    }, {
      "name" : "Liquour",
      "uuid" : "e6126713-09aa-4a04-8f60-414dbd4125e5",
      "keyValues" : [ ],
      "concept" : {
        "name" : "USG Scanning Report - Liquour",
        "uuid" : "4b65c269-1394-40ce-8c1b-58377e791568",
        "dataType" : "Coded",
        "answers" : [ {
          "name" : "Decreased",
          "uuid" : "1aef1b55-0c52-4961-a1c9-f35e4c6a6f00",
          "dataType" : "NA",
          "answers" : [ ],
          "order" : 3.0,
          "abnormal" : true,
          "active" : true
        }, {
          "name" : "Increased",
          "uuid" : "563eb915-f607-48de-86af-3295b6f35bb8",
          "dataType" : "NA",
          "answers" : [ ],
          "order" : 2.0,
          "abnormal" : true,
          "active" : true
        }, {
          "name" : "Normal",
          "uuid" : "ba43b326-18a1-4f8d-ad04-29b0371461e0",
          "dataType" : "NA",
          "answers" : [ ],
          "order" : 1.0,
          "active" : true
        } ],
        "active" : true
      },
      "displayOrder" : 4.0,
      "type" : "SingleSelect",
      "mandatory" : false
    }, {
      "name" : "Placenta Previa",
      "uuid" : "6bc5a76c-b45a-4489-b206-a21aca3e7fd3",
      "keyValues" : [ ],
      "concept" : {
        "name" : "USG Scanning Report - Placenta Previa",
        "uuid" : "648e5a59-9919-44d0-829c-6ff27cb355ea",
        "dataType" : "Coded",
        "answers" : [ {
          "name" : "Previa",
          "uuid" : "d9501d6b-7ae9-4b2f-b1a3-56f7fb1ea241",
          "dataType" : "NA",
          "answers" : [ ],
          "order" : 1.0,
          "abnormal" : true,
          "active" : true
        }, {
          "name" : "Not Previa",
          "uuid" : "92454e8f-6ead-42a8-8c8c-114a405c1e39",
          "dataType" : "NA",
          "answers" : [ ],
          "order" : 2.0,
          "active" : true
        } ],
        "active" : true
      },
      "displayOrder" : 5.0,
      "type" : "SingleSelect",
      "mandatory" : false
    }, {
      "name" : "Foetal presentation",
      "uuid" : "a4194db7-7d4b-4deb-9b1e-4f42ab5ded94",
      "keyValues" : [ ],
      "concept" : {
        "name" : "Foetal presentation",
        "uuid" : "e57a15aa-e335-4b73-a593-e55af1a3bb25",
        "dataType" : "Coded",
        "answers" : [ {
          "name" : "Transverse",
          "uuid" : "74f986ee-faa5-40b1-baa8-78732761ce47",
          "dataType" : "NA",
          "answers" : [ ],
          "order" : 3.0,
          "abnormal" : true,
          "active" : true
        }, {
          "name" : "Breech",
          "uuid" : "d225cac9-f306-49ba-b9d3-3826c92995e6",
          "dataType" : "NA",
          "answers" : [ ],
          "order" : 2.0,
          "abnormal" : true,
          "active" : true
        }, {
          "name" : "Cephalic",
          "uuid" : "ab96f92f-6412-43e2-bb20-aabecd3aefad",
          "dataType" : "NA",
          "answers" : [ ],
          "order" : 1.0,
          "active" : true
        } ],
        "active" : true
      },
      "displayOrder" : 6.0,
      "type" : "SingleSelect",
      "mandatory" : false
    }, {
      "name" : "Estimated date of delivery by doctor",
      "uuid" : "691853b9-3634-440d-a4b5-12d0c2020125",
      "keyValues" : [ ],
      "concept" : {
        "name" : "Estimated Date of Delivery",
        "uuid" : "dde911fa-15eb-4564-8deb-bba46e9d3744",
        "dataType" : "Date",
        "answers" : [ ],
        "active" : true
      },
      "displayOrder" : 7.0,
      "type" : "SingleSelect",
      "mandatory" : false
    } ],
    "display" : "Lab Diagnostics - USG",
    "timed" : false
  }, {
    "uuid" : "1dc961c3-63fe-4b42-9ef0-0148e112aee7",
    "name" : "Referral & Followup",
    "displayOrder" : 8.2,
    "formElements" : [ ],
    "display" : "Referral & Followup",
    "timed" : false
  }, {
    "uuid" : "f9301aef-48af-4ee7-8435-e66c1e23fd21",
    "name" : "Vaccination",
    "displayOrder" : 9.0,
    "formElements" : [ {
      "name" : "TT1 Date",
      "uuid" : "b220398e-6f51-4568-978d-8e632cab00be",
      "keyValues" : [ ],
      "concept" : {
        "name" : "TT1 Date",
        "uuid" : "f91604a8-89ac-4a99-a3cb-9edd764c8b0e",
        "dataType" : "Date",
        "answers" : [ ],
        "active" : true
      },
      "displayOrder" : 1.0,
      "type" : "SingleSelect",
      "mandatory" : false
    }, {
      "name" : "TT2 Date",
      "uuid" : "6cf6bb59-08bb-4a78-9bfd-d82727f7e2b8",
      "keyValues" : [ ],
      "concept" : {
        "name" : "TT2 Date",
        "uuid" : "57f66ff5-e050-4a72-ad03-94d99dad4630",
        "dataType" : "Date",
        "answers" : [ ],
        "active" : true
      },
      "displayOrder" : 2.0,
      "type" : "SingleSelect",
      "mandatory" : false
    }, {
      "name" : "TT Booster Date",
      "uuid" : "4fa32ede-c17d-4e0e-b8bc-2d5ced4b2dab",
      "keyValues" : [ ],
      "concept" : {
        "name" : "TT Booster Date",
        "uuid" : "e1b7ce95-8c73-46fa-8354-19a14f5ca17f",
        "dataType" : "Date",
        "answers" : [ ],
        "active" : true
      },
      "displayOrder" : 3.0,
      "type" : "SingleSelect",
      "mandatory" : false
    } ],
    "display" : "Vaccination",
    "timed" : false
  }, {
    "uuid" : "70025486-e617-423c-98e7-016c5e9c59f5",
    "name" : "Nutritional Counselling",
    "displayOrder" : 10.0,
    "formElements" : [ {
      "name" : "Diet Advice Dos",
      "uuid" : "d84f114c-2c52-475e-b78a-f346c2ef3321",
      "keyValues" : [ ],
      "concept" : {
        "name" : "Diet Advice Do's",
        "uuid" : "98d5f572-2aff-4973-941e-5459fce82f45",
        "dataType" : "Coded",
        "answers" : [ ],
        "active" : true
      },
      "displayOrder" : 1.0,
      "type" : "SingleSelect",
      "mandatory" : false
    }, {
      "name" : "Diet Advice Donts",
      "uuid" : "a9337716-980e-4223-aea7-a2ece6147581",
      "keyValues" : [ ],
      "concept" : {
        "name" : "Diet Advice Don'ts",
        "uuid" : "3f0de760-cb91-428f-928d-164b9c8b0e6c",
        "dataType" : "Coded",
        "answers" : [ ],
        "active" : true
      },
      "displayOrder" : 2.0,
      "type" : "SingleSelect",
      "mandatory" : false
    }, {
      "name" : "Supplementary nutritional therapy",
      "uuid" : "af2b1579-175a-4ce9-9c40-d97912002be9",
      "keyValues" : [ ],
      "concept" : {
        "name" : "Supplementary nutritional therapy (advice)",
        "uuid" : "1307241d-92c2-4660-8ed9-c5da899aa06e",
        "dataType" : "Coded",
        "answers" : [ ],
        "active" : true
      },
      "displayOrder" : 3.0,
      "type" : "SingleSelect",
      "mandatory" : false
    } ],
    "display" : "Nutritional Counselling",
    "timed" : false
  }, {
    "uuid" : "40f81e13-bcd8-4190-9651-f04f504b9f09",
    "name" : "General Counselling",
    "displayOrder" : 12.0,
    "formElements" : [ {
      "name" : "Rest and sleep",
      "uuid" : "292c2e5b-23d4-40cd-a2a4-7b426f5e64c8",
      "keyValues" : [ ],
      "concept" : {
        "name" : "Rest and sleep (advice)",
        "uuid" : "d070cf73-16f3-4fb7-bf4b-94b95ce753a1",
        "dataType" : "Coded",
        "answers" : [ ],
        "active" : true
      },
      "displayOrder" : 1.0,
      "type" : "SingleSelect",
      "mandatory" : false
    }, {
      "name" : "Immunization Counselling",
      "uuid" : "21b2dc49-e6b3-4284-9201-a458c1207276",
      "keyValues" : [ ],
      "concept" : {
        "name" : "Immunization Counselling (advice)",
        "uuid" : "c210a202-78e4-493f-bcf6-11ed6e79d61c",
        "dataType" : "Coded",
        "answers" : [ ],
        "active" : true
      },
      "displayOrder" : 2.0,
      "type" : "SingleSelect",
      "mandatory" : false
    }, {
      "name" : "Coitus/Sex Counselling",
      "uuid" : "a5b16727-5cf4-4a49-8732-03dddf6ed311",
      "keyValues" : [ ],
      "concept" : {
        "name" : "Coitus/Sex Counselling (advice)",
        "uuid" : "22d263c5-033a-487f-b237-2ebf6c8698e4",
        "dataType" : "Coded",
        "answers" : [ ],
        "active" : true
      },
      "displayOrder" : 3.0,
      "type" : "SingleSelect",
      "mandatory" : false
    }, {
      "name" : "Illness management",
      "uuid" : "2443614a-fe92-4667-9baa-51392342ec39",
      "keyValues" : [ ],
      "concept" : {
        "name" : "Illness management (advice)",
        "uuid" : "b5639c14-30a2-43d3-b818-21cd0cc0a2ff",
        "dataType" : "Coded",
        "answers" : [ ],
        "active" : true
      },
      "displayOrder" : 4.0,
      "type" : "SingleSelect",
      "mandatory" : false
    }, {
      "name" : "Finance management",
      "uuid" : "db534cf4-aaaa-4e21-a096-da10d7cb32de",
      "keyValues" : [ ],
      "concept" : {
        "name" : "Finance management (advice)",
        "uuid" : "0dddfa30-74ee-47a4-b212-1918499f4c92",
        "dataType" : "Coded",
        "answers" : [ ],
        "active" : true
      },
      "displayOrder" : 5.0,
      "type" : "SingleSelect",
      "mandatory" : false
    } ],
    "display" : "General Counselling",
    "timed" : false
  }, {
    "uuid" : "55dcd6c1-a406-4006-9d08-0c71c624d1c4",
    "name" : "Administrative Counselling",
    "displayOrder" : 13.0,
    "formElements" : [ {
      "name" : "Government scheme information",
      "uuid" : "2363acaa-e9d3-48df-8753-cac4c708a2fc",
      "keyValues" : [ ],
      "concept" : {
        "name" : "Government scheme information (advice)",
        "uuid" : "fd8fcbd8-278f-4417-9696-176ff46c3bcc",
        "dataType" : "Coded",
        "answers" : [ ],
        "active" : true
      },
      "displayOrder" : 1.0,
      "type" : "SingleSelect",
      "mandatory" : false
    }, {
      "name" : "Ambulance services information",
      "uuid" : "8041f3fc-fc3e-4360-b732-105d9d599ee3",
      "keyValues" : [ ],
      "concept" : {
        "name" : "Ambulance services information (advice)",
        "uuid" : "8b01c973-206a-42a7-9ecb-2471ee51be88",
        "dataType" : "Coded",
        "answers" : [ ],
        "active" : true
      },
      "displayOrder" : 2.0,
      "type" : "SingleSelect",
      "mandatory" : false
    } ],
    "display" : "Administrative Counselling",
    "timed" : false
  }, {
    "uuid" : "e1823b91-1cd6-4eb5-85b3-6dbfa9328509",
    "name" : "Notes",
    "displayOrder" : 99.9,
    "formElements" : [ ],
    "display" : "Notes",
    "timed" : false
  } ],
  "decisionConcepts" : [ ],
  "voided" : true
}