{
  "name" : "Anthropometry Assessment (voided~2054)",
  "uuid" : "d062907a-690c-44ca-b699-f8b2f688b075",
  "formType" : "ProgramEncounter",
  "formElementGroups" : [ {
    "uuid" : "124d7b8b-0baf-4bdf-8f8a-5de8a4c95218",
    "name" : "Anthropometry",
    "displayOrder" : 1.0,
    "formElements" : [ {
      "name" : "Skip capturing height",
      "uuid" : "4f6e842e-8556-448b-9ebf-93ad06a333a5",
      "keyValues" : [ ],
      "concept" : {
        "name" : "Skip capturing height",
        "uuid" : "b26ab849-6550-4245-8637-a9fc7fb4eb60",
        "dataType" : "Coded",
        "answers" : [ {
          "name" : "Yes",
          "uuid" : "04bb1773-c353-44a1-a68c-9b448e07ff70",
          "dataType" : "NA",
          "answers" : [ ],
          "order" : 1.0,
          "active" : true
        } ],
        "active" : true
      },
      "displayOrder" : 1.0,
      "type" : "SingleSelect",
      "mandatory" : false
    }, {
      "name" : "Reason for skipping height capture.",
      "uuid" : "9ef90251-e2b8-411b-845c-f980d2ca1427",
      "keyValues" : [ ],
      "concept" : {
        "name" : "Reason for skipping height capture.",
        "uuid" : "8d378a39-2030-4cfe-ac4d-c8e97f718b23",
        "dataType" : "Text",
        "answers" : [ ],
        "active" : true
      },
      "displayOrder" : 1.1,
      "type" : "SingleSelect",
      "mandatory" : true
    }, {
      "name" : "Height",
      "uuid" : "219bfbb0-03ff-4be4-a8c1-5eb98ab6fe6c",
      "keyValues" : [ ],
      "concept" : {
        "name" : "Height",
        "uuid" : "d883d5fe-e17d-4136-b989-089fa0295e34",
        "dataType" : "Numeric",
        "answers" : [ ],
        "lowAbsolute" : 20.0,
        "highAbsolute" : 300.0,
        "lowNormal" : 30.0,
        "highNormal" : 200.0,
        "active" : true
      },
      "displayOrder" : 1.2,
      "type" : "SingleSelect",
      "mandatory" : true
    }, {
      "name" : "Weight",
      "uuid" : "e6e54c47-290c-4c8b-a2b3-dd30c39a361f",
      "keyValues" : [ ],
      "concept" : {
        "name" : "Weight",
        "uuid" : "75b1656e-2777-4753-9612-ce03a766a5e1",
        "dataType" : "Numeric",
        "answers" : [ ],
        "lowAbsolute" : 0.0,
        "highAbsolute" : 300.0,
        "lowNormal" : 1.0,
        "highNormal" : 100.0,
        "active" : true
      },
      "displayOrder" : 2.0,
      "type" : "SingleSelect",
      "mandatory" : true
    } ],
    "display" : "Anthropometry",
    "timed" : false
  }, {
    "uuid" : "720fe449-7cff-4617-bf9b-62925c7d0e6c",
    "name" : "GMP Details",
    "displayOrder" : 2.0,
    "formElements" : [ ],
    "display" : "GMP Details",
    "timed" : false
  } ],
  "decisionConcepts" : [ ],
  "voided" : true
}