{
  "name" : "Child Enrolment (voided~2046)",
  "uuid" : "1608c2c0-0334-41a6-aab0-5c61ea1eb069",
  "formType" : "ProgramEnrolment",
  "formElementGroups" : [ {
    "uuid" : "062ffc31-c311-485b-baf3-d5a95d10e97c",
    "name" : "Basic Details",
    "displayOrder" : 1.0,
    "formElements" : [ {
      "name" : "Birth Weight",
      "uuid" : "03daf5f7-9689-4eaa-a1f3-c95b609329b5",
      "keyValues" : [ ],
      "concept" : {
        "name" : "Birth Weight",
        "uuid" : "7ff327c5-8678-41e3-af39-c86f214c6f14",
        "dataType" : "Numeric",
        "answers" : [ ],
        "lowNormal" : 2.5,
        "active" : true
      },
      "displayOrder" : 1.0,
      "type" : "SingleSelect",
      "voided" : true,
      "mandatory" : false
    }, {
      "name" : "Birth Defects",
      "uuid" : "0e656272-03c2-41a9-8935-60444909082f",
      "keyValues" : [ ],
      "concept" : {
        "name" : "Birth Defects",
        "uuid" : "408ce177-eac2-4103-8b5e-3f8bc67bea2b",
        "dataType" : "Coded",
        "answers" : [ {
          "name" : "Umbilical Hernia",
          "uuid" : "ed5e316a-8995-4de6-ad2e-65a683993624",
          "dataType" : "NA",
          "answers" : [ ],
          "order" : 3.0,
          "active" : true
        }, {
          "name" : "neural tube defects",
          "uuid" : "995481b1-e68b-4abb-b774-4fe6c016f5d2",
          "dataType" : "NA",
          "answers" : [ ],
          "order" : 9.0,
          "active" : true
        }, {
          "name" : "Inguinal Hernia",
          "uuid" : "24084b76-e772-4360-a60a-426dce8d7ebb",
          "dataType" : "NA",
          "answers" : [ ],
          "order" : 4.0,
          "active" : true
        }, {
          "name" : "Congenital deafness",
          "uuid" : "ff071de9-d145-4704-b4f2-fb91c513cf81",
          "dataType" : "NA",
          "answers" : [ ],
          "order" : 11.0,
          "active" : true
        }, {
          "name" : "Club foot",
          "uuid" : "03b3682a-0d96-4de9-bec7-31e71facd14c",
          "dataType" : "NA",
          "answers" : [ ],
          "order" : 12.0,
          "active" : true
        }, {
          "name" : "Hypospadias",
          "uuid" : "3c782841-6bad-460d-b765-5e1c5ffd5da7",
          "dataType" : "NA",
          "answers" : [ ],
          "order" : 7.0,
          "active" : true
        }, {
          "name" : "Congenital Cataract",
          "uuid" : "a591d7ea-38b5-4a82-967e-bc751fe298eb",
          "dataType" : "NA",
          "answers" : [ ],
          "order" : 10.0,
          "active" : true
        }, {
          "name" : "Undescended Testicle",
          "uuid" : "6cff00cb-9998-4041-a65b-2d1247a14103",
          "dataType" : "NA",
          "answers" : [ ],
          "order" : 6.0,
          "active" : true
        }, {
          "name" : "Congenital Heart disease (Patent Dutus arteriosus or Coarctation(narrowing) of aorta)",
          "uuid" : "8cb3a07a-ccfb-41a3-a975-3b40ce01c368",
          "dataType" : "NA",
          "answers" : [ ],
          "order" : 8.0,
          "active" : true
        }, {
          "name" : "Cleft Lip",
          "uuid" : "2f9cd5ed-4434-4df6-ba6e-710b05e15451",
          "dataType" : "NA",
          "answers" : [ ],
          "order" : 1.0,
          "active" : true
        }, {
          "name" : "Other",
          "uuid" : "05ea583c-51d2-412d-ad00-06c432ffe538",
          "dataType" : "NA",
          "answers" : [ ],
          "order" : 14.0,
          "active" : true
        }, {
          "name" : "Down's syndrome",
          "uuid" : "ef94187b-fd61-4052-8c46-0d9053b07171",
          "dataType" : "NA",
          "answers" : [ ],
          "order" : 13.0,
          "active" : true
        }, {
          "name" : "None",
          "uuid" : "ebda5e05-a995-43ca-ad1a-30af3b937539",
          "dataType" : "NA",
          "answers" : [ ],
          "order" : 15.0,
          "unique" : true,
          "active" : true
        }, {
          "name" : "Hydrocele",
          "uuid" : "9e6fb895-6742-4cd8-9f61-522c37360c60",
          "dataType" : "NA",
          "answers" : [ ],
          "order" : 5.0,
          "active" : true
        }, {
          "name" : "Cleft Palate",
          "uuid" : "bb2f528c-3cd2-44ee-9542-474d06376596",
          "dataType" : "NA",
          "answers" : [ ],
          "order" : 2.0,
          "active" : true
        } ],
        "active" : true
      },
      "displayOrder" : 2.0,
      "type" : "MultiSelect",
      "voided" : true,
      "mandatory" : false
    }, {
      "name" : "Registration at",
      "uuid" : "59903bac-e82a-42d0-b9b5-344769e26301",
      "keyValues" : [ ],
      "concept" : {
        "name" : "Registration at",
        "uuid" : "7a67c0ed-0cfc-4025-b479-5c14330c9f87",
        "dataType" : "Coded",
        "answers" : [ {
          "name" : "Retrospective registration",
          "uuid" : "2c566f57-61c8-41eb-91db-9c8adf011819",
          "dataType" : "NA",
          "answers" : [ ],
          "order" : 3.0,
          "active" : true
        }, {
          "name" : "In migration",
          "uuid" : "e9e0c7f4-9de8-42c8-901b-c228ea18b92c",
          "dataType" : "NA",
          "answers" : [ ],
          "order" : 2.0,
          "active" : true
        }, {
          "name" : "Birth",
          "uuid" : "46bc3a4b-bc43-42b5-a990-18fdaefa9a8b",
          "dataType" : "NA",
          "answers" : [ ],
          "order" : 1.0,
          "active" : true
        } ],
        "active" : true
      },
      "displayOrder" : 3.0,
      "type" : "SingleSelect",
      "voided" : true,
      "mandatory" : false
    }, {
      "name" : "Are you registering child at birth?",
      "uuid" : "7770dcf2-c2c4-4161-b442-c779ab9725e2",
      "keyValues" : [ ],
      "concept" : {
        "name" : "Registration at child birth",
        "uuid" : "1ae1338b-fa7f-40c0-b11a-232531eb5919",
        "dataType" : "Coded",
        "answers" : [ {
          "name" : "No",
          "uuid" : "e7b50c78-3d90-484d-a224-9887887780dc",
          "dataType" : "NA",
          "answers" : [ ],
          "order" : 1.0,
          "active" : true
        }, {
          "name" : "Yes",
          "uuid" : "04bb1773-c353-44a1-a68c-9b448e07ff70",
          "dataType" : "NA",
          "answers" : [ ],
          "order" : 2.0,
          "active" : true
        } ],
        "active" : true
      },
      "displayOrder" : 4.0,
      "type" : "SingleSelect",
      "mandatory" : true
    }, {
      "name" : "Provide current weight",
      "uuid" : "148d49f3-84ca-4d5d-b89b-7dd8b7d7a902",
      "keyValues" : [ ],
      "concept" : {
        "name" : "Weight",
        "uuid" : "75b1656e-2777-4753-9612-ce03a766a5e1",
        "dataType" : "Numeric",
        "answers" : [ ],
        "lowAbsolute" : 0.0,
        "highAbsolute" : 300.0,
        "lowNormal" : 1.0,
        "highNormal" : 100.0,
        "active" : true
      },
      "displayOrder" : 5.0,
      "type" : "SingleSelect",
      "mandatory" : true
    }, {
      "name" : "Provide birth weight",
      "uuid" : "f5a4cf17-0b36-41e4-a3b9-6019d67bc7ae",
      "keyValues" : [ ],
      "concept" : {
        "name" : "Birth Weight",
        "uuid" : "7ff327c5-8678-41e3-af39-c86f214c6f14",
        "dataType" : "Numeric",
        "answers" : [ ],
        "lowNormal" : 2.5,
        "active" : true
      },
      "displayOrder" : 6.0,
      "type" : "SingleSelect",
      "mandatory" : false
    } ],
    "display" : "Basic Details",
    "timed" : false
  } ],
  "decisionConcepts" : [ ],
  "voided" : true
}