{
  "name" : "Child Exit (voided~2047)",
  "uuid" : "67165f46-890d-4747-ba9a-dbaa0cfa5353",
  "formType" : "ProgramExit",
  "formElementGroups" : [ {
    "uuid" : "4cda489f-1891-4533-a8c3-30b936ea866f",
    "name" : "Basic Details",
    "displayOrder" : 1.0,
    "formElements" : [ {
      "name" : "Reason for exit",
      "uuid" : "443462ad-4de0-4d6f-bfbc-bc8c1404b131",
      "keyValues" : [ ],
      "concept" : {
        "name" : "Reason for child exit",
        "uuid" : "be1239e9-bab3-4fa8-aa8e-1af7e10e18c7",
        "dataType" : "Coded",
        "answers" : [ {
          "name" : "Completion",
          "uuid" : "f63a0122-8156-4956-a29c-c0722ff22a89",
          "dataType" : "NA",
          "answers" : [ ],
          "order" : 3.0,
          "active" : true
        }, {
          "name" : "Death",
          "uuid" : "afff87d7-4c40-4dd4-9bf7-8e5d9adb3b83",
          "dataType" : "NA",
          "answers" : [ ],
          "order" : 2.0,
          "abnormal" : true,
          "active" : true
        }, {
          "name" : "Shifted to other geographical area",
          "uuid" : "ca01f2cf-6479-44cf-9d43-ad428c82f9a6",
          "dataType" : "NA",
          "answers" : [ ],
          "order" : 1.0,
          "abnormal" : true,
          "active" : true
        }, {
          "name" : "Other",
          "uuid" : "05ea583c-51d2-412d-ad00-06c432ffe538",
          "dataType" : "NA",
          "answers" : [ ],
          "order" : 4.0,
          "active" : true
        } ],
        "active" : true
      },
      "displayOrder" : 1.0,
      "type" : "SingleSelect",
      "mandatory" : true
    }, {
      "name" : "Date of Death",
      "uuid" : "4f566336-c5cd-4353-9213-faa4411d5b2d",
      "keyValues" : [ ],
      "concept" : {
        "name" : "Date of child's death",
        "uuid" : "ea699728-9f5e-4a63-9e4d-352dbee5969b",
        "dataType" : "Date",
        "answers" : [ ],
        "active" : true
      },
      "displayOrder" : 2.0,
      "type" : "SingleSelect",
      "mandatory" : true
    }, {
      "name" : "Cause of Death",
      "uuid" : "f6efd6e9-ea2d-4a8f-baeb-6fe12a86f7d8",
      "keyValues" : [ ],
      "concept" : {
        "name" : "Cause of child's death",
        "uuid" : "bf818a3e-6290-4e3f-922e-25e70d0a99f3",
        "dataType" : "Text",
        "answers" : [ ],
        "active" : true
      },
      "displayOrder" : 3.0,
      "type" : "SingleSelect",
      "mandatory" : true
    }, {
      "name" : "Place of Death",
      "uuid" : "83e6cb7b-5f2d-4c5b-a9d1-0be071d6e956",
      "keyValues" : [ ],
      "concept" : {
        "name" : "Place of child's death",
        "uuid" : "0ae4649b-c1ba-41ee-86e3-3911ae6c87db",
        "dataType" : "Text",
        "answers" : [ ],
        "active" : true
      },
      "displayOrder" : 4.0,
      "type" : "SingleSelect",
      "mandatory" : false
    }, {
      "name" : "Other reason (Please specify)",
      "uuid" : "cc9ab419-4f09-4812-8292-151f008c6e32",
      "keyValues" : [ ],
      "concept" : {
        "name" : "Other reason for Program exit",
        "uuid" : "d91a3041-3c1b-440d-9c54-a3c40b6dbff5",
        "dataType" : "Text",
        "answers" : [ ],
        "active" : true
      },
      "displayOrder" : 5.0,
      "type" : "SingleSelect",
      "mandatory" : true
    } ],
    "display" : "Basic Details",
    "timed" : false
  } ],
  "decisionConcepts" : [ ],
  "voided" : true
}