{
  "name" : "Epilepsy exit",
  "uuid" : "906abd77-f58b-43c3-8a5a-59057a2ceecf",
  "formType" : "ProgramExit",
  "formElementGroups" : [ {
    "uuid" : "b95e440f-83d3-4bc3-a2f9-56544f549d41",
    "name" : "Basic Details",
    "displayOrder" : 1.0,
    "formElements" : [ {
      "name" : "Reason for exit",
      "uuid" : "81a3d6c9-08a7-4eae-a8da-ed968957c567",
      "keyValues" : [ ],
      "concept" : {
        "name" : "Reason for exit",
        "uuid" : "9f815b72-4b4a-4210-a69f-a925d2baae1d",
        "dataType" : "Coded",
        "answers" : [ {
          "name" : "Shifted to other geographical area",
          "uuid" : "ca01f2cf-6479-44cf-9d43-ad428c82f9a6",
          "dataType" : "NA",
          "answers" : [ ],
          "order" : 1.0,
          "abnormal" : true,
          "active" : true
        }, {
          "name" : "Other",
          "uuid" : "05ea583c-51d2-412d-ad00-06c432ffe538",
          "dataType" : "NA",
          "answers" : [ ],
          "order" : 4.0,
          "active" : true
        }, {
          "name" : "Death",
          "uuid" : "afff87d7-4c40-4dd4-9bf7-8e5d9adb3b83",
          "dataType" : "NA",
          "answers" : [ ],
          "order" : 2.0,
          "abnormal" : true,
          "active" : true
        }, {
          "name" : "Completion",
          "uuid" : "f63a0122-8156-4956-a29c-c0722ff22a89",
          "dataType" : "NA",
          "answers" : [ ],
          "order" : 3.0,
          "active" : true
        } ],
        "active" : true
      },
      "displayOrder" : 1.0,
      "type" : "SingleSelect",
      "mandatory" : true
    }, {
      "name" : "Date of Death",
      "uuid" : "cff1e7c2-4eac-46c4-8dc4-1fadf328a239",
      "keyValues" : [ ],
      "concept" : {
        "name" : "Date of Death",
        "uuid" : "8cb6e1ec-37cf-4563-8ce9-30b943664182",
        "dataType" : "Date",
        "answers" : [ ],
        "active" : true
      },
      "displayOrder" : 2.0,
      "type" : "SingleSelect",
      "rule" : "'use strict';\n({params, imports}) => {\n  const programEnrolment = params.entity;\n  const moment = imports.moment;\n  const formElement = params.formElement;\n  const _ = imports.lodash;\n  let visibility = true;\n  let value = null;\n  let answersToSkip = [];\n  let validationErrors = [];\n  \n  const condition11 = new imports.rulesConfig.RuleCondition({programEnrolment, formElement}).when.valueInExit(\"9f815b72-4b4a-4210-a69f-a925d2baae1d\").containsAnswerConceptName(\"afff87d7-4c40-4dd4-9bf7-8e5d9adb3b83\").matches();\n  \n  visibility = condition11 ;\n  \n  return new imports.rulesConfig.FormElementStatus(formElement.uuid, visibility, value, answersToSkip, validationErrors);\n};",
      "declarativeRule" : [ {
        "actions" : [ {
          "actionType" : "showFormElement"
        }, { } ],
        "conditions" : [ {
          "compoundRule" : {
            "rules" : [ {
              "lhs" : {
                "type" : "concept",
                "scope" : "exit",
                "conceptName" : "Reason for exit",
                "conceptUuid" : "9f815b72-4b4a-4210-a69f-a925d2baae1d",
                "conceptDataType" : "Coded"
              },
              "rhs" : {
                "type" : "answerConcept",
                "answerConceptNames" : [ "Death" ],
                "answerConceptUuids" : [ "afff87d7-4c40-4dd4-9bf7-8e5d9adb3b83" ]
              },
              "operator" : "containsAnswerConceptName"
            } ],
            "conjunction" : "and"
          }
        } ]
      } ],
      "mandatory" : true
    }, {
      "name" : "Cause of Death",
      "uuid" : "1d2a93ae-843d-406a-957e-439ba3a87884",
      "keyValues" : [ ],
      "concept" : {
        "name" : "Cause of person's death",
        "uuid" : "305ed0d7-1e58-45e2-8643-6d58e7ec4a49",
        "dataType" : "Text",
        "answers" : [ ],
        "active" : true
      },
      "displayOrder" : 3.0,
      "type" : "SingleSelect",
      "rule" : "'use strict';\n({params, imports}) => {\n  const programEnrolment = params.entity;\n  const moment = imports.moment;\n  const formElement = params.formElement;\n  const _ = imports.lodash;\n  let visibility = true;\n  let value = null;\n  let answersToSkip = [];\n  let validationErrors = [];\n  \n  const condition11 = new imports.rulesConfig.RuleCondition({programEnrolment, formElement}).when.valueInExit(\"9f815b72-4b4a-4210-a69f-a925d2baae1d\").containsAnswerConceptName(\"afff87d7-4c40-4dd4-9bf7-8e5d9adb3b83\").matches();\n  \n  visibility = condition11 ;\n  \n  return new imports.rulesConfig.FormElementStatus(formElement.uuid, visibility, value, answersToSkip, validationErrors);\n};",
      "declarativeRule" : [ {
        "actions" : [ {
          "actionType" : "showFormElement"
        }, { } ],
        "conditions" : [ {
          "compoundRule" : {
            "rules" : [ {
              "lhs" : {
                "type" : "concept",
                "scope" : "exit",
                "conceptName" : "Reason for exit",
                "conceptUuid" : "9f815b72-4b4a-4210-a69f-a925d2baae1d",
                "conceptDataType" : "Coded"
              },
              "rhs" : {
                "type" : "answerConcept",
                "answerConceptNames" : [ "Death" ],
                "answerConceptUuids" : [ "afff87d7-4c40-4dd4-9bf7-8e5d9adb3b83" ]
              },
              "operator" : "containsAnswerConceptName"
            } ],
            "conjunction" : "and"
          }
        } ]
      } ],
      "mandatory" : true
    }, {
      "name" : "Place of Death",
      "uuid" : "1f6f4dc6-58cc-4e3b-9e84-fa038ba1cfc8",
      "keyValues" : [ ],
      "concept" : {
        "name" : "Place of child's death",
        "uuid" : "0ae4649b-c1ba-41ee-86e3-3911ae6c87db",
        "dataType" : "Text",
        "answers" : [ ],
        "active" : true
      },
      "displayOrder" : 4.0,
      "type" : "SingleSelect",
      "rule" : "'use strict';\n({params, imports}) => {\n  const programEnrolment = params.entity;\n  const moment = imports.moment;\n  const formElement = params.formElement;\n  const _ = imports.lodash;\n  let visibility = true;\n  let value = null;\n  let answersToSkip = [];\n  let validationErrors = [];\n  \n  const condition11 = new imports.rulesConfig.RuleCondition({programEnrolment, formElement}).when.valueInExit(\"9f815b72-4b4a-4210-a69f-a925d2baae1d\").containsAnswerConceptName(\"afff87d7-4c40-4dd4-9bf7-8e5d9adb3b83\").matches();\n  \n  visibility = condition11 ;\n  \n  return new imports.rulesConfig.FormElementStatus(formElement.uuid, visibility, value, answersToSkip, validationErrors);\n};",
      "declarativeRule" : [ {
        "actions" : [ {
          "actionType" : "showFormElement"
        }, { } ],
        "conditions" : [ {
          "compoundRule" : {
            "rules" : [ {
              "lhs" : {
                "type" : "concept",
                "scope" : "exit",
                "conceptName" : "Reason for exit",
                "conceptUuid" : "9f815b72-4b4a-4210-a69f-a925d2baae1d",
                "conceptDataType" : "Coded"
              },
              "rhs" : {
                "type" : "answerConcept",
                "answerConceptNames" : [ "Death" ],
                "answerConceptUuids" : [ "afff87d7-4c40-4dd4-9bf7-8e5d9adb3b83" ]
              },
              "operator" : "containsAnswerConceptName"
            } ],
            "conjunction" : "and"
          }
        } ]
      } ],
      "mandatory" : false
    }, {
      "name" : "Other reason (Please specify)",
      "uuid" : "ed64607e-bc49-4ebe-aaf7-765b6c973d2d",
      "keyValues" : [ ],
      "concept" : {
        "name" : "Other reason for Program exit",
        "uuid" : "d91a3041-3c1b-440d-9c54-a3c40b6dbff5",
        "dataType" : "Text",
        "answers" : [ ],
        "active" : true
      },
      "displayOrder" : 5.0,
      "type" : "SingleSelect",
      "rule" : "'use strict';\n({params, imports}) => {\n  const programEnrolment = params.entity;\n  const moment = imports.moment;\n  const formElement = params.formElement;\n  const _ = imports.lodash;\n  let visibility = true;\n  let value = null;\n  let answersToSkip = [];\n  let validationErrors = [];\n  \n  const condition11 = new imports.rulesConfig.RuleCondition({programEnrolment, formElement}).when.valueInExit(\"9f815b72-4b4a-4210-a69f-a925d2baae1d\").containsAnswerConceptName(\"05ea583c-51d2-412d-ad00-06c432ffe538\").matches();\n  \n  visibility = condition11 ;\n  \n  return new imports.rulesConfig.FormElementStatus(formElement.uuid, visibility, value, answersToSkip, validationErrors);\n};",
      "declarativeRule" : [ {
        "actions" : [ {
          "actionType" : "showFormElement"
        }, { } ],
        "conditions" : [ {
          "compoundRule" : {
            "rules" : [ {
              "lhs" : {
                "type" : "concept",
                "scope" : "exit",
                "conceptName" : "Reason for exit",
                "conceptUuid" : "9f815b72-4b4a-4210-a69f-a925d2baae1d",
                "conceptDataType" : "Coded"
              },
              "rhs" : {
                "type" : "answerConcept",
                "answerConceptNames" : [ "Other" ],
                "answerConceptUuids" : [ "05ea583c-51d2-412d-ad00-06c432ffe538" ]
              },
              "operator" : "containsAnswerConceptName"
            } ],
            "conjunction" : "and"
          }
        } ]
      } ],
      "mandatory" : true
    } ],
    "display" : "Basic Details",
    "timed" : false
  } ],
  "decisionRule" : "",
  "visitScheduleRule" : "",
  "validationRule" : "",
  "checklistsRule" : "",
  "decisionConcepts" : [ ]
}