{
  "name" : "Epilepsy Enrolment",
  "uuid" : "58f9d48a-b876-4405-9c13-d00ca806fa34",
  "formType" : "ProgramEnrolment",
  "formElementGroups" : [ {
    "uuid" : "53022dbd-11ec-42d1-98db-f11efdc3e7df",
    "name" : "Enrollment id",
    "displayOrder" : 1.0,
    "formElements" : [ {
      "name" : "Enrolment number",
      "uuid" : "24facb68-c994-4128-b719-ac2436eabd85",
      "keyValues" : [ {
        "key" : "IdSourceUUID",
        "value" : "12e20f5c-cf7a-42e8-877e-c139c8baa938"
      } ],
      "concept" : {
        "name" : "Enrolment ID Epilepsy",
        "uuid" : "2ebea042-a683-4d30-8978-fc3e1e3761a8",
        "dataType" : "Id",
        "answers" : [ ],
        "active" : true
      },
      "displayOrder" : 1.0,
      "type" : "SingleSelect",
      "mandatory" : true
    }, {
      "name" : "Program Name",
      "uuid" : "f5270c29-9bcd-4752-b88d-973081961274",
      "keyValues" : [ {
        "key" : "ExcludedAnswers",
        "value" : [ "Mobile Medical Unit", "Maternal Health" ]
      } ],
      "concept" : {
        "name" : "Program Name - For Search",
        "uuid" : "b45c153d-3de1-4f5b-8c20-47c5502d5460",
        "dataType" : "Coded",
        "answers" : [ {
          "name" : "Maternal Health",
          "uuid" : "0aa0703a-0195-49d2-bc03-162df8793f32",
          "dataType" : "NA",
          "answers" : [ ],
          "order" : 1.0,
          "active" : true
        }, {
          "name" : "Epilepsy Program",
          "uuid" : "4cab64ec-bf5a-46a9-b30a-9f4bdbac0ef2",
          "dataType" : "NA",
          "answers" : [ ],
          "order" : 0.0,
          "active" : true
        }, {
          "name" : "Mobile Medical Unit",
          "uuid" : "cbc093cf-1688-4530-a6d2-715776240c46",
          "dataType" : "NA",
          "answers" : [ ],
          "order" : 2.0,
          "active" : true
        } ],
        "active" : true
      },
      "displayOrder" : 2.0,
      "type" : "SingleSelect",
      "mandatory" : true
    } ],
    "display" : "Enrollment id",
    "timed" : false
  } ],
  "decisionRule" : "",
  "visitScheduleRule" : "",
  "validationRule" : "",
  "checklistsRule" : "",
  "decisionConcepts" : [ ]
}