{
  "name" : "MMU Referral",
  "uuid" : "c9414709-cab6-475a-9215-74f184256e8a",
  "formType" : "ProgramEncounter",
  "formElementGroups" : [ {
    "uuid" : "f1b245fd-4013-43aa-9334-8b89332f9a32",
    "name" : "Referral form -",
    "displayOrder" : 1.0,
    "formElements" : [ {
      "name" : "Whether patient reached to referred facility?",
      "uuid" : "b39d313d-0585-4f07-9041-31ea77e34ef4",
      "keyValues" : [ ],
      "concept" : {
        "name" : "Whether patient reached to referred facility",
        "uuid" : "c6fa1f17-35e7-4e2a-9fc8-e8dc9f9dce14",
        "dataType" : "Coded",
        "answers" : [ {
          "name" : "Yes",
          "uuid" : "04bb1773-c353-44a1-a68c-9b448e07ff70",
          "dataType" : "NA",
          "answers" : [ ],
          "order" : 0.0,
          "active" : true
        }, {
          "name" : "No",
          "uuid" : "e7b50c78-3d90-484d-a224-9887887780dc",
          "dataType" : "NA",
          "answers" : [ ],
          "order" : 1.0,
          "active" : true
        } ],
        "active" : true
      },
      "displayOrder" : 1.0,
      "type" : "SingleSelect",
      "mandatory" : true
    }, {
      "name" : "Reason for patient not reached to referred facility",
      "uuid" : "bdc042de-b166-4acc-bb67-60b0260c3a39",
      "keyValues" : [ ],
      "concept" : {
        "name" : "Reason for patient not reached to referred facility",
        "uuid" : "20e4a21f-0faa-4dd3-b138-41a2a116164a",
        "dataType" : "Text",
        "answers" : [ ],
        "active" : true
      },
      "displayOrder" : 2.0,
      "type" : "SingleSelect",
      "rule" : "'use strict';\n({params, imports}) => {\n  const programEncounter = params.entity;\n  const moment = imports.moment;\n  const formElement = params.formElement;\n  const _ = imports.lodash;\n  let visibility = true;\n  let value = null;\n  let answersToSkip = [];\n  let validationErrors = [];\n  \n  const condition11 = new imports.rulesConfig.RuleCondition({programEncounter, formElement}).when.valueInEncounter(\"c6fa1f17-35e7-4e2a-9fc8-e8dc9f9dce14\").containsAnswerConceptName(\"e7b50c78-3d90-484d-a224-9887887780dc\").matches();\n  \n  visibility = condition11 ;\n  \n  return new imports.rulesConfig.FormElementStatus(formElement.uuid, visibility, value, answersToSkip, validationErrors);\n};",
      "declarativeRule" : [ {
        "actions" : [ {
          "actionType" : "showFormElement"
        }, { } ],
        "conditions" : [ {
          "compoundRule" : {
            "rules" : [ {
              "lhs" : {
                "type" : "concept",
                "scope" : "encounter",
                "conceptName" : "Whether patient reached to referred facility",
                "conceptUuid" : "c6fa1f17-35e7-4e2a-9fc8-e8dc9f9dce14",
                "conceptDataType" : "Coded"
              },
              "rhs" : {
                "type" : "answerConcept",
                "answerConceptNames" : [ "No" ],
                "answerConceptUuids" : [ "e7b50c78-3d90-484d-a224-9887887780dc" ]
              },
              "operator" : "containsAnswerConceptName"
            } ],
            "conjunction" : "and"
          }
        } ]
      } ],
      "mandatory" : true
    }, {
      "name" : "Is the patient being managed properly?",
      "uuid" : "a57b0e24-637d-4426-b02a-abd94c2fe4ca",
      "keyValues" : [ ],
      "concept" : {
        "name" : "Is the patient being managed properly?",
        "uuid" : "fd53425c-fb70-4e20-9fb3-3a175ba786b6",
        "dataType" : "Text",
        "answers" : [ ],
        "active" : true
      },
      "displayOrder" : 3.0,
      "type" : "SingleSelect",
      "rule" : "'use strict';\n({params, imports}) => {\n  const programEncounter = params.entity;\n  const moment = imports.moment;\n  const formElement = params.formElement;\n  const _ = imports.lodash;\n  let visibility = true;\n  let value = null;\n  let answersToSkip = [];\n  let validationErrors = [];\n  \n  const condition11 = new imports.rulesConfig.RuleCondition({programEncounter, formElement}).when.valueInEncounter(\"c6fa1f17-35e7-4e2a-9fc8-e8dc9f9dce14\").containsAnswerConceptName(\"04bb1773-c353-44a1-a68c-9b448e07ff70\").matches();\n  \n  visibility = condition11 ;\n  \n  return new imports.rulesConfig.FormElementStatus(formElement.uuid, visibility, value, answersToSkip, validationErrors);\n};",
      "declarativeRule" : [ {
        "actions" : [ {
          "actionType" : "showFormElement"
        }, { } ],
        "conditions" : [ {
          "compoundRule" : {
            "rules" : [ {
              "lhs" : {
                "type" : "concept",
                "scope" : "encounter",
                "conceptName" : "Whether patient reached to referred facility",
                "conceptUuid" : "c6fa1f17-35e7-4e2a-9fc8-e8dc9f9dce14",
                "conceptDataType" : "Coded"
              },
              "rhs" : {
                "type" : "answerConcept",
                "answerConceptNames" : [ "Yes" ],
                "answerConceptUuids" : [ "04bb1773-c353-44a1-a68c-9b448e07ff70" ]
              },
              "operator" : "containsAnswerConceptName"
            } ],
            "conjunction" : "and"
          }
        } ]
      } ],
      "mandatory" : true
    } ],
    "display" : "Referral form -",
    "timed" : false
  } ],
  "decisionRule" : "",
  "visitScheduleRule" : "",
  "validationRule" : "",
  "checklistsRule" : "",
  "decisionConcepts" : [ ]
}