{
  "name" : "MMU Mobile Medical Unit Visit Encounter",
  "uuid" : "d3671831-8c95-45af-a9a4-844d1c3e140e",
  "formType" : "ProgramEncounter",
  "formElementGroups" : [ {
    "uuid" : "d189a1ef-a45d-4f99-b8cc-a4dd0f66c149",
    "name" : "MMU Visit",
    "displayOrder" : 1.0,
    "formElements" : [ {
      "name" : "Complaint and Symptoms",
      "uuid" : "45f5be64-a595-429a-87e7-1a9851c31424",
      "keyValues" : [ ],
      "concept" : {
        "name" : "Complaints and Symptoms",
        "uuid" : "617e4dc9-5de4-4663-b18a-3c8c43c51c3d",
        "dataType" : "Text",
        "answers" : [ ],
        "active" : true
      },
      "displayOrder" : 1.0,
      "type" : "SingleSelect",
      "mandatory" : true
    }, {
      "name" : "Provisional Diagnosis type",
      "uuid" : "f486996a-078e-4047-b78d-6b974a33873d",
      "keyValues" : [ ],
      "concept" : {
        "name" : "Provisional Diagnosis type",
        "uuid" : "2cfaf43a-e2a7-4d5a-82bf-74bc33603580",
        "dataType" : "Coded",
        "answers" : [ {
          "name" : "Acute",
          "uuid" : "392f9576-f112-4693-8091-8bb168464bdd",
          "dataType" : "NA",
          "answers" : [ ],
          "order" : 0.0,
          "active" : true
        }, {
          "name" : "Chronic",
          "uuid" : "e7592122-40a8-4ef1-87ae-ea5824ecc8a4",
          "dataType" : "NA",
          "answers" : [ ],
          "order" : 1.0,
          "active" : true
        }, {
          "name" : "Other",
          "uuid" : "05ea583c-51d2-412d-ad00-06c432ffe538",
          "dataType" : "NA",
          "answers" : [ ],
          "order" : 2.0,
          "active" : true
        } ],
        "active" : true
      },
      "displayOrder" : 2.0,
      "type" : "SingleSelect",
      "mandatory" : true
    }, {
      "name" : "Provisional Chronic Diagnosis",
      "uuid" : "dba94c13-0d20-48be-8d69-26b6e1de0fe6",
      "keyValues" : [ ],
      "concept" : {
        "name" : "MMU Provisional Chronic Diagnosis",
        "uuid" : "5a82b6ec-6fae-464a-8213-0f127052cfd1",
        "dataType" : "Coded",
        "answers" : [ {
          "name" : "Sickle Cell Disease",
          "uuid" : "981ad210-a025-417d-b814-f4c647e1b7c6",
          "dataType" : "NA",
          "answers" : [ ],
          "order" : 13.0,
          "active" : true
        }, {
          "name" : "Viral Fever",
          "uuid" : "f747bda0-7e47-424b-b826-f0203d6475da",
          "dataType" : "NA",
          "answers" : [ ],
          "order" : 2.0,
          "active" : true
        }, {
          "name" : "itching",
          "uuid" : "66a0bbc0-579b-4e97-ba94-fbc6b48eb83d",
          "dataType" : "NA",
          "answers" : [ ],
          "order" : 15.0,
          "active" : true,
          "voided" : true
        }, {
          "name" : "Cold and Cough",
          "uuid" : "dcd912e3-41db-4b68-9421-d5dd6f72c241",
          "dataType" : "NA",
          "answers" : [ ],
          "order" : 8.0,
          "active" : true,
          "voided" : true
        }, {
          "name" : "Severe Anemia-Iron Deficiency",
          "uuid" : "fc50f2a3-5f97-44b5-beb1-80d53fd1053b",
          "dataType" : "NA",
          "answers" : [ ],
          "order" : 12.0,
          "active" : true
        }, {
          "name" : "Diabetes",
          "uuid" : "674f348f-5075-4c85-8bc2-9edfdee27505",
          "dataType" : "NA",
          "answers" : [ ],
          "order" : 0.0,
          "active" : true
        }, {
          "name" : "Body Ache",
          "uuid" : "7dba1853-3147-47da-b016-7d306d19320f",
          "dataType" : "NA",
          "answers" : [ ],
          "order" : 6.0,
          "active" : true,
          "voided" : true
        }, {
          "name" : "abscess (फोड़ा )",
          "uuid" : "e9c333f6-2351-491c-87a0-832fa4942f35",
          "dataType" : "NA",
          "answers" : [ ],
          "order" : 16.0,
          "active" : true,
          "voided" : true
        }, {
          "name" : "Fungal Infection",
          "uuid" : "46a599b5-26eb-46d9-ba5f-b819e59672f7",
          "dataType" : "NA",
          "answers" : [ ],
          "order" : 4.0,
          "active" : true
        }, {
          "name" : "Epilepsy",
          "uuid" : "a34bf7a0-4d55-41fa-855a-0b8094f369f7",
          "dataType" : "NA",
          "answers" : [ ],
          "order" : 5.0,
          "active" : true
        }, {
          "name" : "Hypertension",
          "uuid" : "998d1bae-05d8-47b9-89b8-0254829f238f",
          "dataType" : "NA",
          "answers" : [ ],
          "order" : 1.0,
          "active" : true
        }, {
          "name" : "Scabies",
          "uuid" : "e6b85a4c-04cf-4738-bbb4-1884d853f2e5",
          "dataType" : "NA",
          "answers" : [ ],
          "order" : 11.0,
          "active" : true
        }, {
          "name" : "Food Poisoning",
          "uuid" : "c78d2791-e86c-4645-ab58-f4962cd74f43",
          "dataType" : "NA",
          "answers" : [ ],
          "order" : 14.0,
          "active" : true,
          "voided" : true
        }, {
          "name" : "Cold",
          "uuid" : "bddfcbbf-b706-4e08-845e-cd64dd43752a",
          "dataType" : "NA",
          "answers" : [ ],
          "order" : 7.0,
          "active" : true,
          "voided" : true
        }, {
          "name" : "Pulmonary TB",
          "uuid" : "b16db8af-7b45-4dd0-aae2-226259623179",
          "dataType" : "NA",
          "answers" : [ ],
          "order" : 10.0,
          "active" : true
        }, {
          "name" : "Abdominal Pain",
          "uuid" : "da047d68-ca98-459d-93be-c3c579965ecf",
          "dataType" : "NA",
          "answers" : [ ],
          "order" : 9.0,
          "active" : true
        }, {
          "name" : "Likely Epilepsy (voided~257484)",
          "uuid" : "1aa41029-0349-47ec-95b2-a12008b99541",
          "dataType" : "NA",
          "answers" : [ ],
          "order" : 3.0,
          "active" : true,
          "voided" : true
        } ],
        "active" : true
      },
      "displayOrder" : 3.0,
      "type" : "MultiSelect",
      "rule" : "'use strict';\n({params, imports}) => {\n  const programEncounter = params.entity;\n  const moment = imports.moment;\n  const formElement = params.formElement;\n  const _ = imports.lodash;\n  let visibility = true;\n  let value = null;\n  let answersToSkip = [];\n  let validationErrors = [];\n  \n  const condition11 = new imports.rulesConfig.RuleCondition({programEncounter, formElement}).when.valueInEncounter(\"2cfaf43a-e2a7-4d5a-82bf-74bc33603580\").containsAnswerConceptName(\"e7592122-40a8-4ef1-87ae-ea5824ecc8a4\").matches();\n  \n  visibility = condition11 ;\n  \n  return new imports.rulesConfig.FormElementStatus(formElement.uuid, visibility, value, answersToSkip, validationErrors);\n};",
      "declarativeRule" : [ {
        "actions" : [ {
          "actionType" : "showFormElement"
        }, { } ],
        "conditions" : [ {
          "compoundRule" : {
            "rules" : [ {
              "lhs" : {
                "type" : "concept",
                "scope" : "encounter",
                "conceptName" : "Provisional Diagnosis type",
                "conceptUuid" : "2cfaf43a-e2a7-4d5a-82bf-74bc33603580",
                "conceptDataType" : "Coded"
              },
              "rhs" : {
                "type" : "answerConcept",
                "answerConceptNames" : [ "Chronic" ],
                "answerConceptUuids" : [ "e7592122-40a8-4ef1-87ae-ea5824ecc8a4" ]
              },
              "operator" : "containsAnswerConceptName"
            } ],
            "conjunction" : "and"
          }
        } ]
      } ],
      "mandatory" : true
    }, {
      "name" : "Provisional Acute Diagnosis",
      "uuid" : "f0a47c40-cbc9-4dfa-9ac3-91dc9db299fc",
      "keyValues" : [ ],
      "concept" : {
        "name" : "Provisional Acute Diagnosis list",
        "uuid" : "502e2164-39b5-4bb2-9ac8-9662fa0d077d",
        "dataType" : "Coded",
        "answers" : [ {
          "name" : "Eczema",
          "uuid" : "85c2944b-2f79-4b65-a739-2f4b6508d50d",
          "dataType" : "NA",
          "answers" : [ ],
          "order" : 2.0,
          "active" : true
        }, {
          "name" : "Urinary Tract Infection",
          "uuid" : "69072b54-1258-4851-917f-0657667f3bcd",
          "dataType" : "NA",
          "answers" : [ ],
          "order" : 7.0,
          "active" : true
        }, {
          "name" : "Pneumonia/Lower respiratory tract infection",
          "uuid" : "d39f5ce9-e36a-4da7-9012-1c8505a78c9e",
          "dataType" : "NA",
          "answers" : [ ],
          "order" : 4.0,
          "active" : true
        }, {
          "name" : "Fungal Infection",
          "uuid" : "46a599b5-26eb-46d9-ba5f-b819e59672f7",
          "dataType" : "NA",
          "answers" : [ ],
          "order" : 1.0,
          "active" : true
        }, {
          "name" : "Filariasis",
          "uuid" : "4364a05d-0406-46fb-8fca-ff107901877f",
          "dataType" : "NA",
          "answers" : [ ],
          "order" : 9.0,
          "active" : true
        }, {
          "name" : "Malaria",
          "uuid" : "0dee2973-eebe-4699-b676-b770fdd1c411",
          "dataType" : "NA",
          "answers" : [ ],
          "order" : 6.0,
          "active" : true
        }, {
          "name" : "Upper respiratory tract Infection",
          "uuid" : "adda9a16-8deb-4f73-bd5d-e67037d0a5c9",
          "dataType" : "NA",
          "answers" : [ ],
          "order" : 3.0,
          "active" : true
        }, {
          "name" : "Gastroenteritis",
          "uuid" : "d9302639-a187-47df-92e0-6b8b989b342f",
          "dataType" : "NA",
          "answers" : [ ],
          "order" : 5.0,
          "active" : true
        }, {
          "name" : "Scabies",
          "uuid" : "e6b85a4c-04cf-4738-bbb4-1884d853f2e5",
          "dataType" : "NA",
          "answers" : [ ],
          "order" : 0.0,
          "active" : true
        }, {
          "name" : "Reproductive tract infection (RTI)",
          "uuid" : "86801543-4a90-4f60-bff4-494ea06a2f0b",
          "dataType" : "NA",
          "answers" : [ ],
          "order" : 8.0,
          "active" : true
        } ],
        "active" : true
      },
      "displayOrder" : 4.0,
      "type" : "MultiSelect",
      "rule" : "'use strict';\n({params, imports}) => {\n  const programEncounter = params.entity;\n  const moment = imports.moment;\n  const formElement = params.formElement;\n  const _ = imports.lodash;\n  let visibility = true;\n  let value = null;\n  let answersToSkip = [];\n  let validationErrors = [];\n  \n  const condition11 = new imports.rulesConfig.RuleCondition({programEncounter, formElement}).when.valueInEncounter(\"2cfaf43a-e2a7-4d5a-82bf-74bc33603580\").containsAnswerConceptName(\"392f9576-f112-4693-8091-8bb168464bdd\").matches();\n  \n  visibility = condition11 ;\n  \n  return new imports.rulesConfig.FormElementStatus(formElement.uuid, visibility, value, answersToSkip, validationErrors);\n};",
      "declarativeRule" : [ {
        "actions" : [ {
          "actionType" : "showFormElement"
        }, { } ],
        "conditions" : [ {
          "compoundRule" : {
            "rules" : [ {
              "lhs" : {
                "type" : "concept",
                "scope" : "encounter",
                "conceptName" : "Provisional Diagnosis type",
                "conceptUuid" : "2cfaf43a-e2a7-4d5a-82bf-74bc33603580",
                "conceptDataType" : "Coded"
              },
              "rhs" : {
                "type" : "answerConcept",
                "answerConceptNames" : [ "Acute" ],
                "answerConceptUuids" : [ "392f9576-f112-4693-8091-8bb168464bdd" ]
              },
              "operator" : "containsAnswerConceptName"
            } ],
            "conjunction" : "and"
          }
        } ]
      } ],
      "mandatory" : true
    }, {
      "name" : "Other Provisional Diagnosis",
      "uuid" : "ccd60c1a-e84d-48bc-878b-5855879016a4",
      "keyValues" : [ ],
      "concept" : {
        "name" : "Other Provisional Diagnosis",
        "uuid" : "9161a1fc-b514-469d-b61f-b85d00d1253f",
        "dataType" : "Text",
        "answers" : [ ],
        "active" : true
      },
      "displayOrder" : 5.0,
      "type" : "SingleSelect",
      "rule" : "'use strict';\n({params, imports}) => {\n  const programEncounter = params.entity;\n  const moment = imports.moment;\n  const formElement = params.formElement;\n  const _ = imports.lodash;\n  let visibility = true;\n  let value = null;\n  let answersToSkip = [];\n  let validationErrors = [];\n  \n  const condition11 = new imports.rulesConfig.RuleCondition({programEncounter, formElement}).when.valueInEncounter(\"2cfaf43a-e2a7-4d5a-82bf-74bc33603580\").containsAnswerConceptName(\"05ea583c-51d2-412d-ad00-06c432ffe538\").matches();\n  \n  visibility = condition11 ;\n  \n  return new imports.rulesConfig.FormElementStatus(formElement.uuid, visibility, value, answersToSkip, validationErrors);\n};",
      "declarativeRule" : [ {
        "actions" : [ {
          "actionType" : "showFormElement"
        }, { } ],
        "conditions" : [ {
          "compoundRule" : {
            "rules" : [ {
              "lhs" : {
                "type" : "concept",
                "scope" : "encounter",
                "conceptName" : "Provisional Diagnosis type",
                "conceptUuid" : "2cfaf43a-e2a7-4d5a-82bf-74bc33603580",
                "conceptDataType" : "Coded"
              },
              "rhs" : {
                "type" : "answerConcept",
                "answerConceptNames" : [ "Other" ],
                "answerConceptUuids" : [ "05ea583c-51d2-412d-ad00-06c432ffe538" ]
              },
              "operator" : "containsAnswerConceptName"
            } ],
            "conjunction" : "and"
          }
        } ]
      } ],
      "mandatory" : true
    }, {
      "name" : "Whether the patient required referral?",
      "uuid" : "825c64e3-b6c7-4001-ab86-c04da231a764",
      "keyValues" : [ ],
      "concept" : {
        "name" : "Whether the patient required referral",
        "uuid" : "bc4933fc-818e-42fa-a47c-67d327485536",
        "dataType" : "Coded",
        "answers" : [ {
          "name" : "Urgent",
          "uuid" : "c453cc0e-44db-49e6-af27-f69c8f646f35",
          "dataType" : "NA",
          "answers" : [ ],
          "order" : 1.0,
          "abnormal" : true,
          "active" : true
        }, {
          "name" : "No",
          "uuid" : "e7b50c78-3d90-484d-a224-9887887780dc",
          "dataType" : "NA",
          "answers" : [ ],
          "order" : 0.0,
          "active" : true
        }, {
          "name" : "Semi - Urgent",
          "uuid" : "a7b825b5-3c4d-4c9e-95a8-ab197806efe7",
          "dataType" : "NA",
          "answers" : [ ],
          "order" : 2.0,
          "abnormal" : true,
          "active" : true
        } ],
        "active" : true
      },
      "displayOrder" : 6.0,
      "type" : "SingleSelect",
      "mandatory" : true
    } ],
    "display" : "MMU Visit",
    "timed" : false
  }, {
    "uuid" : "f2522d45-490c-4420-9b68-b60f560454f2",
    "name" : "Medicines - Tablet",
    "displayOrder" : 2.0,
    "formElements" : [ {
      "name" : "Tablet / Capsules - Choose medicines given to the patient",
      "uuid" : "c2bc6971-c7e0-466c-8bec-1cd4754f2325",
      "keyValues" : [ ],
      "concept" : {
        "name" : "Tablet / Capsules - Choose medicines given to the patient - MH",
        "uuid" : "2b85223a-b200-48d5-b486-5e6d7b576831",
        "dataType" : "Coded",
        "answers" : [ {
          "name" : "Becadex",
          "uuid" : "b374a138-a8ef-4344-a456-5e8215e47ba0",
          "dataType" : "NA",
          "answers" : [ ],
          "order" : 2.0,
          "active" : true
        }, {
          "name" : "Cefixime 200 mg",
          "uuid" : "ba5ffbb5-7ff3-4f8a-a09e-cf6e616b843b",
          "dataType" : "NA",
          "answers" : [ ],
          "order" : 4.0,
          "active" : true
        }, {
          "name" : "Ibuprofen 400 mg",
          "uuid" : "02c458d6-0cf2-4fc4-8e9d-81fc72b35ffd",
          "dataType" : "NA",
          "answers" : [ ],
          "order" : 11.0,
          "active" : true
        }, {
          "name" : "Metronidazole 400 mg",
          "uuid" : "febf68b3-c072-4ad1-a790-c4eabbb93ed1",
          "dataType" : "NA",
          "answers" : [ ],
          "order" : 13.0,
          "active" : true
        }, {
          "name" : "Metoclopramide 10 mg",
          "uuid" : "7ffb0983-6e49-434f-9a9f-9d66c163a9ca",
          "dataType" : "NA",
          "answers" : [ ],
          "order" : 12.0,
          "active" : true
        }, {
          "name" : "Paracetamol 500 mg",
          "uuid" : "c76d2e4f-6cee-41b1-ab29-4e0dd106fbb4",
          "dataType" : "NA",
          "answers" : [ ],
          "order" : 14.0,
          "active" : true
        }, {
          "name" : "Zinc 20 mg",
          "uuid" : "da37959e-c076-46ac-b1b9-1fb772f669f6",
          "dataType" : "NA",
          "answers" : [ ],
          "order" : 16.0,
          "active" : true
        }, {
          "name" : "Dicyclomine 20mg + Paracetamol 325 mg",
          "uuid" : "c4557796-1f43-44dc-8095-f344ac045724",
          "dataType" : "NA",
          "answers" : [ ],
          "order" : 7.0,
          "active" : true
        }, {
          "name" : "Chlorpheniramine",
          "uuid" : "987afaec-2500-436d-989e-8a4dddc969b5",
          "dataType" : "NA",
          "answers" : [ ],
          "order" : 5.0,
          "active" : true
        }, {
          "name" : "Ciprofloxacin 500 mg",
          "uuid" : "a8bb3a97-9149-4195-9ba8-a9dcd35dcc0d",
          "dataType" : "NA",
          "answers" : [ ],
          "order" : 6.0,
          "active" : true
        }, {
          "name" : "Amoxicillin 500 mg",
          "uuid" : "c69af2fc-5ab2-4e80-bd34-873aa97e312c",
          "dataType" : "NA",
          "answers" : [ ],
          "order" : 0.0,
          "active" : true
        }, {
          "name" : "Doxycycline 100 mg",
          "uuid" : "332b0779-ceb6-4361-8952-71b3b48c65b3",
          "dataType" : "NA",
          "answers" : [ ],
          "order" : 8.0,
          "active" : true
        }, {
          "name" : "Famotidine",
          "uuid" : "c56f636b-96d1-4fa1-90dd-a48dcad5e00a",
          "dataType" : "NA",
          "answers" : [ ],
          "order" : 9.0,
          "active" : true
        }, {
          "name" : "Vitamin C",
          "uuid" : "5345aee6-bcc3-4b30-a449-47af7faf62ec",
          "dataType" : "NA",
          "answers" : [ ],
          "order" : 15.0,
          "active" : true
        }, {
          "name" : "Calcium + Vit D3 500 mg",
          "uuid" : "625a7742-4ac8-4dd8-a7c7-fc5c6444b687",
          "dataType" : "NA",
          "answers" : [ ],
          "order" : 3.0,
          "active" : true
        }, {
          "name" : "Azithromycin 500 mg",
          "uuid" : "4ae7ebbb-2097-4530-9b6b-c01768560911",
          "dataType" : "NA",
          "answers" : [ ],
          "order" : 1.0,
          "active" : true
        }, {
          "name" : "Fersifol / IFA 60",
          "uuid" : "33127b3b-ebc7-42dc-a09f-d3771df71ce9",
          "dataType" : "NA",
          "answers" : [ ],
          "order" : 10.0,
          "active" : true
        }, {
          "name" : "None",
          "uuid" : "ebda5e05-a995-43ca-ad1a-30af3b937539",
          "dataType" : "NA",
          "answers" : [ ],
          "order" : 17.0,
          "unique" : true,
          "active" : true
        } ],
        "active" : true
      },
      "displayOrder" : 1.0,
      "type" : "MultiSelect",
      "mandatory" : true
    } ],
    "display" : "Medicines - Tablet",
    "timed" : false
  }, {
    "uuid" : "875a0935-d68e-4119-916e-4e7d36b91c94",
    "name" : "Medicines - Syrup",
    "displayOrder" : 3.0,
    "formElements" : [ {
      "name" : "Syrup - Choose medicines given to the patient",
      "uuid" : "3d33913b-6f10-4c73-bde6-c7b8ab72f2b7",
      "keyValues" : [ ],
      "concept" : {
        "name" : "Syrup Medicines given to patient - MH",
        "uuid" : "d09848c6-6c56-4a60-99f9-e5c294ee6c63",
        "dataType" : "Coded",
        "answers" : [ {
          "name" : "None",
          "uuid" : "ebda5e05-a995-43ca-ad1a-30af3b937539",
          "dataType" : "NA",
          "answers" : [ ],
          "order" : 7.0,
          "unique" : true,
          "active" : true
        }, {
          "name" : "Zincovit 200 ml",
          "uuid" : "70bfb076-6015-4611-b3cc-cd5b3442a96d",
          "dataType" : "NA",
          "answers" : [ ],
          "order" : 6.0,
          "active" : true
        }, {
          "name" : "Amoxicillin + clav 30 ml 200mg/5ml",
          "uuid" : "66cc01f2-c87c-4b74-9b55-64f838885345",
          "dataType" : "NA",
          "answers" : [ ],
          "order" : 0.0,
          "active" : true
        }, {
          "name" : "Chlorpheniramine 100 ml",
          "uuid" : "b7a7b191-be82-4e86-8e52-96c0dd8917ad",
          "dataType" : "NA",
          "answers" : [ ],
          "order" : 2.0,
          "active" : true
        }, {
          "name" : "Metronidazole",
          "uuid" : "94dff083-9836-4604-b4c1-2e299fa8743d",
          "dataType" : "NA",
          "answers" : [ ],
          "order" : 4.0,
          "active" : true
        }, {
          "name" : "Azithromycin 15 ml 100mg/5ml",
          "uuid" : "b2de749c-106a-4f76-82db-6efd40f19da8",
          "dataType" : "NA",
          "answers" : [ ],
          "order" : 1.0,
          "active" : true
        }, {
          "name" : "Metoclopramide 1mg/1ml",
          "uuid" : "411bfb87-2968-4903-a743-9de7df501e84",
          "dataType" : "NA",
          "answers" : [ ],
          "order" : 3.0,
          "active" : true
        }, {
          "name" : "Paracetamol 60 ml 125 mg/5 ml",
          "uuid" : "6a3c8e95-8313-4d8f-87e9-9a6f7b841a1e",
          "dataType" : "NA",
          "answers" : [ ],
          "order" : 5.0,
          "active" : true
        } ],
        "active" : true
      },
      "displayOrder" : 1.0,
      "type" : "MultiSelect",
      "mandatory" : true
    } ],
    "display" : "Medicines - Syrup",
    "timed" : false
  }, {
    "uuid" : "a69bf121-907c-47c3-90a9-810ac0bd1efe",
    "name" : "Other Medicines",
    "displayOrder" : 4.0,
    "formElements" : [ {
      "name" : "Drop, Lotion, Ointment, powder etc",
      "uuid" : "553bfee6-7e91-4628-a47b-c4493db57792",
      "keyValues" : [ ],
      "concept" : {
        "name" : "Drop, Lotion, Ointment, powder etc",
        "uuid" : "5964d182-0a2d-40f0-b52f-01a893e8dac1",
        "dataType" : "Coded",
        "answers" : [ {
          "name" : "None",
          "uuid" : "ebda5e05-a995-43ca-ad1a-30af3b937539",
          "dataType" : "NA",
          "answers" : [ ],
          "order" : 7.0,
          "unique" : true,
          "active" : true
        }, {
          "name" : "Other",
          "uuid" : "05ea583c-51d2-412d-ad00-06c432ffe538",
          "dataType" : "NA",
          "answers" : [ ],
          "order" : 6.0,
          "active" : true
        }, {
          "name" : "Ciprofloxacin - Drop",
          "uuid" : "36729fab-5b3b-4e84-889a-53f7b3ea3814",
          "dataType" : "NA",
          "answers" : [ ],
          "order" : 0.0,
          "active" : true
        }, {
          "name" : "Lindane 4.5 L - Lotion",
          "uuid" : "85431c21-8e7f-4f56-8dd7-a7d57d027da1",
          "dataType" : "NA",
          "answers" : [ ],
          "order" : 1.0,
          "active" : true
        }, {
          "name" : "Vyaghri 100 gm - Paste",
          "uuid" : "198f5099-cbf9-4d19-b453-4fd11431dc32",
          "dataType" : "NA",
          "answers" : [ ],
          "order" : 3.0,
          "active" : true
        }, {
          "name" : "Plastic bottle 50 ml",
          "uuid" : "da39a01c-399d-4a62-a2a0-7301aba93f4e",
          "dataType" : "NA",
          "answers" : [ ],
          "order" : 5.0,
          "active" : true
        }, {
          "name" : "Permethrin - Oitment",
          "uuid" : "6dba1653-40a2-4cf9-bd1e-4e1ca6265313",
          "dataType" : "NA",
          "answers" : [ ],
          "order" : 2.0,
          "active" : true
        }, {
          "name" : "Guduchi - Powder",
          "uuid" : "7b7ae90b-332b-4d58-85fb-f5d60b85126b",
          "dataType" : "NA",
          "answers" : [ ],
          "order" : 4.0,
          "active" : true
        } ],
        "active" : true
      },
      "displayOrder" : 1.0,
      "type" : "MultiSelect",
      "mandatory" : true
    }, {
      "name" : "Other Medicine Formulation type, Name, dose, & Quantity",
      "uuid" : "3cd8060e-d3f5-42e3-8398-51585d45b1ad",
      "keyValues" : [ ],
      "concept" : {
        "name" : "Other Medicine Formulation type, Name, dose, & Quantity",
        "uuid" : "fec2e0bf-2b10-467c-8820-b770f091bb33",
        "dataType" : "Text",
        "answers" : [ ],
        "active" : true
      },
      "displayOrder" : 2.0,
      "type" : "SingleSelect",
      "mandatory" : false
    }, {
      "name" : "Decisions to be taken",
      "uuid" : "96802b51-5528-4997-921e-edf2b3d68dc3",
      "keyValues" : [ {
        "key" : "editable",
        "value" : false
      } ],
      "concept" : {
        "name" : "Decisions to be taken",
        "uuid" : "66cf35bb-3579-497b-a6f8-7d620659835f",
        "dataType" : "Text",
        "answers" : [ ],
        "active" : true
      },
      "displayOrder" : 3.0,
      "type" : "SingleSelect",
      "rule" : "'use strict';\n({params, imports}) => {\n  const programEncounter = params.entity;\n  const moment = imports.moment;\n  const formElement = params.formElement;\n  const _ = imports.lodash;\n  let visibility = true;\n  let value = null;\n  let answersToSkip = [];\n  let validationErrors = [];\n  \n  const condition11 = new imports.rulesConfig.RuleCondition({programEncounter, formElement}).when.valueInEncounter(\"bc4933fc-818e-42fa-a47c-67d327485536\").containsAnswerConceptName(\"c453cc0e-44db-49e6-af27-f69c8f646f35\").matches();\n    \n  const condition12 = new imports.rulesConfig.RuleCondition({programEncounter, formElement}).when.valueInEncounter(\"bc4933fc-818e-42fa-a47c-67d327485536\").containsAnswerConceptName(\"a7b825b5-3c4d-4c9e-95a8-ab197806efe7\").matches();\n  \n  if(condition11 ){\n    value = \"Urgent Referral required - Please take phone Follow-up within 3 days whether the patient referred or not\";  \n}\n    if(condition12 ){\n    value = \"Please note that this patient need referral on Semi-Urgent basis\";  \n}\n  \n  return new imports.rulesConfig.FormElementStatus(formElement.uuid, visibility, value, answersToSkip, validationErrors);\n};",
      "declarativeRule" : [ {
        "actions" : [ {
          "details" : {
            "value" : "Urgent Referral required - Please take phone Follow-up within 3 days whether the patient referred or not"
          },
          "actionType" : "value"
        }, { } ],
        "conditions" : [ {
          "compoundRule" : {
            "rules" : [ {
              "lhs" : {
                "type" : "concept",
                "scope" : "encounter",
                "conceptName" : "Whether the patient required referral",
                "conceptUuid" : "bc4933fc-818e-42fa-a47c-67d327485536",
                "conceptDataType" : "Coded"
              },
              "rhs" : {
                "type" : "answerConcept",
                "answerConceptNames" : [ "Urgent" ],
                "answerConceptUuids" : [ "c453cc0e-44db-49e6-af27-f69c8f646f35" ]
              },
              "operator" : "containsAnswerConceptName"
            } ],
            "conjunction" : "and"
          }
        } ]
      }, {
        "actions" : [ {
          "details" : {
            "value" : "Please note that this patient need referral on Semi-Urgent basis"
          },
          "actionType" : "value"
        } ],
        "conditions" : [ {
          "compoundRule" : {
            "rules" : [ {
              "lhs" : {
                "type" : "concept",
                "scope" : "encounter",
                "conceptName" : "Whether the patient required referral",
                "conceptUuid" : "bc4933fc-818e-42fa-a47c-67d327485536",
                "conceptDataType" : "Coded"
              },
              "rhs" : {
                "type" : "answerConcept",
                "answerConceptNames" : [ "Semi - Urgent" ],
                "answerConceptUuids" : [ "a7b825b5-3c4d-4c9e-95a8-ab197806efe7" ]
              },
              "operator" : "containsAnswerConceptName"
            } ],
            "conjunction" : "and"
          }
        } ]
      } ],
      "mandatory" : false
    }, {
      "name" : "Remark",
      "uuid" : "c7493f8a-377c-46ad-b307-4bd761ba98da",
      "keyValues" : [ ],
      "concept" : {
        "name" : "Remarks",
        "uuid" : "8ec9d5ed-e707-4493-a3eb-ece0ed564ab4",
        "dataType" : "Text",
        "answers" : [ ],
        "active" : true
      },
      "displayOrder" : 4.0,
      "type" : "SingleSelect",
      "mandatory" : true
    } ],
    "display" : "Other Medicines",
    "timed" : false
  } ],
  "decisionRule" : "",
  "visitScheduleRule" : "\"use strict\";\n({ params, imports }) => {\n  const programEncounter = params.entity;\n  const moment = imports.moment;\n  const scheduleBuilder = new imports.rulesConfig.VisitScheduleBuilder({programEncounter});\n  \n  const condition11 = new imports.rulesConfig.RuleCondition({programEncounter}).when.valueInEncounter(\"5a82b6ec-6fae-464a-8213-0f127052cfd1\").defined.matches();\n    \n  const condition12 = new imports.rulesConfig.RuleCondition({programEncounter}).when.valueInEncounter(\"bc4933fc-818e-42fa-a47c-67d327485536\").containsAnswerConceptNameOtherThan(\"e7b50c78-3d90-484d-a224-9887887780dc\").matches();\n  \n  if(condition11 ){\n    const earliestDate = moment(programEncounter.encounterDateTime).add(15, 'days').toDate();\n    const maxDate = moment(programEncounter.encounterDateTime).add(17, 'days').toDate();\n    scheduleBuilder.add({name: \"Chronic Patient Follow up\", encounterType: \"Chronic Patient Follow up\", earliestDate, maxDate});  \n}\n    if(condition12 ){\n    const earliestDate = moment(programEncounter.encounterDateTime).add(1, 'days').toDate();\n    const maxDate = moment(programEncounter.encounterDateTime).add(3, 'days').toDate();\n    scheduleBuilder.add({name: \"MMU Referral \", encounterType: \"MMU Referral \", earliestDate, maxDate});  \n}\n  \n  return scheduleBuilder.getAll();\n};",
  "validationRule" : "",
  "checklistsRule" : "",
  "decisionConcepts" : [ ],
  "visitScheduleDeclarativeRule" : [ {
    "actions" : [ {
      "details" : {
        "dateField" : "encounterDateTime",
        "daysToOverdue" : "17",
        "encounterName" : "Chronic Patient Follow up",
        "encounterType" : "Chronic Patient Follow up",
        "daysToSchedule" : "15"
      },
      "actionType" : "scheduleVisit"
    }, { } ],
    "conditions" : [ {
      "compoundRule" : {
        "rules" : [ {
          "lhs" : {
            "type" : "concept",
            "scope" : "encounter",
            "conceptName" : "MMU Provisional Chronic Diagnosis",
            "conceptUuid" : "5a82b6ec-6fae-464a-8213-0f127052cfd1",
            "conceptDataType" : "Coded"
          },
          "rhs" : { },
          "operator" : "defined"
        } ],
        "conjunction" : "and"
      }
    } ]
  }, {
    "actions" : [ {
      "details" : {
        "dateField" : "encounterDateTime",
        "daysToOverdue" : "3",
        "encounterName" : "MMU Referral ",
        "encounterType" : "MMU Referral ",
        "daysToSchedule" : "1"
      },
      "actionType" : "scheduleVisit"
    } ],
    "conditions" : [ {
      "compoundRule" : {
        "rules" : [ {
          "lhs" : {
            "type" : "concept",
            "scope" : "encounter",
            "conceptName" : "Whether the patient required referral",
            "conceptUuid" : "bc4933fc-818e-42fa-a47c-67d327485536",
            "conceptDataType" : "Coded"
          },
          "rhs" : {
            "type" : "answerConcept",
            "answerConceptNames" : [ "No" ],
            "answerConceptUuids" : [ "e7b50c78-3d90-484d-a224-9887887780dc" ]
          },
          "operator" : "containsAnswerConceptNameOtherThan"
        } ],
        "conjunction" : "or"
      }
    } ]
  } ]
}