{
  "name" : "MMU Mobile Medical Unit Enrolment",
  "uuid" : "ae6bb1d1-cbf6-4b8d-a99e-4be0d90adee3",
  "formType" : "ProgramEnrolment",
  "formElementGroups" : [ {
    "uuid" : "23e0e5d7-b063-4206-b156-738562bc2981",
    "name" : "Enrolment",
    "displayOrder" : 1.0,
    "formElements" : [ {
      "name" : "Enrolment number",
      "uuid" : "86a2a8f6-cd6e-4dd3-bd36-795477c45431",
      "keyValues" : [ {
        "key" : "IdSourceUUID",
        "value" : "fd75e3f4-e05f-49d8-9d68-b4c575761a14"
      } ],
      "concept" : {
        "name" : "MMU Enrolment Number",
        "uuid" : "bcbb39ef-6b8a-4770-8173-d01dde4c3f87",
        "dataType" : "Id",
        "answers" : [ ],
        "active" : true,
        "keyValues" : [ ]
      },
      "displayOrder" : 1.0,
      "type" : "SingleSelect",
      "mandatory" : true
    }, {
      "name" : "<old> Program Name",
      "uuid" : "fbe7e5bc-e652-4586-8ec3-78fdaae038d1",
      "keyValues" : [ ],
      "concept" : {
        "name" : "Program Name - MMU (For Search)",
        "uuid" : "2b64bcf9-6303-4d4f-9a06-c315b3af1187",
        "dataType" : "Coded",
        "answers" : [ {
          "name" : "Mobile Medical Unit",
          "uuid" : "cbc093cf-1688-4530-a6d2-715776240c46",
          "dataType" : "NA",
          "answers" : [ ],
          "order" : 0.0,
          "active" : true
        } ],
        "active" : true
      },
      "displayOrder" : 2.0,
      "type" : "SingleSelect",
      "mandatory" : false
    }, {
      "name" : "Program Name",
      "uuid" : "5cbf0f57-f413-4869-ac13-49c9cdb9b185",
      "keyValues" : [ {
        "key" : "ExcludedAnswers",
        "value" : [ "Epilepsy Program", "Maternal Health" ]
      } ],
      "concept" : {
        "name" : "Program Name - For Search",
        "uuid" : "b45c153d-3de1-4f5b-8c20-47c5502d5460",
        "dataType" : "Coded",
        "answers" : [ {
          "name" : "Maternal Health",
          "uuid" : "0aa0703a-0195-49d2-bc03-162df8793f32",
          "dataType" : "NA",
          "answers" : [ ],
          "order" : 1.0,
          "active" : true
        }, {
          "name" : "Epilepsy Program",
          "uuid" : "4cab64ec-bf5a-46a9-b30a-9f4bdbac0ef2",
          "dataType" : "NA",
          "answers" : [ ],
          "order" : 0.0,
          "active" : true
        }, {
          "name" : "Mobile Medical Unit",
          "uuid" : "cbc093cf-1688-4530-a6d2-715776240c46",
          "dataType" : "NA",
          "answers" : [ ],
          "order" : 2.0,
          "active" : true
        } ],
        "active" : true
      },
      "displayOrder" : 3.0,
      "type" : "SingleSelect",
      "mandatory" : true
    } ],
    "display" : "Enrolment",
    "timed" : false
  } ],
  "decisionRule" : "",
  "visitScheduleRule" : "",
  "validationRule" : "",
  "checklistsRule" : "",
  "decisionConcepts" : [ ]
}