{
  "name" : "Mother Enrolment (voided~2060 (voided~10536)",
  "uuid" : "026e2f5c-8670-4e4b-9a54-cb03bbf3093d",
  "formType" : "ProgramEnrolment",
  "formElementGroups" : [ {
    "uuid" : "2dff8c09-bed3-4848-943f-b2240b70d7ed",
    "name" : "Basic Details",
    "displayOrder" : 1.0,
    "formElements" : [ {
      "name" : "ANC registration no",
      "uuid" : "cadad826-0b4c-4474-b256-697b49159111",
      "keyValues" : [ ],
      "concept" : {
        "name" : "ANC registration no",
        "uuid" : "bf1fb39e-ec62-4110-9942-042a91503457",
        "dataType" : "Text",
        "answers" : [ ],
        "active" : true
      },
      "displayOrder" : 1.0,
      "type" : "SingleSelect",
      "mandatory" : true
    }, {
      "name" : "Last menstrual period",
      "uuid" : "10a7bb47-6780-4b43-9ebd-842b1f5cc58f",
      "keyValues" : [ ],
      "concept" : {
        "name" : "Last menstrual period",
        "uuid" : "1cc6fd5d-1359-483e-a971-4bf36e34a72d",
        "dataType" : "Date",
        "answers" : [ ],
        "active" : true
      },
      "displayOrder" : 2.0,
      "type" : "SingleSelect",
      "mandatory" : true
    }, {
      "name" : "Estimated date of delivery",
      "uuid" : "fef50f26-8251-4ba8-80dd-526eaade37f1",
      "keyValues" : [ {
        "key" : "editable",
        "value" : false
      } ],
      "concept" : {
        "name" : "Estimated Date of Delivery",
        "uuid" : "dde911fa-15eb-4564-8deb-bba46e9d3744",
        "dataType" : "Date",
        "answers" : [ ],
        "active" : true
      },
      "displayOrder" : 3.0,
      "type" : "SingleSelect",
      "mandatory" : false
    }, {
      "name" : "Height",
      "uuid" : "1e3afc0f-4f40-46f5-ab20-0739c30f99cd",
      "keyValues" : [ ],
      "concept" : {
        "name" : "Height",
        "uuid" : "d883d5fe-e17d-4136-b989-089fa0295e34",
        "dataType" : "Numeric",
        "answers" : [ ],
        "lowAbsolute" : 20.0,
        "highAbsolute" : 300.0,
        "lowNormal" : 30.0,
        "highNormal" : 200.0,
        "active" : true
      },
      "displayOrder" : 4.0,
      "type" : "SingleSelect",
      "mandatory" : true
    }, {
      "name" : "Urine pregnancy test",
      "uuid" : "1e23c808-5932-484b-b913-1d78f81cc11f",
      "keyValues" : [ ],
      "concept" : {
        "name" : "Urine pregnancy test",
        "uuid" : "ae076480-008d-47ca-9fab-a5300a626e42",
        "dataType" : "Coded",
        "answers" : [ {
          "name" : "Positive",
          "uuid" : "479cd95a-54ef-4818-b84a-09b478fc68b8",
          "dataType" : "NA",
          "answers" : [ ],
          "order" : 1.0,
          "active" : true,
          "voided" : true
        }, {
          "name" : "Negative",
          "uuid" : "ad1f0481-a8ed-411a-ac00-d0435a670269",
          "dataType" : "NA",
          "answers" : [ ],
          "order" : 2.0,
          "abnormal" : true,
          "active" : true
        } ],
        "active" : true
      },
      "displayOrder" : 5.0,
      "type" : "SingleSelect",
      "mandatory" : false
    } ],
    "display" : "Basic Details",
    "timed" : false
  }, {
    "uuid" : "7c3e193b-0dd9-4984-9de8-30a76e2d7cb4",
    "name" : "GPAL",
    "displayOrder" : 2.0,
    "formElements" : [ ],
    "display" : "GPAL",
    "timed" : false
  }, {
    "uuid" : "71b33c6d-e029-43be-baff-452c3e31890d",
    "name" : "Pregnancy History",
    "displayOrder" : 3.0,
    "formElements" : [ {
      "name" : "Gravida",
      "uuid" : "a21ba591-9f62-44b4-addc-44df0eea168b",
      "keyValues" : [ ],
      "concept" : {
        "name" : "Gravida",
        "uuid" : "dc2c23e9-19ad-471f-81d1-213069ccc975",
        "dataType" : "Numeric",
        "answers" : [ ],
        "lowAbsolute" : 1.0,
        "highAbsolute" : 20.0,
        "lowNormal" : 1.0,
        "highNormal" : 4.0,
        "active" : true
      },
      "displayOrder" : 1.0,
      "type" : "SingleSelect",
      "mandatory" : true
    }, {
      "name" : "Parity",
      "uuid" : "8e82a356-22a7-44ae-b28f-2b30fd6f9664",
      "keyValues" : [ ],
      "concept" : {
        "name" : "Parity",
        "uuid" : "2d679fd5-a75b-46bd-96c2-10c180187342",
        "dataType" : "Numeric",
        "answers" : [ ],
        "lowAbsolute" : 0.0,
        "highAbsolute" : 10.0,
        "active" : true
      },
      "displayOrder" : 2.0,
      "type" : "SingleSelect",
      "mandatory" : true
    }, {
      "name" : "Number of Abortions",
      "uuid" : "7c43bedd-dbd8-46d0-9a3f-8517dcb7e18d",
      "keyValues" : [ ],
      "concept" : {
        "name" : "Number of abortions",
        "uuid" : "38b9986b-76e8-4015-ae51-48152b1cd42c",
        "dataType" : "Numeric",
        "answers" : [ ],
        "lowAbsolute" : 0.0,
        "highAbsolute" : 10.0,
        "lowNormal" : 0.0,
        "active" : true
      },
      "displayOrder" : 3.0,
      "type" : "SingleSelect",
      "mandatory" : true
    }, {
      "name" : "Number of male children",
      "uuid" : "0abd0e1e-484c-48c9-ab3a-ffa14b66c9c5",
      "keyValues" : [ ],
      "concept" : {
        "name" : "Number of male children",
        "uuid" : "1b749b48-bfae-470d-8219-a735dae99f7a",
        "dataType" : "Numeric",
        "answers" : [ ],
        "lowAbsolute" : 0.0,
        "highAbsolute" : 10.0,
        "active" : true
      },
      "displayOrder" : 4.0,
      "type" : "SingleSelect",
      "mandatory" : true
    }, {
      "name" : "Number of female children",
      "uuid" : "8b7b54a0-6f07-40b4-b080-f2023ec2ee2f",
      "keyValues" : [ ],
      "concept" : {
        "name" : "Number of female children",
        "uuid" : "d924596e-e08e-4829-b4c3-77a0411d18c7",
        "dataType" : "Numeric",
        "answers" : [ ],
        "lowAbsolute" : 0.0,
        "highAbsolute" : 10.0,
        "active" : true
      },
      "displayOrder" : 5.0,
      "type" : "SingleSelect",
      "mandatory" : true
    }, {
      "name" : "Age of youngest child",
      "uuid" : "d07f9fdc-2dbe-4b21-abce-eb79c30470b8",
      "keyValues" : [ {
        "key" : "durationOptions",
        "value" : [ "months", "years" ]
      } ],
      "concept" : {
        "name" : "Age of youngest child",
        "uuid" : "305f693c-c8b6-4e3e-9a82-a6e91a3e462f",
        "dataType" : "Date",
        "answers" : [ ],
        "active" : true
      },
      "displayOrder" : 6.0,
      "type" : "SingleSelect",
      "mandatory" : true
    } ],
    "display" : "Pregnancy History",
    "timed" : false
  }, {
    "uuid" : "717d59bf-0403-4bf3-a0ca-38652257688d",
    "name" : "Vaccinations",
    "displayOrder" : 4.0,
    "formElements" : [ ],
    "display" : "Vaccinations",
    "timed" : false
  }, {
    "uuid" : "50a2d045-88fe-44e3-86e0-0dba16f53818",
    "name" : "Past pregnancy complications",
    "displayOrder" : 5.0,
    "formElements" : [ {
      "name" : "Obstetrics history",
      "uuid" : "4ae32d41-7c2e-4d7d-8ac6-566c9331f3a1",
      "keyValues" : [ ],
      "concept" : {
        "name" : "Obstetrics history",
        "uuid" : "8a4ab436-6767-45d5-95d7-075d9459609e",
        "dataType" : "Coded",
        "answers" : [ {
          "name" : "Breech or transverse presentation [ObstetricHistory]",
          "uuid" : "60cf6ea6-2a4c-459d-ac67-52c6cdc23f54",
          "dataType" : "NA",
          "answers" : [ ],
          "order" : 20.0,
          "abnormal" : true,
          "active" : true
        }, {
          "name" : "Weight of the previous baby less than 2.5kg or more than 4.5kg",
          "uuid" : "afb87749-1c3a-455f-81d2-f320ce72f45e",
          "dataType" : "NA",
          "answers" : [ ],
          "order" : 24.0,
          "abnormal" : true,
          "active" : true
        }, {
          "name" : "Intrapartum Death",
          "uuid" : "92ba84ab-b395-48c4-b867-932524f60d15",
          "dataType" : "NA",
          "answers" : [ ],
          "order" : 17.0,
          "abnormal" : true,
          "active" : true
        }, {
          "name" : "Congenital anomaly",
          "uuid" : "e641d792-ea69-40ed-bf26-67c6c567f687",
          "dataType" : "NA",
          "answers" : [ ],
          "order" : 19.0,
          "abnormal" : true,
          "active" : true
        }, {
          "name" : "Pre Eclampsia/ Eclampsia",
          "uuid" : "4c5c8ed4-3166-4782-b010-728aeee3ebb1",
          "dataType" : "NA",
          "answers" : [ ],
          "order" : 6.0,
          "abnormal" : true,
          "active" : true
        }, {
          "name" : "Post Partum Haemorrhage (Excessive bleeding after delivery)",
          "uuid" : "3abc1b44-0486-4378-abc0-ffb8235144ca",
          "dataType" : "NA",
          "answers" : [ ],
          "order" : 16.0,
          "abnormal" : true,
          "active" : true
        }, {
          "name" : "3 or more than 3 spontaneous abortions",
          "uuid" : "502759ae-00c9-4a22-a7eb-7e40e842f931",
          "dataType" : "NA",
          "answers" : [ ],
          "order" : 3.0,
          "abnormal" : true,
          "active" : true
        }, {
          "name" : "Retained Placenta",
          "uuid" : "d211703c-beab-40f3-9e87-a271759c5ec9",
          "dataType" : "NA",
          "answers" : [ ],
          "order" : 15.0,
          "abnormal" : true,
          "active" : true
        }, {
          "name" : "No problem",
          "uuid" : "855fb739-19d8-418d-a8ae-c1da977b7fa9",
          "dataType" : "NA",
          "answers" : [ ],
          "order" : 26.0,
          "unique" : true,
          "active" : true
        }, {
          "name" : "Intrauterine death",
          "uuid" : "16d08bef-fa20-40d3-8813-1cd10268bbb1",
          "dataType" : "NA",
          "answers" : [ ],
          "order" : 5.0,
          "abnormal" : true,
          "active" : true
        }, {
          "name" : "Instrumental Delivery",
          "uuid" : "02df7aad-d88c-4155-ab92-4d3569b64376",
          "dataType" : "NA",
          "answers" : [ ],
          "order" : 11.0,
          "abnormal" : true,
          "active" : true
        }, {
          "name" : "Prolonged labour",
          "uuid" : "2156deeb-bec7-4614-873f-eed4807a74f3",
          "dataType" : "NA",
          "answers" : [ ],
          "order" : 10.0,
          "abnormal" : true,
          "active" : true
        }, {
          "name" : "Post abortion complications",
          "uuid" : "8b757ad9-c413-4efa-af54-974f65e727ac",
          "dataType" : "NA",
          "answers" : [ ],
          "order" : 22.0,
          "abnormal" : true,
          "active" : true
        }, {
          "name" : "Puerperal sepsis",
          "uuid" : "8993ed6a-df82-420e-9da8-fc4eecd6bdc3",
          "dataType" : "NA",
          "answers" : [ ],
          "order" : 21.0,
          "abnormal" : true,
          "active" : true
        }, {
          "name" : "Ante Partum Haemorrhage",
          "uuid" : "3dc4aa0e-e941-4f02-8dd5-d1e1d48753ff",
          "dataType" : "NA",
          "answers" : [ ],
          "order" : 7.0,
          "abnormal" : true,
          "active" : true
        }, {
          "name" : "Multiple Births",
          "uuid" : "b5719e3e-db9c-49c1-af0c-3047b1b9c57a",
          "dataType" : "NA",
          "answers" : [ ],
          "order" : 14.0,
          "abnormal" : true,
          "active" : true
        }, {
          "name" : "Threatened abortion",
          "uuid" : "b61694a3-5762-483b-a439-3f09fa7b796b",
          "dataType" : "NA",
          "answers" : [ ],
          "order" : 2.0,
          "abnormal" : true,
          "active" : true
        }, {
          "name" : "Pregnancy induced hypertension",
          "uuid" : "5a738df9-b09a-4e7d-b683-189a9cdabcad",
          "dataType" : "NA",
          "answers" : [ ],
          "order" : 4.0,
          "abnormal" : true,
          "active" : true
        }, {
          "name" : "Heavy bleeding during delivery",
          "uuid" : "b5bf5c83-d8eb-4b40-ba7b-aed8cb23f6e1",
          "dataType" : "NA",
          "answers" : [ ],
          "order" : 1.0,
          "abnormal" : true,
          "active" : true
        }, {
          "name" : "Pre-term labour",
          "uuid" : "d86bf489-eb51-47c9-8c98-b109aba38951",
          "dataType" : "NA",
          "answers" : [ ],
          "order" : 9.0,
          "abnormal" : true,
          "active" : true
        }, {
          "name" : "Intrauterine Growth Retardation",
          "uuid" : "7e9fed7d-f111-4c87-9412-d8c0f8c162d2",
          "dataType" : "NA",
          "answers" : [ ],
          "order" : 8.0,
          "abnormal" : true,
          "active" : true
        }, {
          "name" : "Other",
          "uuid" : "05ea583c-51d2-412d-ad00-06c432ffe538",
          "dataType" : "NA",
          "answers" : [ ],
          "order" : 25.0,
          "abnormal" : true,
          "active" : true
        }, {
          "name" : "Rh negative in the previous pregnancy",
          "uuid" : "fe1c108e-507b-4abc-ad91-3930b59d3c62",
          "dataType" : "NA",
          "answers" : [ ],
          "order" : 23.0,
          "abnormal" : true,
          "active" : true
        }, {
          "name" : "Still Birth",
          "uuid" : "797c7923-1993-49d9-b759-1706aae62ae9",
          "dataType" : "NA",
          "answers" : [ ],
          "order" : 13.0,
          "abnormal" : true,
          "active" : true
        }, {
          "name" : "Neonatal death within first 28 days",
          "uuid" : "58146bb8-9fbe-439b-a472-08e17a8cd4ba",
          "dataType" : "NA",
          "answers" : [ ],
          "order" : 18.0,
          "abnormal" : true,
          "active" : true
        }, {
          "name" : "LSCS/C-section",
          "uuid" : "eb68c395-17dc-4679-828c-487753228e9f",
          "dataType" : "NA",
          "answers" : [ ],
          "order" : 12.0,
          "abnormal" : true,
          "active" : true
        } ],
        "active" : true
      },
      "displayOrder" : 1.0,
      "type" : "MultiSelect",
      "mandatory" : true
    }, {
      "name" : "Other obstetrics history",
      "uuid" : "ea8e0c8c-ca3f-46e7-b64b-2dedb0391c03",
      "keyValues" : [ ],
      "concept" : {
        "name" : "Other obstetrics history",
        "uuid" : "7d34125a-1b0b-4755-acc8-aeda71af8bd3",
        "dataType" : "Text",
        "answers" : [ ],
        "active" : true
      },
      "displayOrder" : 2.0,
      "type" : "SingleSelect",
      "mandatory" : true
    }, {
      "name" : "Family History",
      "uuid" : "955713c1-ea0e-439f-8d95-8fdef38a9a49",
      "keyValues" : [ ],
      "concept" : {
        "name" : "Family history",
        "uuid" : "18fa9773-bf4b-47f8-9535-f1573a477940",
        "dataType" : "Coded",
        "answers" : [ {
          "name" : "Diabetes",
          "uuid" : "674f348f-5075-4c85-8bc2-9edfdee27505",
          "dataType" : "NA",
          "answers" : [ ],
          "order" : 2.0,
          "active" : true
        }, {
          "name" : "Hypertension",
          "uuid" : "998d1bae-05d8-47b9-89b8-0254829f238f",
          "dataType" : "NA",
          "answers" : [ ],
          "order" : 1.0,
          "active" : true
        }, {
          "name" : "TB",
          "uuid" : "ca8a5f57-c409-47ad-8acf-921cdd0fc191",
          "dataType" : "NA",
          "answers" : [ ],
          "order" : 3.0,
          "active" : true
        } ],
        "active" : true
      },
      "displayOrder" : 3.0,
      "type" : "MultiSelect",
      "mandatory" : false
    } ],
    "display" : "Past pregnancy complications",
    "timed" : false
  }, {
    "uuid" : "fa3eaeb3-115f-4634-a6e7-e51b3e6d4e44",
    "name" : "TB Complications",
    "displayOrder" : 6.0,
    "formElements" : [ {
      "name" : "Is she on TB medication?",
      "uuid" : "be6fad57-fe7e-4bc0-bf36-26a31aec0d78",
      "keyValues" : [ ],
      "concept" : {
        "name" : "Is she on TB medication?",
        "uuid" : "b47dca1d-3f42-4280-9b3e-3d68cce88bed",
        "dataType" : "Coded",
        "answers" : [ {
          "name" : "No",
          "uuid" : "e7b50c78-3d90-484d-a224-9887887780dc",
          "dataType" : "NA",
          "answers" : [ ],
          "order" : 2.0,
          "active" : true
        }, {
          "name" : "Yes",
          "uuid" : "04bb1773-c353-44a1-a68c-9b448e07ff70",
          "dataType" : "NA",
          "answers" : [ ],
          "order" : 1.0,
          "active" : true
        } ],
        "active" : true
      },
      "displayOrder" : 1.0,
      "type" : "SingleSelect",
      "mandatory" : true
    }, {
      "name" : "Has she been taking her TB medication regularly?",
      "uuid" : "7eb50d2d-387c-47f2-b10b-b2cfd484eb2e",
      "keyValues" : [ ],
      "concept" : {
        "name" : "Has she been taking her TB medication regularly?",
        "uuid" : "2a8a5306-c0a9-4ca6-8bd7-b394069aa6f2",
        "dataType" : "Coded",
        "answers" : [ {
          "name" : "Yes",
          "uuid" : "04bb1773-c353-44a1-a68c-9b448e07ff70",
          "dataType" : "NA",
          "answers" : [ ],
          "order" : 1.0,
          "active" : true
        }, {
          "name" : "No",
          "uuid" : "e7b50c78-3d90-484d-a224-9887887780dc",
          "dataType" : "NA",
          "answers" : [ ],
          "order" : 2.0,
          "abnormal" : true,
          "active" : true
        } ],
        "active" : true
      },
      "displayOrder" : 2.0,
      "type" : "SingleSelect",
      "mandatory" : true
    }, {
      "name" : "Did she complete her TB treatment?",
      "uuid" : "1d8cd852-f03c-45f1-b09c-a6e601d5f0b0",
      "keyValues" : [ ],
      "concept" : {
        "name" : "Did she complete her TB treatment?",
        "uuid" : "4a20f69f-12c4-4472-ac82-ece0ab102e4b",
        "dataType" : "Coded",
        "answers" : [ {
          "name" : "No",
          "uuid" : "e7b50c78-3d90-484d-a224-9887887780dc",
          "dataType" : "NA",
          "answers" : [ ],
          "order" : 2.0,
          "abnormal" : true,
          "active" : true
        }, {
          "name" : "Yes",
          "uuid" : "04bb1773-c353-44a1-a68c-9b448e07ff70",
          "dataType" : "NA",
          "answers" : [ ],
          "order" : 1.0,
          "active" : true
        } ],
        "active" : true
      },
      "displayOrder" : 3.0,
      "type" : "SingleSelect",
      "mandatory" : true
    } ],
    "display" : "TB Complications",
    "timed" : false
  }, {
    "uuid" : "a9edaaef-c93b-4039-8fab-ef8b836cf19a",
    "name" : "Other medical complications",
    "displayOrder" : 7.0,
    "formElements" : [ {
      "name" : "Infertility treatment",
      "uuid" : "72d82a0a-162a-461f-a0c3-bb317412f35b",
      "keyValues" : [ ],
      "concept" : {
        "name" : "Infertility treatment",
        "uuid" : "79e2f5b7-f8c7-4f12-aec9-7e3d3382cf1a",
        "dataType" : "Coded",
        "answers" : [ {
          "name" : "Yes",
          "uuid" : "04bb1773-c353-44a1-a68c-9b448e07ff70",
          "dataType" : "NA",
          "answers" : [ ],
          "order" : 1.0,
          "abnormal" : true,
          "active" : true
        }, {
          "name" : "No",
          "uuid" : "e7b50c78-3d90-484d-a224-9887887780dc",
          "dataType" : "NA",
          "answers" : [ ],
          "order" : 2.0,
          "active" : true
        } ],
        "active" : true
      },
      "displayOrder" : 1.0,
      "type" : "SingleSelect",
      "mandatory" : true
    }, {
      "name" : "Malaria in the past 6 months?",
      "uuid" : "3f4c9772-02d8-4632-9ba9-0c7de065e340",
      "keyValues" : [ ],
      "concept" : {
        "name" : "Malaria in the past 6 months?",
        "uuid" : "d9d0e39f-7dad-41fd-84a5-d1e988584ca7",
        "dataType" : "Coded",
        "answers" : [ {
          "name" : "Yes",
          "uuid" : "04bb1773-c353-44a1-a68c-9b448e07ff70",
          "dataType" : "NA",
          "answers" : [ ],
          "order" : 1.0,
          "abnormal" : true,
          "active" : true
        }, {
          "name" : "No",
          "uuid" : "e7b50c78-3d90-484d-a224-9887887780dc",
          "dataType" : "NA",
          "answers" : [ ],
          "order" : 2.0,
          "active" : true
        } ],
        "active" : true
      },
      "displayOrder" : 2.0,
      "type" : "SingleSelect",
      "mandatory" : true
    }, {
      "name" : "Other notes",
      "uuid" : "06458e0b-9b1c-45a0-9d29-eac854953bd1",
      "keyValues" : [ ],
      "concept" : {
        "name" : "Other obstetrics history notes",
        "uuid" : "3491cdc9-20a0-4ea4-b6ce-8a1c8ded8183",
        "dataType" : "Text",
        "answers" : [ ],
        "active" : true
      },
      "displayOrder" : 3.0,
      "type" : "SingleSelect",
      "mandatory" : false
    } ],
    "display" : "Other medical complications",
    "timed" : false
  }, {
    "uuid" : "e3f71866-12fe-40f0-b3e1-28c981419147",
    "name" : "Other notes",
    "displayOrder" : 8.0,
    "formElements" : [ ],
    "display" : "Other notes",
    "timed" : false
  }, {
    "uuid" : "1c418b84-4304-4cdf-9ca4-6a26b3b6433d",
    "name" : "Counselling",
    "displayOrder" : 9.0,
    "formElements" : [ ],
    "display" : "Counselling",
    "timed" : false
  } ],
  "decisionRule" : "",
  "visitScheduleRule" : "",
  "validationRule" : "",
  "checklistsRule" : "",
  "decisionConcepts" : [ ],
  "voided" : true
}