{
  "name" : "PNC (voided~2044)",
  "uuid" : "78b1400e-8100-4ba6-b78e-fef580f7fb77",
  "formType" : "ProgramEncounter",
  "formElementGroups" : [ {
    "uuid" : "9b937fd3-3a23-40c7-bb11-fa2bfd9ce906",
    "name" : "PNC Vitals",
    "displayOrder" : 1.0,
    "formElements" : [ {
      "name" : "Systolic",
      "uuid" : "68bfde5c-92b7-4188-b2a2-bb96abfc174e",
      "keyValues" : [ ],
      "concept" : {
        "name" : "Systolic",
        "uuid" : "2a04bf88-6346-4eda-a86c-8a2afc011b22",
        "dataType" : "Numeric",
        "answers" : [ ],
        "lowAbsolute" : 20.0,
        "highAbsolute" : 190.0,
        "lowNormal" : 90.0,
        "highNormal" : 140.0,
        "active" : true
      },
      "displayOrder" : 1.0,
      "type" : "SingleSelect",
      "mandatory" : true
    }, {
      "name" : "Diastolic",
      "uuid" : "a427afb1-a183-4d92-88eb-2a40e4a00058",
      "keyValues" : [ ],
      "concept" : {
        "name" : "Diastolic",
        "uuid" : "1e2d41a2-5b6a-4ad7-ab91-51d3cdf122bd",
        "dataType" : "Numeric",
        "answers" : [ ],
        "lowAbsolute" : 10.0,
        "highAbsolute" : 120.0,
        "lowNormal" : 50.0,
        "highNormal" : 90.0,
        "active" : true
      },
      "displayOrder" : 2.0,
      "type" : "SingleSelect",
      "mandatory" : true
    }, {
      "name" : "Temperature",
      "uuid" : "a60089b0-71d7-487d-9102-1e8b52789bf7",
      "keyValues" : [ ],
      "concept" : {
        "name" : "Temperature",
        "uuid" : "e6edb61c-c3d9-44c8-abf7-4fd09fe39ec9",
        "dataType" : "Numeric",
        "answers" : [ ],
        "lowNormal" : 97.0,
        "highNormal" : 99.0,
        "active" : true
      },
      "displayOrder" : 3.0,
      "type" : "SingleSelect",
      "mandatory" : true
    }, {
      "name" : "Respiratory Rate",
      "uuid" : "f483e292-24b6-4d76-af72-8b13c9a5c596",
      "keyValues" : [ ],
      "concept" : {
        "name" : "Respiratory Rate",
        "uuid" : "70d617f9-3c14-4ec2-8d0f-97c837f6ab37",
        "dataType" : "Numeric",
        "answers" : [ ],
        "lowNormal" : 16.0,
        "highNormal" : 20.0,
        "active" : true
      },
      "displayOrder" : 4.0,
      "type" : "SingleSelect",
      "mandatory" : false
    }, {
      "name" : "Pulse",
      "uuid" : "62c01607-c063-49cd-ac39-ea1541243c44",
      "keyValues" : [ ],
      "concept" : {
        "name" : "Pulse",
        "uuid" : "2d3b8f90-6123-4dbf-b866-4f56ac7d24c8",
        "dataType" : "Numeric",
        "answers" : [ ],
        "lowNormal" : 60.0,
        "highNormal" : 100.0,
        "active" : true
      },
      "displayOrder" : 5.0,
      "type" : "SingleSelect",
      "mandatory" : false
    }, {
      "name" : "Hb % Level",
      "uuid" : "3217fb80-e129-424a-891b-e1b32e10eead",
      "keyValues" : [ ],
      "concept" : {
        "name" : "Hb % Level",
        "uuid" : "bf79f9bf-1dc7-4bb5-8747-a9e2ab1e73f3",
        "dataType" : "Numeric",
        "answers" : [ ],
        "lowNormal" : 11.0,
        "active" : true
      },
      "displayOrder" : 6.0,
      "type" : "SingleSelect",
      "mandatory" : false
    } ],
    "display" : "PNC Vitals",
    "timed" : false
  }, {
    "uuid" : "bd0672b5-bc94-45c3-a24e-210a7c7b0d93",
    "name" : "Danger Signs",
    "displayOrder" : 2.0,
    "formElements" : [ {
      "name" : "Any of the following difficulties",
      "uuid" : "3ae759ca-ba9e-43dd-8e64-270fdf0d1b38",
      "keyValues" : [ ],
      "concept" : {
        "name" : "Post-Partum Haemorrhage symptoms",
        "uuid" : "863b3d4b-31df-4313-9a20-66749c1f175d",
        "dataType" : "Coded",
        "answers" : [ {
          "name" : "Blurred vision",
          "uuid" : "2367268e-5988-4db3-a0ca-19438bd5931c",
          "dataType" : "NA",
          "answers" : [ ],
          "order" : 1.0,
          "abnormal" : true,
          "active" : true
        }, {
          "name" : "No problem",
          "uuid" : "855fb739-19d8-418d-a8ae-c1da977b7fa9",
          "dataType" : "NA",
          "answers" : [ ],
          "order" : 4.0,
          "unique" : true,
          "active" : true
        }, {
          "name" : "Difficulty breathing",
          "uuid" : "fe8c09ce-4135-4092-a693-3ad9bd8edb44",
          "dataType" : "NA",
          "answers" : [ ],
          "order" : 2.0,
          "abnormal" : true,
          "active" : true
        }, {
          "name" : "Severe headache",
          "uuid" : "5a6ab8bb-fb14-4747-a66e-3961d718a83e",
          "dataType" : "NA",
          "answers" : [ ],
          "order" : 3.0,
          "abnormal" : true,
          "active" : true
        } ],
        "active" : true
      },
      "displayOrder" : 1.0,
      "type" : "MultiSelect",
      "mandatory" : true
    }, {
      "name" : "Any abdominal problems",
      "uuid" : "04627edc-a358-451a-9772-d98084e81a36",
      "keyValues" : [ ],
      "concept" : {
        "name" : "Any abdominal problems",
        "uuid" : "2de99de4-558c-44b0-9882-abe7d892fe6c",
        "dataType" : "Coded",
        "answers" : [ {
          "name" : "No problem",
          "uuid" : "855fb739-19d8-418d-a8ae-c1da977b7fa9",
          "dataType" : "NA",
          "answers" : [ ],
          "order" : 3.0,
          "unique" : true,
          "active" : true
        }, {
          "name" : "No problems",
          "uuid" : "55c81def-8229-4531-a998-0438bdd5a8f1",
          "dataType" : "NA",
          "answers" : [ ],
          "order" : 3.0,
          "active" : true
        }, {
          "name" : "Uterus is soft or tender",
          "uuid" : "6c670fde-e4c1-4885-b672-452de7a023e0",
          "dataType" : "NA",
          "answers" : [ ],
          "order" : 2.0,
          "abnormal" : true,
          "active" : true
        }, {
          "name" : "Abdominal pain",
          "uuid" : "7b8829db-9a5a-4177-bab3-6f8e3bb3832c",
          "dataType" : "NA",
          "answers" : [ ],
          "order" : 1.0,
          "abnormal" : true,
          "active" : true
        } ],
        "active" : true
      },
      "displayOrder" : 2.0,
      "type" : "MultiSelect",
      "mandatory" : true
    }, {
      "name" : "Any vaginal problems",
      "uuid" : "5975a1d5-f43e-441e-a758-b2d4913dc543",
      "keyValues" : [ ],
      "concept" : {
        "name" : "Any vaginal problems",
        "uuid" : "a4b8583b-80af-4a9f-b506-037a7abb1f43",
        "dataType" : "Coded",
        "answers" : [ {
          "name" : "Bad-smelling lochia",
          "uuid" : "abbd780c-e5a4-4558-b576-86394b359822",
          "dataType" : "NA",
          "answers" : [ ],
          "order" : 2.0,
          "abnormal" : true,
          "active" : true
        }, {
          "name" : "No problem",
          "uuid" : "855fb739-19d8-418d-a8ae-c1da977b7fa9",
          "dataType" : "NA",
          "answers" : [ ],
          "order" : 4.0,
          "unique" : true,
          "active" : true
        }, {
          "name" : "Infected perineum suture",
          "uuid" : "f67e74ea-f048-40b1-abaa-19ff8ac20b10",
          "dataType" : "NA",
          "answers" : [ ],
          "order" : 3.0,
          "abnormal" : true,
          "active" : true
        }, {
          "name" : "Heavy bleeding per vaginum",
          "uuid" : "396d9f7d-2dc7-4517-9543-85f1a8cbf00c",
          "dataType" : "NA",
          "answers" : [ ],
          "order" : 1.0,
          "abnormal" : true,
          "active" : true
        }, {
          "name" : "No problems",
          "uuid" : "55c81def-8229-4531-a998-0438bdd5a8f1",
          "dataType" : "NA",
          "answers" : [ ],
          "order" : 4.0,
          "active" : true
        } ],
        "active" : true
      },
      "displayOrder" : 3.0,
      "type" : "MultiSelect",
      "mandatory" : true
    }, {
      "name" : "Any difficulties with urinating",
      "uuid" : "d9b350f8-3ed0-4333-bd13-dccd363020bd",
      "keyValues" : [ ],
      "concept" : {
        "name" : "Any difficulties with urinating",
        "uuid" : "0f01b6f6-b7e3-41ea-8d49-9df23196125b",
        "dataType" : "Coded",
        "answers" : [ {
          "name" : "Difficulty passing urine",
          "uuid" : "34ac55d2-84e1-44a5-981d-d3cf1fedd0cf",
          "dataType" : "NA",
          "answers" : [ ],
          "order" : 1.0,
          "abnormal" : true,
          "active" : true
        }, {
          "name" : "No difficulties",
          "uuid" : "a440c668-a9d8-4ac4-8652-0660e0ca6364",
          "dataType" : "NA",
          "answers" : [ ],
          "order" : 3.0,
          "unique" : true,
          "active" : true
        }, {
          "name" : "Burning Urination",
          "uuid" : "8a07fe4d-1814-4f80-90fe-5fbedf2a0518",
          "dataType" : "NA",
          "answers" : [ ],
          "order" : 2.0,
          "abnormal" : true,
          "active" : true
        } ],
        "active" : true
      },
      "displayOrder" : 4.0,
      "type" : "MultiSelect",
      "mandatory" : true
    }, {
      "name" : "Any breast problems",
      "uuid" : "2765a380-21ca-4989-b14a-1d69eea9f8c4",
      "keyValues" : [ ],
      "concept" : {
        "name" : "Any breast problems",
        "uuid" : "88fe8286-316d-4ee8-be86-2d8c3840881c",
        "dataType" : "Coded",
        "answers" : [ {
          "name" : "Cracked Nipple",
          "uuid" : "804a3c4c-e42e-47b0-923b-43c808c631bc",
          "dataType" : "NA",
          "answers" : [ ],
          "order" : 1.0,
          "abnormal" : true,
          "active" : true
        }, {
          "name" : "No problem",
          "uuid" : "855fb739-19d8-418d-a8ae-c1da977b7fa9",
          "dataType" : "NA",
          "answers" : [ ],
          "order" : 8.0,
          "unique" : true,
          "active" : true
        }, {
          "name" : "Breast hardness",
          "uuid" : "9d5b4823-959b-4650-bec2-ed7a1db7c057",
          "dataType" : "NA",
          "answers" : [ ],
          "order" : 3.0,
          "abnormal" : true,
          "active" : true
        }, {
          "name" : "Other",
          "uuid" : "05ea583c-51d2-412d-ad00-06c432ffe538",
          "dataType" : "NA",
          "answers" : [ ],
          "order" : 7.0,
          "abnormal" : true,
          "active" : true
        }, {
          "name" : "Nipple hardness",
          "uuid" : "e109964e-1f6f-49dd-9cdf-b862f91f3b65",
          "dataType" : "NA",
          "answers" : [ ],
          "order" : 2.0,
          "abnormal" : true,
          "active" : true
        }, {
          "name" : "Breast engorgement",
          "uuid" : "872e901c-15ef-4321-ae1d-0e7561b19093",
          "dataType" : "NA",
          "answers" : [ ],
          "order" : 5.0,
          "abnormal" : true,
          "active" : true
        }, {
          "name" : "Agalactorrhea- no or insufficient lactation",
          "uuid" : "189577a3-1b82-4b33-a9de-345de795a860",
          "dataType" : "NA",
          "answers" : [ ],
          "order" : 4.0,
          "abnormal" : true,
          "active" : true
        }, {
          "name" : "Breast abcess",
          "uuid" : "39e46278-8278-4c49-95a8-8af166723a5e",
          "dataType" : "NA",
          "answers" : [ ],
          "order" : 6.0,
          "abnormal" : true,
          "active" : true
        } ],
        "active" : true
      },
      "displayOrder" : 5.0,
      "type" : "MultiSelect",
      "mandatory" : true
    }, {
      "name" : "Other breast related problems",
      "uuid" : "b7faa7e3-f518-4cf0-8bbc-c10bb49c0b4b",
      "keyValues" : [ ],
      "concept" : {
        "name" : "Other breast problems",
        "uuid" : "8cbd5ba9-c6ee-4d27-94ed-280bd88ae990",
        "dataType" : "Text",
        "answers" : [ ],
        "active" : true
      },
      "displayOrder" : 5.5,
      "type" : "SingleSelect",
      "mandatory" : true
    }, {
      "name" : "How is the incision area",
      "uuid" : "827f5d7c-e0fa-4725-91dd-a7a93149b1ad",
      "keyValues" : [ ],
      "concept" : {
        "name" : "How is the incision area",
        "uuid" : "a70eb606-3155-49f1-b2b4-6bc858ea6d31",
        "dataType" : "Coded",
        "answers" : [ {
          "name" : "Filled with pus",
          "uuid" : "c2d3b745-b145-4268-80ec-6ea9707a99a5",
          "dataType" : "NA",
          "answers" : [ ],
          "order" : 3.0,
          "abnormal" : true,
          "active" : true
        }, {
          "name" : "Normal",
          "uuid" : "ba43b326-18a1-4f8d-ad04-29b0371461e0",
          "dataType" : "NA",
          "answers" : [ ],
          "order" : 5.0,
          "unique" : true,
          "active" : true
        }, {
          "name" : "Looks red",
          "uuid" : "6323bb46-3510-4a7f-9531-4ebd32278911",
          "dataType" : "NA",
          "answers" : [ ],
          "order" : 2.0,
          "abnormal" : true,
          "active" : true
        }, {
          "name" : "Indurated",
          "uuid" : "40c79aa5-2f83-4a2e-a5fd-8f490e42e25d",
          "dataType" : "NA",
          "answers" : [ ],
          "order" : 1.0,
          "abnormal" : true,
          "active" : true
        }, {
          "name" : "Discharge from wound",
          "uuid" : "17c81370-0f1d-4cbb-ae30-0f0f6a4a0197",
          "dataType" : "NA",
          "answers" : [ ],
          "order" : 4.0,
          "abnormal" : true,
          "active" : true
        } ],
        "active" : true
      },
      "displayOrder" : 6.0,
      "type" : "MultiSelect",
      "mandatory" : false
    }, {
      "name" : "Does feel hot or have the chills",
      "uuid" : "0e15828b-b23f-4022-b6e1-d400f1ac608f",
      "keyValues" : [ ],
      "concept" : {
        "name" : "Fever/Chills",
        "uuid" : "2441879f-4f53-4755-9474-3168c68095a5",
        "dataType" : "Coded",
        "answers" : [ {
          "name" : "No",
          "uuid" : "e7b50c78-3d90-484d-a224-9887887780dc",
          "dataType" : "NA",
          "answers" : [ ],
          "order" : 2.0,
          "active" : true
        }, {
          "name" : "Yes",
          "uuid" : "04bb1773-c353-44a1-a68c-9b448e07ff70",
          "dataType" : "NA",
          "answers" : [ ],
          "order" : 1.0,
          "abnormal" : true,
          "active" : true
        } ],
        "active" : true
      },
      "displayOrder" : 7.0,
      "type" : "SingleSelect",
      "mandatory" : true
    }, {
      "name" : "Convulsions",
      "uuid" : "19e880a8-b886-436c-885e-cc5ce11cb284",
      "keyValues" : [ ],
      "concept" : {
        "name" : "Convulsions",
        "uuid" : "ab9596e4-04b6-48f2-9f4d-1c7a2c82dbf8",
        "dataType" : "Coded",
        "answers" : [ {
          "name" : "Absent",
          "uuid" : "10885638-561a-42b6-8b24-8daa01864c89",
          "dataType" : "NA",
          "answers" : [ ],
          "order" : 2.0,
          "active" : true
        }, {
          "name" : "Present",
          "uuid" : "57b51d52-981f-4af2-b133-aeffa6d00757",
          "dataType" : "NA",
          "answers" : [ ],
          "order" : 1.0,
          "abnormal" : true,
          "active" : true
        } ],
        "active" : true
      },
      "displayOrder" : 8.0,
      "type" : "SingleSelect",
      "mandatory" : true
    }, {
      "name" : "Do you have the following complaints",
      "uuid" : "491f80c6-1e45-4a6e-8233-42a1cde8b5d7",
      "keyValues" : [ ],
      "concept" : {
        "name" : "Post-Partum Depression Symptoms",
        "uuid" : "0776992a-78de-4bd1-bfcb-f63ff1f7630e",
        "dataType" : "Coded",
        "answers" : [ {
          "name" : "No problem",
          "uuid" : "855fb739-19d8-418d-a8ae-c1da977b7fa9",
          "dataType" : "NA",
          "answers" : [ ],
          "order" : 5.0,
          "unique" : true,
          "active" : true
        }, {
          "name" : "Loss of appetite",
          "uuid" : "47e93f5b-3bfb-4fb7-826f-278d8d0e04ce",
          "dataType" : "NA",
          "answers" : [ ],
          "order" : 3.0,
          "abnormal" : true,
          "active" : true
        }, {
          "name" : "Weakness",
          "uuid" : "25ec9a8c-07df-471c-afac-4919d016464d",
          "dataType" : "NA",
          "answers" : [ ],
          "order" : 4.0,
          "abnormal" : true,
          "active" : true
        }, {
          "name" : "Irritability",
          "uuid" : "8b5390e0-bb10-438f-b57a-44afdc973d9c",
          "dataType" : "NA",
          "answers" : [ ],
          "order" : 2.0,
          "abnormal" : true,
          "active" : true
        }, {
          "name" : "Insomnia",
          "uuid" : "492f2658-5a54-4d47-894c-af90d02730b7",
          "dataType" : "NA",
          "answers" : [ ],
          "order" : 1.0,
          "abnormal" : true,
          "active" : true
        } ],
        "active" : true
      },
      "displayOrder" : 9.0,
      "type" : "MultiSelect",
      "mandatory" : true
    } ],
    "display" : "Danger Signs",
    "timed" : false
  }, {
    "uuid" : "1299dc47-a804-4176-9dd6-fa65a177bfa5",
    "name" : "Diet and Rest",
    "displayOrder" : 3.0,
    "formElements" : [ {
      "name" : "Diet advice",
      "uuid" : "55afee91-a15f-48a7-ab49-116b51a831cd",
      "keyValues" : [ ],
      "concept" : {
        "name" : "Placeholder for counselling form element",
        "uuid" : "b4e5a662-97bf-4846-b9b7-9baeab4d89c4",
        "dataType" : "Coded",
        "answers" : [ ],
        "active" : true
      },
      "displayOrder" : 1.0,
      "type" : "SingleSelect",
      "mandatory" : false
    }, {
      "name" : "Rest and sleep advice Dos",
      "uuid" : "71bf6c25-c8a7-4479-8265-f0aa80b9b606",
      "keyValues" : [ ],
      "concept" : {
        "name" : "Placeholder for counselling form element",
        "uuid" : "b4e5a662-97bf-4846-b9b7-9baeab4d89c4",
        "dataType" : "Coded",
        "answers" : [ ],
        "active" : true
      },
      "displayOrder" : 2.0,
      "type" : "SingleSelect",
      "mandatory" : false
    }, {
      "name" : "Rest and sleep advice Donts",
      "uuid" : "71cd83d1-ca13-4be2-807b-5740bcc42ba8",
      "keyValues" : [ ],
      "concept" : {
        "name" : "Placeholder for counselling form element",
        "uuid" : "b4e5a662-97bf-4846-b9b7-9baeab4d89c4",
        "dataType" : "Coded",
        "answers" : [ ],
        "active" : true
      },
      "displayOrder" : 3.0,
      "type" : "SingleSelect",
      "mandatory" : false
    }, {
      "name" : "Supplementary nutritional therapy advice",
      "uuid" : "23706cd0-0097-4665-b9b1-9b10647a87a4",
      "keyValues" : [ ],
      "concept" : {
        "name" : "Placeholder for counselling form element",
        "uuid" : "b4e5a662-97bf-4846-b9b7-9baeab4d89c4",
        "dataType" : "Coded",
        "answers" : [ ],
        "active" : true
      },
      "displayOrder" : 4.0,
      "type" : "SingleSelect",
      "mandatory" : false
    } ],
    "display" : "Diet and Rest",
    "timed" : false
  }, {
    "uuid" : "f00ea0bc-ca88-4c15-85e1-e3b9a7d90946",
    "name" : "Breast Feeding",
    "displayOrder" : 4.0,
    "formElements" : [ {
      "name" : "Breast Feeding advice",
      "uuid" : "9355caa3-2050-4161-a218-cf6f7d06538f",
      "keyValues" : [ ],
      "concept" : {
        "name" : "Placeholder for counselling form element",
        "uuid" : "b4e5a662-97bf-4846-b9b7-9baeab4d89c4",
        "dataType" : "Coded",
        "answers" : [ ],
        "active" : true
      },
      "displayOrder" : 1.0,
      "type" : "SingleSelect",
      "mandatory" : false
    } ],
    "display" : "Breast Feeding",
    "timed" : false
  }, {
    "uuid" : "041d47a8-282c-4b7c-8f3b-d606268b450c",
    "name" : "Hygiene",
    "displayOrder" : 5.0,
    "formElements" : [ {
      "name" : "Hygiene advice",
      "uuid" : "eda307c8-8f67-4182-be28-111e81db0c12",
      "keyValues" : [ ],
      "concept" : {
        "name" : "Placeholder for counselling form element",
        "uuid" : "b4e5a662-97bf-4846-b9b7-9baeab4d89c4",
        "dataType" : "Coded",
        "answers" : [ ],
        "active" : true
      },
      "displayOrder" : 1.0,
      "type" : "SingleSelect",
      "mandatory" : false
    } ],
    "display" : "Hygiene",
    "timed" : false
  }, {
    "uuid" : "5c26ca56-8155-433a-b5d5-35f7ae990ec2",
    "name" : "Immunization and Family planning",
    "displayOrder" : 6.0,
    "formElements" : [ {
      "name" : "Immunization advice",
      "uuid" : "736a18f7-9ec1-4b13-896b-7d8f03d3d1b7",
      "keyValues" : [ ],
      "concept" : {
        "name" : "Placeholder for counselling form element",
        "uuid" : "b4e5a662-97bf-4846-b9b7-9baeab4d89c4",
        "dataType" : "Coded",
        "answers" : [ ],
        "active" : true
      },
      "displayOrder" : 1.0,
      "type" : "SingleSelect",
      "mandatory" : false
    }, {
      "name" : "Family Planning advice Dos",
      "uuid" : "8521fb49-fdc8-454b-b129-49efcd25c933",
      "keyValues" : [ ],
      "concept" : {
        "name" : "Placeholder for counselling form element",
        "uuid" : "b4e5a662-97bf-4846-b9b7-9baeab4d89c4",
        "dataType" : "Coded",
        "answers" : [ ],
        "active" : true
      },
      "displayOrder" : 2.0,
      "type" : "SingleSelect",
      "mandatory" : false
    }, {
      "name" : "Family Planning advice Donts",
      "uuid" : "27c08d47-f440-44ee-a6b8-6d673fbd7f20",
      "keyValues" : [ ],
      "concept" : {
        "name" : "Placeholder for counselling form element",
        "uuid" : "b4e5a662-97bf-4846-b9b7-9baeab4d89c4",
        "dataType" : "Coded",
        "answers" : [ ],
        "active" : true
      },
      "displayOrder" : 3.0,
      "type" : "SingleSelect",
      "mandatory" : false
    } ],
    "display" : "Immunization and Family planning",
    "timed" : false
  }, {
    "uuid" : "cd9e1235-f599-4e79-ab8a-055c7e2be4c3",
    "name" : "Diet and Medication",
    "displayOrder" : 9.0,
    "formElements" : [ ],
    "display" : "Diet and Medication",
    "timed" : false
  }, {
    "uuid" : "19fb300e-9ebb-49df-841d-939113904214",
    "name" : "Discussion Items",
    "displayOrder" : 10.0,
    "formElements" : [ ],
    "display" : "Discussion Items",
    "timed" : false
  } ],
  "decisionConcepts" : [ ],
  "voided" : true
}