{
  "name" : "PSG meeting Registration",
  "uuid" : "7f8abc02-ea47-41a5-a33a-5543ee586469",
  "formType" : "IndividualProfile",
  "formElementGroups" : [ {
    "uuid" : "2e795ca7-8d7e-4988-b520-44309a79817c",
    "name" : "Patients",
    "displayOrder" : 1.0,
    "formElements" : [ {
      "name" : "Number of patients under this PSG",
      "uuid" : "f7dba861-2e3e-49e5-9e90-a23d04be2a92",
      "keyValues" : [ ],
      "concept" : {
        "name" : "Patients under PSGM",
        "uuid" : "1bfda29a-c0e2-47f2-bc70-dda07726b7e5",
        "dataType" : "Numeric",
        "answers" : [ ],
        "lowAbsolute" : 0.0,
        "highAbsolute" : 500.0,
        "lowNormal" : 10.0,
        "active" : true
      },
      "displayOrder" : 1.0,
      "type" : "SingleSelect",
      "mandatory" : true
    } ],
    "display" : "Patients",
    "timed" : false
  } ],
  "decisionRule" : "",
  "visitScheduleRule" : "",
  "validationRule" : "",
  "checklistsRule" : "",
  "decisionConcepts" : [ ]
}