{
  "name" : "Anthropometry Assessment",
  "uuid" : "d062907a-690c-44ca-b699-f8b2f688b075",
  "formType" : "ProgramEncounter",
  "formElementGroups" : [ {
    "uuid" : "124d7b8b-0baf-4bdf-8f8a-5de8a4c95218",
    "name" : "Anthropometry",
    "displayOrder" : 1.0,
    "formElements" : [ {
      "name" : "Skip capturing height",
      "uuid" : "4f6e842e-8556-448b-9ebf-93ad06a333a5",
      "keyValues" : [ ],
      "concept" : {
        "name" : "Skip capturing height",
        "uuid" : "b26ab849-6550-4245-8637-a9fc7fb4eb60",
        "dataType" : "Coded",
        "answers" : [ {
          "name" : "Yes",
          "uuid" : "04bb1773-c353-44a1-a68c-9b448e07ff70",
          "dataType" : "NA",
          "answers" : [ ],
          "order" : 1.0,
          "active" : true
        } ],
        "active" : true
      },
      "displayOrder" : 1.0,
      "type" : "SingleSelect",
      "rule" : "",
      "mandatory" : false
    }, {
      "name" : "Reason for skipping height capture.",
      "uuid" : "9ef90251-e2b8-411b-845c-f980d2ca1427",
      "keyValues" : [ ],
      "concept" : {
        "name" : "Reason for skipping height capture.",
        "uuid" : "8d378a39-2030-4cfe-ac4d-c8e97f718b23",
        "dataType" : "Text",
        "answers" : [ ],
        "active" : true
      },
      "displayOrder" : 2.0,
      "type" : "SingleSelect",
      "rule" : "'use strict';\n({params, imports}) => {\n  const programEncounter = params.entity;\n  const formElement = params.formElement;\n  const statusBuilder = new imports.rulesConfig.FormElementStatusBuilder({programEncounter, formElement});\n  \n  statusBuilder.show().when.valueInEncounter('Skip capturing height').is.yes;\n  \n  return statusBuilder.build();\n};",
      "mandatory" : true
    }, {
      "name" : "Height",
      "uuid" : "219bfbb0-03ff-4be4-a8c1-5eb98ab6fe6c",
      "keyValues" : [ ],
      "concept" : {
        "name" : "Height",
        "uuid" : "d883d5fe-e17d-4136-b989-089fa0295e34",
        "dataType" : "Numeric",
        "answers" : [ ],
        "lowAbsolute" : 20.0,
        "highAbsolute" : 300.0,
        "lowNormal" : 30.0,
        "highNormal" : 200.0,
        "active" : true
      },
      "displayOrder" : 3.0,
      "type" : "SingleSelect",
      "rule" : "'use strict';\n({params, imports}) => {\n  const programEncounter = params.entity;\n  const formElement = params.formElement;\n  const _ = imports.lodash;\n  const statusBuilder = new imports.rulesConfig.FormElementStatusBuilder({programEncounter, formElement});\n  \n   statusBuilder.show().when.valueInEncounter(\"Skip capturing height\").is.notDefined;\n   return statusBuilder.build();\n  \n};",
      "mandatory" : true
    }, {
      "name" : "Weight",
      "uuid" : "e6e54c47-290c-4c8b-a2b3-dd30c39a361f",
      "keyValues" : [ ],
      "concept" : {
        "name" : "Weight",
        "uuid" : "75b1656e-2777-4753-9612-ce03a766a5e1",
        "dataType" : "Numeric",
        "answers" : [ ],
        "lowAbsolute" : 0.0,
        "highAbsolute" : 300.0,
        "lowNormal" : 1.0,
        "highNormal" : 100.0,
        "active" : true
      },
      "displayOrder" : 4.0,
      "type" : "SingleSelect",
      "mandatory" : true
    } ],
    "display" : "Anthropometry",
    "timed" : false
  }, {
    "uuid" : "720fe449-7cff-4617-bf9b-62925c7d0e6c",
    "name" : "GMP Details",
    "displayOrder" : 2.0,
    "formElements" : [ ],
    "display" : "GMP Details",
    "voided" : true,
    "timed" : false
  } ],
  "decisionRule" : "",
  "visitScheduleRule" : "\"use strict\";\n({params, imports}) => {\n    const programEncounter = params.entity;\n    const moment = imports.moment;\n    const _ = imports.lodash;\n    const myGroups = programEncounter.programEnrolment.individual.groups;\n    if (_.isNil(programEncounter.earliestVisitDateTime)) {\n        return [];\n    }\n    const groupSubject = _.get(_.find(myGroups, g => !g.voided && g.groupSubject.subjectType.name === 'Phulwari'), 'groupSubject');\n    const scheduleBuilder = new imports.rulesConfig.VisitScheduleBuilder({\n        programEncounter\n    });\n    const scheduledDateTime = programEncounter.earliestVisitDateTime;\n    const scheduledDate = moment(scheduledDateTime).date();\n    \n    if(!_.isNil(groupSubject)){\n    const dayOfMonth = groupSubject.getObservationReadableValue(\"Day of month for growth monitoring visit\");     \n    var monthForNextVisit = moment(scheduledDateTime).month() != 11 ? moment(scheduledDateTime).month() + 1 : 0;\n    var earliestDate = moment(scheduledDateTime).month(monthForNextVisit).date(dayOfMonth).toDate();    \n    if (moment(earliestDate).month() !== monthForNextVisit) {\n        earliestDate = moment(scheduledDateTime).add(1, 'M').endOf('month').toDate();\n    }else {\n        earliestDate = moment(scheduledDateTime).add(1, 'M').date(dayOfMonth).toDate();\n    }\n    \n    const maxDate = moment(earliestDate).add(3, 'days').toDate();\n    scheduleBuilder.add({\n            name: \"Growth Monitoring Visit\",\n            encounterType: \"Anthropometry Assessment\",\n            earliestDate: earliestDate,\n            maxDate: maxDate\n        }\n     );\n    }\n    return scheduleBuilder.getAll();\n};",
  "validationRule" : "",
  "checklistsRule" : "",
  "decisionConcepts" : [ {
    "name" : "Height for age z-score",
    "uuid" : "38b0f43a-bdb0-4538-831f-9fac324ecde9",
    "dataType" : "Numeric",
    "answers" : [ ],
    "lowNormal" : -2.0,
    "highNormal" : 2.0,
    "active" : true
  }, {
    "name" : "Weight for age Status",
    "uuid" : "ff4eb1f3-2a19-4337-95a0-27cb2ff5cea3",
    "dataType" : "Coded",
    "answers" : [ {
      "name" : "Underweight",
      "uuid" : "41b2db08-99a4-428c-a908-641330858b8a",
      "dataType" : "NA",
      "answers" : [ ],
      "order" : 2.0,
      "abnormal" : true,
      "active" : true
    }, {
      "name" : "Normal",
      "uuid" : "ba43b326-18a1-4f8d-ad04-29b0371461e0",
      "dataType" : "NA",
      "answers" : [ ],
      "order" : 1.0,
      "active" : true
    }, {
      "name" : "Severely Underweight",
      "uuid" : "29295fb9-9ed3-44b0-8e94-f1822b46a851",
      "dataType" : "NA",
      "answers" : [ ],
      "order" : 3.0,
      "abnormal" : true,
      "active" : true
    }, {
      "name" : "Moderately Underweight",
      "uuid" : "e422d466-f7a5-408e-b79a-d9f177ab8c5c",
      "dataType" : "NA",
      "answers" : [ ],
      "order" : 2.0,
      "abnormal" : true,
      "active" : true
    } ],
    "active" : true
  }, {
    "name" : "Weight for Height Status",
    "uuid" : "7a2ee364-2fe8-4d48-9304-cb4ebc7e3144",
    "dataType" : "Coded",
    "answers" : [ {
      "name" : "Normal",
      "uuid" : "ba43b326-18a1-4f8d-ad04-29b0371461e0",
      "dataType" : "NA",
      "answers" : [ ],
      "order" : 1.0,
      "active" : true
    }, {
      "name" : "Possible risk of overweight",
      "uuid" : "f9525016-c15c-41ef-8438-43dc18ae7fa7",
      "dataType" : "NA",
      "answers" : [ ],
      "order" : 2.0,
      "abnormal" : true,
      "active" : true
    }, {
      "name" : "Overweight",
      "uuid" : "74481c32-e400-4103-b656-b4f52e517fdd",
      "dataType" : "NA",
      "answers" : [ ],
      "order" : 3.0,
      "abnormal" : true,
      "active" : true
    }, {
      "name" : "Severely wasted",
      "uuid" : "03629146-7282-4ee6-85c5-fc04b8a6406f",
      "dataType" : "NA",
      "answers" : [ ],
      "order" : 6.0,
      "abnormal" : true,
      "active" : true
    }, {
      "name" : "Obese",
      "uuid" : "c7512031-62fb-4bbc-b793-7fde56d45883",
      "dataType" : "NA",
      "answers" : [ ],
      "order" : 4.0,
      "abnormal" : true,
      "active" : true
    }, {
      "name" : "Wasted",
      "uuid" : "01927145-9b54-4c6f-815b-b6c405de207a",
      "dataType" : "NA",
      "answers" : [ ],
      "order" : 5.0,
      "abnormal" : true,
      "active" : true
    } ],
    "active" : true
  }, {
    "name" : "Weight for height z-score",
    "uuid" : "6c6dcf3f-9088-49a8-a3b0-abce795c0c95",
    "dataType" : "Numeric",
    "answers" : [ ],
    "lowNormal" : -2.0,
    "highNormal" : 2.0,
    "active" : true
  }, {
    "name" : "Weight for age Grade",
    "uuid" : "10d6ef42-2db4-4af9-951d-75b8942690a1",
    "dataType" : "Numeric",
    "answers" : [ ],
    "active" : true
  }, {
    "name" : "Height for age Grade",
    "uuid" : "d3c6de74-dd39-4dd6-a4e0-7cd5b7966de9",
    "dataType" : "Numeric",
    "answers" : [ ],
    "active" : true
  }, {
    "name" : "Growth Faltering Status",
    "uuid" : "a5067bcc-d333-4c80-a0f2-d61df9d210d3",
    "dataType" : "Coded",
    "answers" : [ {
      "name" : "Yes",
      "uuid" : "04bb1773-c353-44a1-a68c-9b448e07ff70",
      "dataType" : "NA",
      "answers" : [ ],
      "order" : 1.0,
      "active" : true
    }, {
      "name" : "No",
      "uuid" : "e7b50c78-3d90-484d-a224-9887887780dc",
      "dataType" : "NA",
      "answers" : [ ],
      "order" : 2.0,
      "active" : true
    } ],
    "active" : true
  }, {
    "name" : "Weight for age z-score",
    "uuid" : "c5f418f8-af4a-4a10-a70d-54f088c6a8c6",
    "dataType" : "Numeric",
    "answers" : [ ],
    "lowNormal" : -2.0,
    "highNormal" : 2.0,
    "active" : true
  }, {
    "name" : "Height for age Status",
    "uuid" : "b1d2ec00-9ad0-408e-b1f2-e73e7e2e63d1",
    "dataType" : "Coded",
    "answers" : [ {
      "name" : "Severely stunted",
      "uuid" : "b2ecbfc6-6403-4812-8fd0-3376e2dd173f",
      "dataType" : "NA",
      "answers" : [ ],
      "order" : 3.0,
      "abnormal" : true,
      "active" : true
    }, {
      "name" : "Stunted",
      "uuid" : "a479eac6-bb14-47e2-a9a6-76f2839ace32",
      "dataType" : "NA",
      "answers" : [ ],
      "order" : 2.0,
      "abnormal" : true,
      "active" : true
    }, {
      "name" : "Normal",
      "uuid" : "ba43b326-18a1-4f8d-ad04-29b0371461e0",
      "dataType" : "NA",
      "answers" : [ ],
      "order" : 1.0,
      "active" : true
    } ],
    "active" : true
  } ]
}