{
  "name" : "Child Enrolment",
  "uuid" : "1608c2c0-0334-41a6-aab0-5c61ea1eb069",
  "formType" : "ProgramEnrolment",
  "formElementGroups" : [ {
    "uuid" : "062ffc31-c311-485b-baf3-d5a95d10e97c",
    "name" : "Basic Details",
    "displayOrder" : 1.0,
    "formElements" : [ {
      "name" : "Birth Weight",
      "uuid" : "03daf5f7-9689-4eaa-a1f3-c95b609329b5",
      "keyValues" : [ ],
      "concept" : {
        "name" : "Birth Weight",
        "uuid" : "7ff327c5-8678-41e3-af39-c86f214c6f14",
        "dataType" : "Numeric",
        "answers" : [ ],
        "lowNormal" : 2.5,
        "active" : true
      },
      "displayOrder" : 1.0,
      "type" : "SingleSelect",
      "voided" : true,
      "mandatory" : false
    }, {
      "name" : "Birth Defects",
      "uuid" : "0e656272-03c2-41a9-8935-60444909082f",
      "keyValues" : [ ],
      "concept" : {
        "name" : "Birth Defects",
        "uuid" : "408ce177-eac2-4103-8b5e-3f8bc67bea2b",
        "dataType" : "Coded",
        "answers" : [ {
          "name" : "Cleft Palate",
          "uuid" : "bb2f528c-3cd2-44ee-9542-474d06376596",
          "dataType" : "NA",
          "answers" : [ ],
          "order" : 2.0,
          "active" : true
        }, {
          "name" : "None",
          "uuid" : "ebda5e05-a995-43ca-ad1a-30af3b937539",
          "dataType" : "NA",
          "answers" : [ ],
          "order" : 15.0,
          "unique" : true,
          "active" : true
        }, {
          "name" : "Club foot",
          "uuid" : "03b3682a-0d96-4de9-bec7-31e71facd14c",
          "dataType" : "NA",
          "answers" : [ ],
          "order" : 12.0,
          "active" : true
        }, {
          "name" : "Undescended Testicle",
          "uuid" : "6cff00cb-9998-4041-a65b-2d1247a14103",
          "dataType" : "NA",
          "answers" : [ ],
          "order" : 6.0,
          "active" : true
        }, {
          "name" : "Umbilical Hernia",
          "uuid" : "ed5e316a-8995-4de6-ad2e-65a683993624",
          "dataType" : "NA",
          "answers" : [ ],
          "order" : 3.0,
          "active" : true
        }, {
          "name" : "Down's syndrome",
          "uuid" : "ef94187b-fd61-4052-8c46-0d9053b07171",
          "dataType" : "NA",
          "answers" : [ ],
          "order" : 13.0,
          "active" : true
        }, {
          "name" : "Other",
          "uuid" : "05ea583c-51d2-412d-ad00-06c432ffe538",
          "dataType" : "NA",
          "answers" : [ ],
          "order" : 14.0,
          "active" : true
        }, {
          "name" : "Congenital Heart disease (Patent Dutus arteriosus or Coarctation(narrowing) of aorta)",
          "uuid" : "8cb3a07a-ccfb-41a3-a975-3b40ce01c368",
          "dataType" : "NA",
          "answers" : [ ],
          "order" : 8.0,
          "active" : true
        }, {
          "name" : "Inguinal Hernia",
          "uuid" : "24084b76-e772-4360-a60a-426dce8d7ebb",
          "dataType" : "NA",
          "answers" : [ ],
          "order" : 4.0,
          "active" : true
        }, {
          "name" : "Congenital deafness",
          "uuid" : "ff071de9-d145-4704-b4f2-fb91c513cf81",
          "dataType" : "NA",
          "answers" : [ ],
          "order" : 11.0,
          "active" : true
        }, {
          "name" : "Congenital Cataract",
          "uuid" : "a591d7ea-38b5-4a82-967e-bc751fe298eb",
          "dataType" : "NA",
          "answers" : [ ],
          "order" : 10.0,
          "active" : true
        }, {
          "name" : "Hypospadias",
          "uuid" : "3c782841-6bad-460d-b765-5e1c5ffd5da7",
          "dataType" : "NA",
          "answers" : [ ],
          "order" : 7.0,
          "active" : true
        }, {
          "name" : "neural tube defects",
          "uuid" : "995481b1-e68b-4abb-b774-4fe6c016f5d2",
          "dataType" : "NA",
          "answers" : [ ],
          "order" : 9.0,
          "active" : true
        }, {
          "name" : "Cleft Lip",
          "uuid" : "2f9cd5ed-4434-4df6-ba6e-710b05e15451",
          "dataType" : "NA",
          "answers" : [ ],
          "order" : 1.0,
          "active" : true
        }, {
          "name" : "Hydrocele",
          "uuid" : "9e6fb895-6742-4cd8-9f61-522c37360c60",
          "dataType" : "NA",
          "answers" : [ ],
          "order" : 5.0,
          "active" : true
        } ],
        "active" : true
      },
      "displayOrder" : 2.0,
      "type" : "MultiSelect",
      "voided" : true,
      "mandatory" : false
    }, {
      "name" : "Registration at",
      "uuid" : "59903bac-e82a-42d0-b9b5-344769e26301",
      "keyValues" : [ ],
      "concept" : {
        "name" : "Registration at",
        "uuid" : "7a67c0ed-0cfc-4025-b479-5c14330c9f87",
        "dataType" : "Coded",
        "answers" : [ {
          "name" : "Birth",
          "uuid" : "46bc3a4b-bc43-42b5-a990-18fdaefa9a8b",
          "dataType" : "NA",
          "answers" : [ ],
          "order" : 1.0,
          "active" : true
        }, {
          "name" : "In migration",
          "uuid" : "e9e0c7f4-9de8-42c8-901b-c228ea18b92c",
          "dataType" : "NA",
          "answers" : [ ],
          "order" : 2.0,
          "active" : true
        }, {
          "name" : "Retrospective registration",
          "uuid" : "2c566f57-61c8-41eb-91db-9c8adf011819",
          "dataType" : "NA",
          "answers" : [ ],
          "order" : 3.0,
          "active" : true
        } ],
        "active" : true
      },
      "displayOrder" : 3.0,
      "type" : "SingleSelect",
      "voided" : true,
      "mandatory" : false
    }, {
      "name" : "Are you registering child at birth?",
      "uuid" : "7770dcf2-c2c4-4161-b442-c779ab9725e2",
      "keyValues" : [ ],
      "concept" : {
        "name" : "Registration at child birth",
        "uuid" : "1ae1338b-fa7f-40c0-b11a-232531eb5919",
        "dataType" : "Coded",
        "answers" : [ {
          "name" : "No",
          "uuid" : "e7b50c78-3d90-484d-a224-9887887780dc",
          "dataType" : "NA",
          "answers" : [ ],
          "order" : 1.0,
          "active" : true
        }, {
          "name" : "Yes",
          "uuid" : "04bb1773-c353-44a1-a68c-9b448e07ff70",
          "dataType" : "NA",
          "answers" : [ ],
          "order" : 2.0,
          "active" : true
        } ],
        "active" : true
      },
      "displayOrder" : 4.0,
      "type" : "SingleSelect",
      "voided" : true,
      "mandatory" : true
    }, {
      "name" : "Provide current weight",
      "uuid" : "148d49f3-84ca-4d5d-b89b-7dd8b7d7a902",
      "keyValues" : [ ],
      "concept" : {
        "name" : "Weight",
        "uuid" : "75b1656e-2777-4753-9612-ce03a766a5e1",
        "dataType" : "Numeric",
        "answers" : [ ],
        "lowAbsolute" : 0.0,
        "highAbsolute" : 300.0,
        "lowNormal" : 1.0,
        "highNormal" : 100.0,
        "active" : true
      },
      "displayOrder" : 5.0,
      "type" : "SingleSelect",
      "voided" : true,
      "mandatory" : true
    }, {
      "name" : "Provide birth weight",
      "uuid" : "f5a4cf17-0b36-41e4-a3b9-6019d67bc7ae",
      "keyValues" : [ ],
      "concept" : {
        "name" : "Birth Weight",
        "uuid" : "7ff327c5-8678-41e3-af39-c86f214c6f14",
        "dataType" : "Numeric",
        "answers" : [ ],
        "lowNormal" : 2.5,
        "active" : true
      },
      "displayOrder" : 6.0,
      "type" : "SingleSelect",
      "voided" : true,
      "mandatory" : false
    }, {
      "name" : "Enrol to",
      "uuid" : "f6edd6de-4019-4d92-aff1-30ee2a68f970",
      "keyValues" : [ ],
      "concept" : {
        "name" : "Phulwari",
        "uuid" : "6129d59e-17ee-4e0d-a48d-df00b0df326b",
        "dataType" : "Coded",
        "answers" : [ {
          "name" : "Konhatola",
          "uuid" : "77c0f817-f1d2-4335-a075-abcddbd9208f",
          "dataType" : "NA",
          "answers" : [ ],
          "order" : 51.0,
          "active" : true,
          "keyValues" : [ {
            "key" : "village",
            "value" : "Konhatola"
          } ]
        }, {
          "name" : "Gondi phulwari",
          "uuid" : "e40b4df1-803a-4543-ab8d-7d623acce432",
          "dataType" : "NA",
          "answers" : [ ],
          "order" : 74.0,
          "active" : true,
          "keyValues" : [ {
            "key" : "village",
            "value" : "Gondi"
          } ]
        }, {
          "name" : "Mandlantola",
          "uuid" : "43b961f0-56f2-452f-a8b1-c87db28f3be8",
          "dataType" : "NA",
          "answers" : [ ],
          "order" : 55.0,
          "active" : true,
          "keyValues" : [ {
            "key" : "village",
            "value" : "Ledhra"
          } ]
        }, {
          "name" : "Ramtola",
          "uuid" : "4a31cd46-3374-433a-97c4-e4ab3f1110cf",
          "dataType" : "NA",
          "answers" : [ ],
          "order" : 23.0,
          "active" : true,
          "keyValues" : [ {
            "key" : "village",
            "value" : "Sarai (Near Tarang)"
          } ]
        }, {
          "name" : "Prem Nagar",
          "uuid" : "27c4b773-a0eb-4bfe-a5c9-bcfaca5a09cd",
          "dataType" : "NA",
          "answers" : [ ],
          "order" : 42.0,
          "active" : true,
          "keyValues" : [ {
            "key" : "village",
            "value" : "Salar Gondi"
          } ]
        }, {
          "name" : "Lukantola",
          "uuid" : "66ba19bf-c2b3-495c-964d-8a0d7cfa686d",
          "dataType" : "NA",
          "answers" : [ ],
          "order" : 47.0,
          "active" : true,
          "keyValues" : [ {
            "key" : "village",
            "value" : "Debridadar"
          } ]
        }, {
          "name" : "Diwantola",
          "uuid" : "c8949750-744a-49d9-8d43-aab3e1fcad72",
          "dataType" : "NA",
          "answers" : [ ],
          "order" : 61.0,
          "active" : true,
          "keyValues" : [ {
            "key" : "village",
            "value" : "Salargondi"
          } ]
        }, {
          "name" : "Nagula",
          "uuid" : "63879021-7aad-45b7-83fe-7c4b89acb617",
          "dataType" : "NA",
          "answers" : [ ],
          "order" : 66.0,
          "active" : true,
          "keyValues" : [ {
            "key" : "village",
            "value" : "temp10,Bicharpur,Manjhetola"
          } ]
        }, {
          "name" : "Dongritola",
          "uuid" : "3bb72aab-eca5-494a-b5da-bf04f784adf1",
          "dataType" : "NA",
          "answers" : [ ],
          "order" : 2.0,
          "active" : true,
          "keyValues" : [ {
            "key" : "village",
            "value" : "Jaithari"
          } ]
        }, {
          "name" : "Schooltola",
          "uuid" : "6088b28d-1218-4e52-8243-e9e28b1be59c",
          "dataType" : "NA",
          "answers" : [ ],
          "order" : 15.0,
          "active" : true,
          "keyValues" : [ {
            "key" : "village",
            "value" : "Bijora,Jairhi,Padri (near Chaura Dadar),Bijapuri No.2,Karaunda Pani,Daldali,Kodar Village,Chirpani,Dabhaniya,Amoda"
          } ]
        }, {
          "name" : "Pakripani",
          "uuid" : "2f7676f2-eecf-4e2f-9cdd-4bf6a5f52d82",
          "dataType" : "NA",
          "answers" : [ ],
          "order" : 57.0,
          "active" : true,
          "keyValues" : [ {
            "key" : "village",
            "value" : "Pakripani"
          } ]
        }, {
          "name" : "Tagritola",
          "uuid" : "f2f3c0e6-2f71-46c9-bd4d-3364d66d34e4",
          "dataType" : "NA",
          "answers" : [ ],
          "order" : 13.0,
          "active" : true,
          "keyValues" : [ {
            "key" : "village",
            "value" : "BulhuPani"
          } ]
        }, {
          "name" : "Maharantola",
          "uuid" : "7105f451-f5c5-41fa-9124-cf71a3a1f313",
          "dataType" : "NA",
          "answers" : [ ],
          "order" : 48.0,
          "active" : true,
          "keyValues" : [ {
            "key" : "village",
            "value" : "Lamsarai (Near Keshwani),Lamsarai"
          } ]
        }, {
          "name" : "Khalebhanvar",
          "uuid" : "dfb30c2b-7875-459d-9ebd-6b8eed70e9fc",
          "dataType" : "NA",
          "answers" : [ ],
          "order" : 19.0,
          "active" : true,
          "keyValues" : [ {
            "key" : "village",
            "value" : "Khalebhanvar"
          } ]
        }, {
          "name" : "Semartola",
          "uuid" : "396299ba-bdee-4b76-8801-3cf8f8e23675",
          "dataType" : "NA",
          "answers" : [ ],
          "order" : 59.0,
          "active" : true,
          "keyValues" : [ {
            "key" : "village",
            "value" : "Bijapuri No.2,Dudhmania"
          } ]
        }, {
          "name" : "Upartola",
          "uuid" : "7a72371a-7a29-4c2e-a909-53abc8552ba7",
          "dataType" : "NA",
          "answers" : [ ],
          "order" : 16.0,
          "active" : true,
          "keyValues" : [ {
            "key" : "village",
            "value" : "Khirni,Bakantola"
          } ]
        }, {
          "name" : "Belhaitola",
          "uuid" : "e7d09f77-b2b4-4c3e-950c-940844de3bb7",
          "dataType" : "NA",
          "answers" : [ ],
          "order" : 44.0,
          "active" : true,
          "keyValues" : [ {
            "key" : "village",
            "value" : "Dona"
          } ]
        }, {
          "name" : "Jarwahi",
          "uuid" : "8dfd8e77-3a0b-4409-aad4-2e12e865f2cd",
          "dataType" : "NA",
          "answers" : [ ],
          "order" : 58.0,
          "active" : true,
          "keyValues" : [ {
            "key" : "village",
            "value" : "Jarwahi"
          } ]
        }, {
          "name" : "Piparhatola",
          "uuid" : "cb7fe53c-1ef9-419b-ac29-e1a06f3020ad",
          "dataType" : "NA",
          "answers" : [ ],
          "order" : 9.0,
          "active" : true,
          "keyValues" : [ {
            "key" : "village",
            "value" : "Piparaha (Near Chaura Dadar)"
          } ]
        }, {
          "name" : "Karoundi",
          "uuid" : "e4986ae7-e114-4e74-bd54-095146dc7798",
          "dataType" : "NA",
          "answers" : [ ],
          "order" : 39.0,
          "active" : true,
          "keyValues" : [ {
            "key" : "village",
            "value" : "Karoundi"
          } ]
        }, {
          "name" : "Khodratola",
          "uuid" : "3f6763eb-0082-44bd-8ceb-2ad991dff4a3",
          "dataType" : "NA",
          "answers" : [ ],
          "order" : 5.0,
          "active" : true,
          "keyValues" : [ {
            "key" : "village",
            "value" : "Sital pani"
          } ]
        }, {
          "name" : "Batiya",
          "uuid" : "d9cd5cb5-5d14-4d00-90aa-17f31d91c98e",
          "dataType" : "NA",
          "answers" : [ ],
          "order" : 34.0,
          "active" : true,
          "keyValues" : [ {
            "key" : "village",
            "value" : "Batiya"
          } ]
        }, {
          "name" : "Baghad",
          "uuid" : "a144578b-fd97-472e-8243-14e4bab01499",
          "dataType" : "NA",
          "answers" : [ ],
          "order" : 76.0,
          "active" : true,
          "keyValues" : [ {
            "key" : "village",
            "value" : "Baghad"
          } ]
        }, {
          "name" : "Manjhetola",
          "uuid" : "a6df964e-e24f-46f9-b9ca-00a090aa55f4",
          "dataType" : "NA",
          "answers" : [ ],
          "order" : 36.0,
          "active" : true,
          "keyValues" : [ {
            "key" : "village",
            "value" : "Lamsarai (Near Keshwani),Lamsarai,Uprikhurd,Manjhetola"
          } ]
        }, {
          "name" : "School tola",
          "uuid" : "9a9506bc-5650-49dd-bb59-ef8f92c4651c",
          "dataType" : "NA",
          "answers" : [ ],
          "order" : 52.0,
          "active" : true,
          "keyValues" : [ {
            "key" : "village",
            "value" : "Bartola"
          } ]
        }, {
          "name" : "Peepaltola",
          "uuid" : "e48d6a13-c467-4095-b057-8a14357a6442",
          "dataType" : "NA",
          "answers" : [ ],
          "order" : 25.0,
          "active" : true,
          "keyValues" : [ {
            "key" : "village",
            "value" : "Tarang,BulhuPani"
          } ]
        }, {
          "name" : "Kharsolihantola",
          "uuid" : "f65ff638-9ab6-418b-8615-6b672e64b63c",
          "dataType" : "NA",
          "answers" : [ ],
          "order" : 30.0,
          "active" : true,
          "keyValues" : [ {
            "key" : "village",
            "value" : "Badi Tumi"
          } ]
        }, {
          "name" : "Mandir tola",
          "uuid" : "2558d954-56fb-4d35-a7f9-1dc9ad4f9df1",
          "dataType" : "NA",
          "answers" : [ ],
          "order" : 65.0,
          "active" : true,
          "keyValues" : [ {
            "key" : "village",
            "value" : "Khamroud Village"
          } ]
        }, {
          "name" : "Samudayik Bhavan",
          "uuid" : "d0da4dc0-b5fc-4c09-bcf0-ea9619af51a1",
          "dataType" : "NA",
          "answers" : [ ],
          "order" : 20.0,
          "active" : true,
          "keyValues" : [ {
            "key" : "village",
            "value" : "Tankitola"
          } ]
        }, {
          "name" : "Ghurritola",
          "uuid" : "e711b578-1868-4044-8919-7be99b33dcc9",
          "dataType" : "NA",
          "answers" : [ ],
          "order" : 63.0,
          "active" : true,
          "keyValues" : [ {
            "key" : "village",
            "value" : "Ghurritola"
          } ]
        }, {
          "name" : "Hathbandha tola",
          "uuid" : "a55d6134-0271-44cb-bb04-fecd6691621c",
          "dataType" : "NA",
          "answers" : [ ],
          "order" : 0.0,
          "active" : true,
          "keyValues" : [ {
            "key" : "village",
            "value" : "Hathbandha"
          } ]
        }, {
          "name" : "Bhayantola",
          "uuid" : "19b78ed5-384a-4c83-b840-4f6f43e25057",
          "dataType" : "NA",
          "answers" : [ ],
          "order" : 64.0,
          "active" : true,
          "keyValues" : [ {
            "key" : "village",
            "value" : "Ufrikala"
          } ]
        }, {
          "name" : "Washing dongari",
          "uuid" : "fd46d7a5-deda-4cd8-b5b0-8b72944a4fe3",
          "dataType" : "NA",
          "answers" : [ ],
          "order" : 68.0,
          "active" : true,
          "keyValues" : [ {
            "key" : "village",
            "value" : "Washing dongari"
          } ]
        }, {
          "name" : "Harradadar",
          "uuid" : "347ca768-9a87-4481-a19c-164040e74ab8",
          "dataType" : "NA",
          "answers" : [ ],
          "order" : 49.0,
          "active" : true,
          "keyValues" : [ {
            "key" : "village",
            "value" : "Harradadar"
          } ]
        }, {
          "name" : "Londa",
          "uuid" : "64d95a39-d030-4151-bbd2-30515e480109",
          "dataType" : "NA",
          "answers" : [ ],
          "order" : 70.0,
          "active" : true,
          "keyValues" : [ {
            "key" : "village",
            "value" : "Ramna no 02"
          } ]
        }, {
          "name" : "Panchayat Bhavan",
          "uuid" : "5c63b245-c2e9-4b36-9d7c-04f8843ea75e",
          "dataType" : "NA",
          "answers" : [ ],
          "order" : 27.0,
          "active" : true,
          "keyValues" : [ {
            "key" : "village",
            "value" : "Khamroud Village"
          } ]
        }, {
          "name" : "Bhuratola",
          "uuid" : "1f525932-240a-468b-a21b-74056e86570a",
          "dataType" : "NA",
          "answers" : [ ],
          "order" : 50.0,
          "active" : true,
          "keyValues" : [ {
            "key" : "village",
            "value" : "Bhuratola"
          } ]
        }, {
          "name" : "Karhaitola",
          "uuid" : "94c30041-4cc9-46f8-9997-e71f7e4e0c04",
          "dataType" : "NA",
          "answers" : [ ],
          "order" : 10.0,
          "active" : true,
          "keyValues" : [ {
            "key" : "village",
            "value" : "Dona"
          } ]
        }, {
          "name" : "Mahuatola",
          "uuid" : "7a6a9650-2291-44be-8326-3449b94349b1",
          "dataType" : "NA",
          "answers" : [ ],
          "order" : 28.0,
          "active" : true,
          "keyValues" : [ {
            "key" : "village",
            "value" : "Thunguni"
          } ]
        }, {
          "name" : "Rajhantola",
          "uuid" : "dbdc65c6-b954-461a-a5e8-27aa0ecc8753",
          "dataType" : "NA",
          "answers" : [ ],
          "order" : 41.0,
          "active" : true,
          "keyValues" : [ {
            "key" : "village",
            "value" : "Alwar Village"
          } ]
        }, {
          "name" : "Payari",
          "uuid" : "e94e33c6-776a-484c-9a99-78eba5b15b52",
          "dataType" : "NA",
          "answers" : [ ],
          "order" : 17.0,
          "active" : true,
          "keyValues" : [ {
            "key" : "village",
            "value" : "Payari"
          } ]
        }, {
          "name" : "Baigantola",
          "uuid" : "3c37178b-bfe5-426d-9a90-9ced65946fec",
          "dataType" : "NA",
          "answers" : [ ],
          "order" : 26.0,
          "active" : true,
          "keyValues" : [ {
            "key" : "village",
            "value" : "Khamroud Village"
          } ]
        }, {
          "name" : "Rakhital",
          "uuid" : "68bd6982-7a68-4019-a1cf-a66b6dc53537",
          "dataType" : "NA",
          "answers" : [ ],
          "order" : 72.0,
          "active" : true,
          "keyValues" : [ {
            "key" : "village",
            "value" : "Rakhital"
          } ]
        }, {
          "name" : "Belapani",
          "uuid" : "8da98038-89f9-40e9-a2a4-8b7bdc47bddf",
          "dataType" : "NA",
          "answers" : [ ],
          "order" : 62.0,
          "active" : true,
          "keyValues" : [ {
            "key" : "village",
            "value" : "Belapani"
          } ]
        }, {
          "name" : "Pakhatola",
          "uuid" : "c145312b-72c3-418a-8056-db2c530f62c5",
          "dataType" : "NA",
          "answers" : [ ],
          "order" : 60.0,
          "active" : true,
          "keyValues" : [ {
            "key" : "village",
            "value" : "Pakhatola"
          } ]
        }, {
          "name" : "Talvatola",
          "uuid" : "4e0055f8-f4c9-44b2-95c3-6d0293db52c2",
          "dataType" : "NA",
          "answers" : [ ],
          "order" : 3.0,
          "active" : true,
          "keyValues" : [ {
            "key" : "village",
            "value" : "Tithi"
          } ]
        }, {
          "name" : "Chhatenitola",
          "uuid" : "1f51ed3b-cd8c-4054-aa0d-7a12499707ed",
          "dataType" : "NA",
          "answers" : [ ],
          "order" : 4.0,
          "active" : true,
          "keyValues" : [ {
            "key" : "village",
            "value" : "Tarera"
          } ]
        }, {
          "name" : "Pateratola",
          "uuid" : "ff7909f8-733d-4578-acfb-edfa02fb4042",
          "dataType" : "NA",
          "answers" : [ ],
          "order" : 32.0,
          "active" : true,
          "keyValues" : [ {
            "key" : "village",
            "value" : "Padmania Village"
          } ]
        }, {
          "name" : "Katurdona",
          "uuid" : "5bcb0fd9-4d77-4783-97b3-59809ad52ada",
          "dataType" : "NA",
          "answers" : [ ],
          "order" : 18.0,
          "active" : true,
          "keyValues" : [ {
            "key" : "village",
            "value" : "Katurdona"
          } ]
        }, {
          "name" : "Aamatola",
          "uuid" : "d67d31a8-d76b-4d28-a623-9c23a0052e66",
          "dataType" : "NA",
          "answers" : [ ],
          "order" : 35.0,
          "active" : true,
          "keyValues" : [ {
            "key" : "village",
            "value" : "Adwar"
          } ]
        }, {
          "name" : "Navatola",
          "uuid" : "d5a2bc00-c31c-431a-8a10-78c07c2ff9f3",
          "dataType" : "NA",
          "answers" : [ ],
          "order" : 56.0,
          "active" : true,
          "keyValues" : [ {
            "key" : "village",
            "value" : "Navatola"
          } ]
        }, {
          "name" : "Jarratola",
          "uuid" : "5af5ed69-44e9-4d65-b73f-7425507b462e",
          "dataType" : "NA",
          "answers" : [ ],
          "order" : 11.0,
          "active" : true,
          "keyValues" : [ {
            "key" : "village",
            "value" : "Mithu mahua"
          } ]
        }, {
          "name" : "Talwa tola",
          "uuid" : "2c6b97b9-d1a5-4a8d-a9aa-52f199b8a445",
          "dataType" : "NA",
          "answers" : [ ],
          "order" : 37.0,
          "active" : true,
          "keyValues" : [ {
            "key" : "village",
            "value" : "Kui,Ghata"
          } ]
        }, {
          "name" : "Old anganwadi kendra",
          "uuid" : "842c435e-d3e1-4ab2-b7e4-aa286f7ae76c",
          "dataType" : "NA",
          "answers" : [ ],
          "order" : 6.0,
          "active" : true,
          "keyValues" : [ {
            "key" : "village",
            "value" : "Sarfa"
          } ]
        }, {
          "name" : "Amadhar tola",
          "uuid" : "e989447a-7d98-49bb-a063-62a73ff16d48",
          "dataType" : "NA",
          "answers" : [ ],
          "order" : 69.0,
          "active" : true,
          "keyValues" : [ {
            "key" : "village",
            "value" : "Padmania"
          } ]
        }, {
          "name" : "Saraihatola",
          "uuid" : "8ccf6514-6e9f-4ca8-a01b-d3f0fad445da",
          "dataType" : "NA",
          "answers" : [ ],
          "order" : 33.0,
          "active" : true,
          "keyValues" : [ {
            "key" : "village",
            "value" : "Gijri"
          } ]
        }, {
          "name" : "Beechtola",
          "uuid" : "25675274-ac62-4d99-b7c3-b88bc45c9bc8",
          "dataType" : "NA",
          "answers" : [ ],
          "order" : 1.0,
          "active" : true,
          "keyValues" : [ {
            "key" : "village",
            "value" : "Ahirgawan"
          } ]
        }, {
          "name" : "Bhaisan",
          "uuid" : "4b086321-f60c-4493-8166-6b7414263823",
          "dataType" : "NA",
          "answers" : [ ],
          "order" : 73.0,
          "active" : true,
          "keyValues" : [ {
            "key" : "village",
            "value" : "Bhaisan"
          } ]
        }, {
          "name" : "Doomartola",
          "uuid" : "de208ce6-9e7f-464f-b79f-5e896e935976",
          "dataType" : "NA",
          "answers" : [ ],
          "order" : 53.0,
          "active" : true,
          "keyValues" : [ {
            "key" : "village",
            "value" : "Doomartola"
          } ]
        }, {
          "name" : "Panikantola",
          "uuid" : "165169b4-e84a-41da-9590-65069eb21a07",
          "dataType" : "NA",
          "answers" : [ ],
          "order" : 67.0,
          "active" : true,
          "keyValues" : [ {
            "key" : "village",
            "value" : "Panikantola"
          } ]
        }, {
          "name" : "Chatua 2",
          "uuid" : "1eb48800-2315-45df-97fd-5eb5d44746f7",
          "dataType" : "NA",
          "answers" : [ ],
          "order" : 22.0,
          "active" : true,
          "keyValues" : [ {
            "key" : "village",
            "value" : "Chatua (Anuppur)"
          } ]
        }, {
          "name" : "Upar tola",
          "uuid" : "b4058ed8-cecd-4b1b-8310-1cdd85b4c70e",
          "dataType" : "NA",
          "answers" : [ ],
          "order" : 43.0,
          "active" : true,
          "keyValues" : [ {
            "key" : "village",
            "value" : "Sarai Paterra"
          } ]
        }, {
          "name" : "Chatua",
          "uuid" : "ab88a8fa-8e83-463e-ac58-602cf9775341",
          "dataType" : "NA",
          "answers" : [ ],
          "order" : 21.0,
          "active" : true,
          "keyValues" : [ {
            "key" : "village",
            "value" : "Chatua (Anuppur)"
          } ]
        }, {
          "name" : "Barbaspur",
          "uuid" : "e9aabe6c-855f-47be-9f25-d61d5b1c13bf",
          "dataType" : "NA",
          "answers" : [ ],
          "order" : 71.0,
          "active" : true,
          "keyValues" : [ {
            "key" : "village",
            "value" : "Barbaspur"
          } ]
        }, {
          "name" : "Bharratola",
          "uuid" : "31cdf3f0-7bf3-48a2-aa33-b313b5f5e4bf",
          "dataType" : "NA",
          "answers" : [ ],
          "order" : 54.0,
          "active" : true,
          "keyValues" : [ {
            "key" : "village",
            "value" : "Bicharpur"
          } ]
        }, {
          "name" : "Majhuatola",
          "uuid" : "26f411f9-5f2c-45d6-9a12-e17855a59270",
          "dataType" : "NA",
          "answers" : [ ],
          "order" : 31.0,
          "active" : true,
          "keyValues" : [ {
            "key" : "village",
            "value" : "Majhauli"
          } ]
        }, {
          "name" : "Bairagi",
          "uuid" : "4564c552-f3c7-4807-ae5a-09f9b48970b2",
          "dataType" : "NA",
          "answers" : [ ],
          "order" : 75.0,
          "active" : true,
          "keyValues" : [ {
            "key" : "village",
            "value" : "Bairagi village"
          } ]
        }, {
          "name" : "Dadra Silvari",
          "uuid" : "e1947382-e6a2-4e30-8eee-a1f176cb49ef",
          "dataType" : "NA",
          "answers" : [ ],
          "order" : 7.0,
          "active" : true,
          "keyValues" : [ {
            "key" : "village",
            "value" : "Dadra Silvari"
          } ]
        }, {
          "name" : "Old panchayat bhavan",
          "uuid" : "5ef20a99-7cf2-4ca7-b65c-3d92be1a1a30",
          "dataType" : "NA",
          "answers" : [ ],
          "order" : 12.0,
          "active" : true,
          "keyValues" : [ {
            "key" : "village",
            "value" : "Khumni"
          } ]
        }, {
          "name" : "Bhadratola",
          "uuid" : "cc596d52-e0af-4475-a8a2-bf278891615b",
          "dataType" : "NA",
          "answers" : [ ],
          "order" : 40.0,
          "active" : true,
          "keyValues" : [ {
            "key" : "village",
            "value" : "Alwar Village,Lamsarai"
          } ]
        }, {
          "name" : "Kairhai tola",
          "uuid" : "d7b9b3db-f4d1-42e0-a4d7-2e87b35c3a27",
          "dataType" : "NA",
          "answers" : [ ],
          "order" : 45.0,
          "active" : true,
          "keyValues" : [ {
            "key" : "village",
            "value" : "Kharsol"
          } ]
        }, {
          "name" : "Panika",
          "uuid" : "301e4561-261a-4b55-bc2e-3a969bf5d0a5",
          "dataType" : "NA",
          "answers" : [ ],
          "order" : 14.0,
          "active" : true,
          "keyValues" : [ {
            "key" : "village",
            "value" : "Ahirgawan"
          } ]
        }, {
          "name" : "Hathbandha",
          "uuid" : "4aec9c83-849c-4b26-97d1-ffed9ac04d9b",
          "dataType" : "NA",
          "answers" : [ ],
          "order" : 38.0,
          "active" : true,
          "keyValues" : [ {
            "key" : "village",
            "value" : "Hathbandha"
          } ]
        }, {
          "name" : "Goratola",
          "uuid" : "3d46d442-4568-4127-8c64-59dd2c4bfe99",
          "dataType" : "NA",
          "answers" : [ ],
          "order" : 24.0,
          "active" : true,
          "keyValues" : [ {
            "key" : "village",
            "value" : "Sarai (Near Tarang)"
          } ]
        }, {
          "name" : "Tikratola",
          "uuid" : "92dde0ce-5c31-4812-9bc3-477361001359",
          "dataType" : "NA",
          "answers" : [ ],
          "order" : 8.0,
          "active" : true,
          "keyValues" : [ {
            "key" : "village",
            "value" : "Mithu mahua,Neeche Silvari,Kodar Village,Udal,Picharwahi"
          } ]
        }, {
          "name" : "Bhumiyatola",
          "uuid" : "3fa4c8e5-72ab-4395-a564-46bfe0ff134e",
          "dataType" : "NA",
          "answers" : [ ],
          "order" : 29.0,
          "active" : true,
          "keyValues" : [ {
            "key" : "village",
            "value" : "Duradhar"
          } ]
        }, {
          "name" : "Moto tola",
          "uuid" : "153ed936-dc9d-41c2-b0f0-7980151e42ba",
          "dataType" : "NA",
          "answers" : [ ],
          "order" : 46.0,
          "active" : true,
          "keyValues" : [ {
            "key" : "village",
            "value" : "Gijri"
          } ]
        } ],
        "active" : true
      },
      "displayOrder" : 7.0,
      "type" : "SingleSelect",
      "rule" : "'use strict';\n({params, imports}) => {\n    const programEnrolment = params.entity;\n    const formElement = params.formElement;\n    const statusBuilder = new imports.rulesConfig.FormElementStatusBuilder({programEnrolment, formElement});\n    var allPhulwari = formElement.concept.getAnswers();\n    const village = programEnrolment.individual.lowestAddressLevel.name;\n    const phulwariesToRemove = [];\n    const _ = imports.lodash;\n    _.forEach(allPhulwari,phulwari=>{ const phulwariVillage = phulwari.concept.recordValueByKey('village');\n        if (phulwariVillage && !_.includes(phulwariVillage.split(','), village)) {\n            phulwariesToRemove.push(phulwari)\n        }});\n    statusBuilder.skipAnswers.apply(statusBuilder, phulwariesToRemove);\n    return statusBuilder.build();\n};",
      "voided" : true,
      "mandatory" : true
    }, {
      "name" : "Enrol to",
      "uuid" : "9cdcb20a-c501-4f81-a708-7563e6c2570e",
      "keyValues" : [ {
        "key" : "groupSubjectTypeUUID",
        "value" : "ea7e5c94-5e90-4288-803d-6a1aa9d80acd"
      }, {
        "key" : "groupSubjectRoleUUID",
        "value" : "d90c6d0e-028a-4d1a-a2c8-4aa8545ddc20"
      } ],
      "concept" : {
        "name" : "Phulwari group",
        "uuid" : "c8a8cee2-c22d-47ec-af22-299d9a360190",
        "dataType" : "GroupAffiliation",
        "answers" : [ ],
        "active" : true
      },
      "displayOrder" : 8.0,
      "type" : "SingleSelect",
      "rule" : "'use strict';\n({params, imports}) => {\n  const programEnrolment = params.entity;\n  const formElement = params.formElement;\n  const statusBuilder = new imports.rulesConfig.FormElementStatusBuilder({programEnrolment, formElement});\n  const _ = imports.lodash;\n  const individualService = params.services.individualService;\n  const phulwaris = individualService.getSubjectsInLocation(programEnrolment.individual.lowestAddressLevel, 'Phulwari');\n // console.log(\"phulwaris =>>>\", phulwaris);\n  const uuids = _.map(phulwaris, ({uuid}) => uuid);\n // console.log(\"uuids =>>>\", statusBuilder.showAnswers(...uuids));\n  statusBuilder.showAnswers(...uuids);\n  return statusBuilder.build();\n};",
      "mandatory" : true
    }, {
      "name" : "Enrolment ID",
      "uuid" : "cb2328f2-8245-446e-89ca-b6e2f58ea700",
      "keyValues" : [ {
        "key" : "IdSourceUUID",
        "value" : "e06c6c42-26e0-46c8-bbc4-19146fdb720c"
      } ],
      "concept" : {
        "name" : "Enrolment ID",
        "uuid" : "bdc60d4a-3c3f-4300-ab52-544252d41c1b",
        "dataType" : "Id",
        "answers" : [ ],
        "active" : true
      },
      "displayOrder" : 9.0,
      "type" : "SingleSelect",
      "rule" : "'use strict';\n({params, imports}) => {\n  const programEnrolment = params.entity;\n  const formElement = params.formElement;\n  const individualService = params.services.individualService;\n  const enrolmentID = programEnrolment.getObservationReadableValue('Enrolment ID') || '';\n  const _ = imports.lodash;\n  const phulwariName = _.get(_.find(params.entityContext.affiliatedGroups, ({voided}) => !voided), ['groupSubject', 'firstName'], '');\n  const regex = /[a-z,A-Z]{2}\\d+/;\n  const originalIdGroups = enrolmentID.match(regex);\n  if(_.isEmpty(originalIdGroups) || _.isEmpty(phulwariName)) {\n    return new imports.rulesConfig.FormElementStatus(formElement.uuid, false, enrolmentID);\n  }\n  const originalId = originalIdGroups[0];\n  const _getId = (str = '') => str.substring(0, 3).toUpperCase().replace(/\\s+/g, '');\n  const villageName = programEnrolment.individual.lowestAddressLevel.name;\n  const uniqueID = `${_getId(villageName)}${_getId(phulwariName)}${originalId}`;\n  return new imports.rulesConfig.FormElementStatus(formElement.uuid, !_.isEmpty(phulwariName), uniqueID);\n};",
      "mandatory" : true
    }, {
      "name" : "Weight",
      "uuid" : "b24b6e6c-6f3f-4587-b92a-5f707c4b53f7",
      "keyValues" : [ ],
      "concept" : {
        "name" : "Weight",
        "uuid" : "75b1656e-2777-4753-9612-ce03a766a5e1",
        "dataType" : "Numeric",
        "answers" : [ ],
        "lowAbsolute" : 0.0,
        "highAbsolute" : 300.0,
        "lowNormal" : 1.0,
        "highNormal" : 100.0,
        "active" : true
      },
      "displayOrder" : 10.0,
      "type" : "SingleSelect",
      "voided" : true,
      "mandatory" : false
    }, {
      "name" : "Bicep circumference",
      "uuid" : "3ebfad59-148a-4339-9f5d-addfe9180bd2",
      "keyValues" : [ ],
      "concept" : {
        "name" : "Bicep circumference",
        "uuid" : "241843cc-7753-4f8b-81a2-8f8911d38b2e",
        "dataType" : "Numeric",
        "answers" : [ ],
        "active" : true
      },
      "displayOrder" : 11.0,
      "type" : "SingleSelect",
      "voided" : true,
      "mandatory" : false
    }, {
      "name" : "Is the child still breastfeeding",
      "uuid" : "c0292f9b-61cf-4a29-99ec-15b027528a02",
      "keyValues" : [ ],
      "concept" : {
        "name" : "Is baby exclusively breastfeeding",
        "uuid" : "5a3b65c1-1647-47d0-ad66-d8b22722c472",
        "dataType" : "Coded",
        "answers" : [ {
          "name" : "No",
          "uuid" : "e7b50c78-3d90-484d-a224-9887887780dc",
          "dataType" : "NA",
          "answers" : [ ],
          "order" : 2.0,
          "abnormal" : true,
          "active" : true
        }, {
          "name" : "Yes",
          "uuid" : "04bb1773-c353-44a1-a68c-9b448e07ff70",
          "dataType" : "NA",
          "answers" : [ ],
          "order" : 1.0,
          "active" : true
        } ],
        "active" : true
      },
      "displayOrder" : 12.0,
      "type" : "SingleSelect",
      "mandatory" : true
    }, {
      "name" : "Any disabilities?",
      "uuid" : "3a7783ed-d7e7-4db2-b744-b38c8190d4c9",
      "keyValues" : [ ],
      "concept" : {
        "name" : "Is there any developmental delay or disability seen?",
        "uuid" : "cbcfdd44-dac8-435f-9cd9-35f20db1f367",
        "dataType" : "Coded",
        "answers" : [ {
          "name" : "Yes",
          "uuid" : "04bb1773-c353-44a1-a68c-9b448e07ff70",
          "dataType" : "NA",
          "answers" : [ ],
          "order" : 1.0,
          "abnormal" : true,
          "active" : true
        }, {
          "name" : "No",
          "uuid" : "e7b50c78-3d90-484d-a224-9887887780dc",
          "dataType" : "NA",
          "answers" : [ ],
          "order" : 2.0,
          "active" : true
        } ],
        "active" : true
      },
      "displayOrder" : 13.0,
      "type" : "SingleSelect",
      "voided" : true,
      "mandatory" : true
    }, {
      "name" : "Please select the disabilities",
      "uuid" : "762b351a-7d42-4400-bb94-8edf3617c023",
      "keyValues" : [ ],
      "concept" : {
        "name" : "Child Disabilities",
        "uuid" : "100cf9ac-313d-4d20-9968-6113deecbb26",
        "dataType" : "Coded",
        "answers" : [ {
          "name" : "None",
          "uuid" : "ebda5e05-a995-43ca-ad1a-30af3b937539",
          "dataType" : "NA",
          "answers" : [ ],
          "order" : 5.0,
          "unique" : true,
          "active" : true
        }, {
          "name" : "Feet",
          "uuid" : "63f3b16d-0ddd-49dc-86a2-3ac855b11ea2",
          "dataType" : "NA",
          "answers" : [ ],
          "order" : 2.0,
          "active" : true
        }, {
          "name" : "Hands",
          "uuid" : "f54ad2a1-3e1d-452f-8a97-54c9d806ab0c",
          "dataType" : "NA",
          "answers" : [ ],
          "order" : 1.0,
          "active" : true
        }, {
          "name" : "Other",
          "uuid" : "05ea583c-51d2-412d-ad00-06c432ffe538",
          "dataType" : "NA",
          "answers" : [ ],
          "order" : 4.0,
          "active" : true
        }, {
          "name" : "Mental",
          "uuid" : "121e3bd4-70b4-4c80-b188-3a3018556934",
          "dataType" : "NA",
          "answers" : [ ],
          "order" : 3.0,
          "active" : true
        } ],
        "active" : true
      },
      "displayOrder" : 14.0,
      "type" : "MultiSelect",
      "mandatory" : true
    }, {
      "name" : "Specify other disability",
      "uuid" : "461d4dac-d879-4c16-9e5b-fba44588e8e2",
      "keyValues" : [ ],
      "concept" : {
        "name" : "Other disability",
        "uuid" : "88a6bcbb-90b8-4ecb-8dfa-62ad871e3621",
        "dataType" : "Text",
        "answers" : [ ],
        "active" : true
      },
      "displayOrder" : 15.0,
      "type" : "SingleSelect",
      "rule" : "'use strict';\n({params, imports}) => {\n  const programEnrolment = params.entity;\n  const formElement = params.formElement;\n  const statusBuilder = new imports.rulesConfig.FormElementStatusBuilder({programEnrolment, formElement});\n  statusBuilder.show().when.valueInEnrolment(\"Child Disabilities\").containsAnswerConceptName(\"Other\");\n  return statusBuilder.build();\n};",
      "mandatory" : true
    }, {
      "name" : "Any chronic illness?",
      "uuid" : "27610477-b706-414d-9a3e-4ad5a6af50ff",
      "keyValues" : [ ],
      "concept" : {
        "name" : "Chronic Illness",
        "uuid" : "ab9df5ba-7ffc-45eb-8200-0e11ed291260",
        "dataType" : "Coded",
        "answers" : [ {
          "name" : "No",
          "uuid" : "e7b50c78-3d90-484d-a224-9887887780dc",
          "dataType" : "NA",
          "answers" : [ ],
          "order" : 2.0,
          "active" : true
        }, {
          "name" : "Yes",
          "uuid" : "04bb1773-c353-44a1-a68c-9b448e07ff70",
          "dataType" : "NA",
          "answers" : [ ],
          "order" : 1.0,
          "abnormal" : true,
          "active" : true
        } ],
        "active" : true
      },
      "displayOrder" : 16.0,
      "type" : "SingleSelect",
      "mandatory" : true
    }, {
      "name" : "Chronic illness",
      "uuid" : "bb0710a7-887c-4eea-a4c8-2c538a40ded3",
      "keyValues" : [ ],
      "concept" : {
        "name" : "Name of Disease",
        "uuid" : "ee71d898-53aa-4acb-943e-ecc1b16e6a6c",
        "dataType" : "Text",
        "answers" : [ ],
        "active" : true
      },
      "displayOrder" : 17.0,
      "type" : "SingleSelect",
      "rule" : "'use strict';\n({params, imports}) => {\n  const programEnrolment = params.entity;\n  const formElement = params.formElement;\n  const statusBuilder = new imports.rulesConfig.FormElementStatusBuilder({programEnrolment, formElement});\n  statusBuilder.show().when.valueInEnrolment(\"Chronic Illness\").containsAnswerConceptName(\"Yes\");\n  return statusBuilder.build();\n};",
      "mandatory" : true
    }, {
      "name" : "Enrolment ID",
      "uuid" : "3bdde0cc-1fa4-4511-8198-f8698d398b79",
      "keyValues" : [ ],
      "concept" : {
        "name" : "Phulwari group",
        "uuid" : "c8a8cee2-c22d-47ec-af22-299d9a360190",
        "dataType" : "GroupAffiliation",
        "answers" : [ ],
        "active" : true
      },
      "displayOrder" : 18.0,
      "type" : "SingleSelect",
      "rule" : "",
      "voided" : true,
      "mandatory" : true
    }, {
      "name" : "Day of the month to visit this Phulwari",
      "uuid" : "6f8de0cc-2cf5-4873-8f41-96cf6b8f0445",
      "keyValues" : [ ],
      "concept" : {
        "name" : "Day of month for growth monitoring visit",
        "uuid" : "8c607c63-25fb-4af1-984e-37dd1bae653d",
        "dataType" : "Numeric",
        "answers" : [ ],
        "lowAbsolute" : 15.0,
        "highAbsolute" : 30.0,
        "active" : true
      },
      "displayOrder" : 19.0,
      "type" : "SingleSelect",
      "voided" : true,
      "mandatory" : true
    } ],
    "display" : "Basic Details",
    "timed" : false
  } ],
  "decisionRule" : "",
  "visitScheduleRule" : "\"use strict\";\n({params, imports}) => {\n    const programEnrolment = params.entity;\n    const scheduleBuilder = new imports.rulesConfig.VisitScheduleBuilder({\n        programEnrolment\n    });\n    const moment = imports.moment;\n    const FEB = 1;\n    const AUG = 7;\n    const findSlots = (anyDate) => {\n        anyDate = moment(anyDate).startOf('day').toDate();\n        if (moment(anyDate).month() < FEB) {\n            return moment(anyDate).startOf('month').month(FEB).toDate();\n        }\n        if (moment(anyDate).month() === FEB) {\n            return anyDate;\n        }\n        if (moment(anyDate).month() < AUG) {\n            return moment(anyDate).startOf('month').month(AUG).toDate();\n        }\n        if (moment(anyDate).month() === AUG) {\n            return anyDate;\n        }\n        return moment(anyDate).add(1, 'year').month(FEB).startOf('month').toDate();\n    };\n    const getVisitSchedule = (_earliestDate) => {\n        let earliestDate = moment(_earliestDate).startOf('day').toDate();\n        let maxDate = moment(earliestDate).endOf('month').toDate();\n        if (moment(_earliestDate).month() === FEB) {\n            return {\n                name: 'Albendazole FEB',\n                encounterType: 'Albendazole',\n                earliestDate, maxDate,\n            }\n        }\n        return {\n            name: 'Albendazole AUG',\n            encounterType: 'Albendazole',\n            earliestDate, maxDate,\n        }\n    };\n    const earliestDate = programEnrolment.enrolmentDateTime;\n    const maxDate = programEnrolment.enrolmentDateTime;\n    \n    scheduleBuilder.add({\n            name: \"Growth Monitoring Visit\",\n            encounterType: \"Anthropometry Assessment\",\n            earliestDate: earliestDate,\n            maxDate: maxDate\n        }\n    );\n    scheduleBuilder.add(getVisitSchedule(findSlots(programEnrolment.enrolmentDateTime)));\n    return scheduleBuilder.getAllUnique(\"encounterType\");\n};",
  "validationRule" : "",
  "checklistsRule" : "",
  "decisionConcepts" : [ ]
}