{
  "name" : "Phulwari Attendance Registration",
  "uuid" : "19fc78d1-58d1-40ab-bf3e-deef43e01cf7",
  "formType" : "IndividualProfile",
  "formElementGroups" : [ {
    "uuid" : "d6179c8f-c412-429d-9bb8-0f5563c8b04f",
    "name" : "Visit details",
    "displayOrder" : 1.0,
    "formElements" : [ {
      "name" : "Day of the month to visit this Phulwari",
      "uuid" : "e82cf52a-94ef-4f8d-8843-f9da6b63346a",
      "keyValues" : [ ],
      "concept" : {
        "name" : "Day of month for growth monitoring visit",
        "uuid" : "8c607c63-25fb-4af1-984e-37dd1bae653d",
        "dataType" : "Numeric",
        "answers" : [ ],
        "lowAbsolute" : 15.0,
        "highAbsolute" : 30.0,
        "active" : true
      },
      "displayOrder" : 1.0,
      "type" : "SingleSelect",
      "mandatory" : true
    }, {
      "name" : "Placeholder for counselling form element",
      "uuid" : "58315c67-1903-4f68-a4f7-d703f48250c4",
      "keyValues" : [ ],
      "concept" : {
        "name" : "Placeholder for counselling form element",
        "uuid" : "b4e5a662-97bf-4846-b9b7-9baeab4d89c4",
        "dataType" : "Coded",
        "answers" : [ ],
        "active" : true
      },
      "displayOrder" : 2.0,
      "type" : "SingleSelect",
      "rule" : "'use strict';\n({params, imports}) => {\n  const individual = params.entity;\n  const formElement = params.formElement;\n  const statusBuilder = new imports.rulesConfig.FormElementStatusBuilder({individual, formElement});\n  \n  statusBuilder.show().whenItem(false).is.truthy;\n   return statusBuilder.build();\n};",
      "voided" : true,
      "mandatory" : false
    } ],
    "display" : "Visit details",
    "timed" : false
  }, {
    "uuid" : "869346d0-c06f-455a-a5ee-0462642b9675",
    "name" : "Details",
    "displayOrder" : 2.0,
    "formElements" : [ {
      "name" : "A daily attendance form will start getting scheduled from date of registration of Phulwari.",
      "uuid" : "a3cd70f6-9aef-4df7-a36e-b2545e2a6c35",
      "keyValues" : [ {
        "key" : "ExcludedAnswers",
        "value" : [ "Counselling Placeholder" ]
      } ],
      "concept" : {
        "name" : "A daily attendance form will start getting scheduled from date of registration of Phulwari.",
        "uuid" : "5aa2a390-764b-40cb-a601-ef520fd82d88",
        "dataType" : "Coded",
        "answers" : [ {
          "name" : "Counselling Placeholder",
          "uuid" : "c0d10b18-9e61-442a-9665-1f57524b37dc",
          "dataType" : "NA",
          "answers" : [ ],
          "order" : 0.0,
          "active" : true
        } ],
        "active" : true
      },
      "displayOrder" : 1.0,
      "type" : "SingleSelect",
      "rule" : "'use strict';\n({params, imports}) => {\n  const individual = params.entity;\n  const formElement = params.formElement;\n  const statusBuilder = new imports.rulesConfig.FormElementStatusBuilder({individual, formElement});\n    statusBuilder.show().whenItem(false).is.truthy;\n  return statusBuilder.build();\n};",
      "voided" : true,
      "mandatory" : false
    }, {
      "name" : "Day of the month to visit this Phulwari",
      "uuid" : "ce7ac170-8797-4920-8ede-be5c2a70883d",
      "keyValues" : [ ],
      "concept" : {
        "name" : "Day of month for growth monitoring visit",
        "uuid" : "8c607c63-25fb-4af1-984e-37dd1bae653d",
        "dataType" : "Numeric",
        "answers" : [ ],
        "lowAbsolute" : 15.0,
        "highAbsolute" : 30.0,
        "active" : true
      },
      "displayOrder" : 2.0,
      "type" : "SingleSelect",
      "voided" : true,
      "mandatory" : true
    }, {
      "name" : "Phulwari",
      "uuid" : "248a8794-48d8-4a23-b60b-bf8496a677bc",
      "keyValues" : [ ],
      "concept" : {
        "name" : "Phulwari",
        "uuid" : "6129d59e-17ee-4e0d-a48d-df00b0df326b",
        "dataType" : "Coded",
        "answers" : [ {
          "name" : "Konhatola",
          "uuid" : "77c0f817-f1d2-4335-a075-abcddbd9208f",
          "dataType" : "NA",
          "answers" : [ ],
          "order" : 51.0,
          "active" : true,
          "keyValues" : [ {
            "key" : "village",
            "value" : "Konhatola"
          } ]
        }, {
          "name" : "Gondi phulwari",
          "uuid" : "e40b4df1-803a-4543-ab8d-7d623acce432",
          "dataType" : "NA",
          "answers" : [ ],
          "order" : 74.0,
          "active" : true,
          "keyValues" : [ {
            "key" : "village",
            "value" : "Gondi"
          } ]
        }, {
          "name" : "Mandlantola",
          "uuid" : "43b961f0-56f2-452f-a8b1-c87db28f3be8",
          "dataType" : "NA",
          "answers" : [ ],
          "order" : 55.0,
          "active" : true,
          "keyValues" : [ {
            "key" : "village",
            "value" : "Ledhra"
          } ]
        }, {
          "name" : "Ramtola",
          "uuid" : "4a31cd46-3374-433a-97c4-e4ab3f1110cf",
          "dataType" : "NA",
          "answers" : [ ],
          "order" : 23.0,
          "active" : true,
          "keyValues" : [ {
            "key" : "village",
            "value" : "Sarai (Near Tarang)"
          } ]
        }, {
          "name" : "Prem Nagar",
          "uuid" : "27c4b773-a0eb-4bfe-a5c9-bcfaca5a09cd",
          "dataType" : "NA",
          "answers" : [ ],
          "order" : 42.0,
          "active" : true,
          "keyValues" : [ {
            "key" : "village",
            "value" : "Salar Gondi"
          } ]
        }, {
          "name" : "Lukantola",
          "uuid" : "66ba19bf-c2b3-495c-964d-8a0d7cfa686d",
          "dataType" : "NA",
          "answers" : [ ],
          "order" : 47.0,
          "active" : true,
          "keyValues" : [ {
            "key" : "village",
            "value" : "Debridadar"
          } ]
        }, {
          "name" : "Diwantola",
          "uuid" : "c8949750-744a-49d9-8d43-aab3e1fcad72",
          "dataType" : "NA",
          "answers" : [ ],
          "order" : 61.0,
          "active" : true,
          "keyValues" : [ {
            "key" : "village",
            "value" : "Salargondi"
          } ]
        }, {
          "name" : "Nagula",
          "uuid" : "63879021-7aad-45b7-83fe-7c4b89acb617",
          "dataType" : "NA",
          "answers" : [ ],
          "order" : 66.0,
          "active" : true,
          "keyValues" : [ {
            "key" : "village",
            "value" : "temp10,Bicharpur,Manjhetola"
          } ]
        }, {
          "name" : "Dongritola",
          "uuid" : "3bb72aab-eca5-494a-b5da-bf04f784adf1",
          "dataType" : "NA",
          "answers" : [ ],
          "order" : 2.0,
          "active" : true,
          "keyValues" : [ {
            "key" : "village",
            "value" : "Jaithari"
          } ]
        }, {
          "name" : "Schooltola",
          "uuid" : "6088b28d-1218-4e52-8243-e9e28b1be59c",
          "dataType" : "NA",
          "answers" : [ ],
          "order" : 15.0,
          "active" : true,
          "keyValues" : [ {
            "key" : "village",
            "value" : "Bijora,Jairhi,Padri (near Chaura Dadar),Bijapuri No.2,Karaunda Pani,Daldali,Kodar Village,Chirpani,Dabhaniya,Amoda"
          } ]
        }, {
          "name" : "Pakripani",
          "uuid" : "2f7676f2-eecf-4e2f-9cdd-4bf6a5f52d82",
          "dataType" : "NA",
          "answers" : [ ],
          "order" : 57.0,
          "active" : true,
          "keyValues" : [ {
            "key" : "village",
            "value" : "Pakripani"
          } ]
        }, {
          "name" : "Tagritola",
          "uuid" : "f2f3c0e6-2f71-46c9-bd4d-3364d66d34e4",
          "dataType" : "NA",
          "answers" : [ ],
          "order" : 13.0,
          "active" : true,
          "keyValues" : [ {
            "key" : "village",
            "value" : "BulhuPani"
          } ]
        }, {
          "name" : "Maharantola",
          "uuid" : "7105f451-f5c5-41fa-9124-cf71a3a1f313",
          "dataType" : "NA",
          "answers" : [ ],
          "order" : 48.0,
          "active" : true,
          "keyValues" : [ {
            "key" : "village",
            "value" : "Lamsarai (Near Keshwani),Lamsarai"
          } ]
        }, {
          "name" : "Khalebhanvar",
          "uuid" : "dfb30c2b-7875-459d-9ebd-6b8eed70e9fc",
          "dataType" : "NA",
          "answers" : [ ],
          "order" : 19.0,
          "active" : true,
          "keyValues" : [ {
            "key" : "village",
            "value" : "Khalebhanvar"
          } ]
        }, {
          "name" : "Semartola",
          "uuid" : "396299ba-bdee-4b76-8801-3cf8f8e23675",
          "dataType" : "NA",
          "answers" : [ ],
          "order" : 59.0,
          "active" : true,
          "keyValues" : [ {
            "key" : "village",
            "value" : "Bijapuri No.2,Dudhmania"
          } ]
        }, {
          "name" : "Upartola",
          "uuid" : "7a72371a-7a29-4c2e-a909-53abc8552ba7",
          "dataType" : "NA",
          "answers" : [ ],
          "order" : 16.0,
          "active" : true,
          "keyValues" : [ {
            "key" : "village",
            "value" : "Khirni,Bakantola"
          } ]
        }, {
          "name" : "Belhaitola",
          "uuid" : "e7d09f77-b2b4-4c3e-950c-940844de3bb7",
          "dataType" : "NA",
          "answers" : [ ],
          "order" : 44.0,
          "active" : true,
          "keyValues" : [ {
            "key" : "village",
            "value" : "Dona"
          } ]
        }, {
          "name" : "Jarwahi",
          "uuid" : "8dfd8e77-3a0b-4409-aad4-2e12e865f2cd",
          "dataType" : "NA",
          "answers" : [ ],
          "order" : 58.0,
          "active" : true,
          "keyValues" : [ {
            "key" : "village",
            "value" : "Jarwahi"
          } ]
        }, {
          "name" : "Piparhatola",
          "uuid" : "cb7fe53c-1ef9-419b-ac29-e1a06f3020ad",
          "dataType" : "NA",
          "answers" : [ ],
          "order" : 9.0,
          "active" : true,
          "keyValues" : [ {
            "key" : "village",
            "value" : "Piparaha (Near Chaura Dadar)"
          } ]
        }, {
          "name" : "Karoundi",
          "uuid" : "e4986ae7-e114-4e74-bd54-095146dc7798",
          "dataType" : "NA",
          "answers" : [ ],
          "order" : 39.0,
          "active" : true,
          "keyValues" : [ {
            "key" : "village",
            "value" : "Karoundi"
          } ]
        }, {
          "name" : "Khodratola",
          "uuid" : "3f6763eb-0082-44bd-8ceb-2ad991dff4a3",
          "dataType" : "NA",
          "answers" : [ ],
          "order" : 5.0,
          "active" : true,
          "keyValues" : [ {
            "key" : "village",
            "value" : "Sital pani"
          } ]
        }, {
          "name" : "Batiya",
          "uuid" : "d9cd5cb5-5d14-4d00-90aa-17f31d91c98e",
          "dataType" : "NA",
          "answers" : [ ],
          "order" : 34.0,
          "active" : true,
          "keyValues" : [ {
            "key" : "village",
            "value" : "Batiya"
          } ]
        }, {
          "name" : "Baghad",
          "uuid" : "a144578b-fd97-472e-8243-14e4bab01499",
          "dataType" : "NA",
          "answers" : [ ],
          "order" : 76.0,
          "active" : true,
          "keyValues" : [ {
            "key" : "village",
            "value" : "Baghad"
          } ]
        }, {
          "name" : "Manjhetola",
          "uuid" : "a6df964e-e24f-46f9-b9ca-00a090aa55f4",
          "dataType" : "NA",
          "answers" : [ ],
          "order" : 36.0,
          "active" : true,
          "keyValues" : [ {
            "key" : "village",
            "value" : "Lamsarai (Near Keshwani),Lamsarai,Uprikhurd,Manjhetola"
          } ]
        }, {
          "name" : "School tola",
          "uuid" : "9a9506bc-5650-49dd-bb59-ef8f92c4651c",
          "dataType" : "NA",
          "answers" : [ ],
          "order" : 52.0,
          "active" : true,
          "keyValues" : [ {
            "key" : "village",
            "value" : "Bartola"
          } ]
        }, {
          "name" : "Peepaltola",
          "uuid" : "e48d6a13-c467-4095-b057-8a14357a6442",
          "dataType" : "NA",
          "answers" : [ ],
          "order" : 25.0,
          "active" : true,
          "keyValues" : [ {
            "key" : "village",
            "value" : "Tarang,BulhuPani"
          } ]
        }, {
          "name" : "Kharsolihantola",
          "uuid" : "f65ff638-9ab6-418b-8615-6b672e64b63c",
          "dataType" : "NA",
          "answers" : [ ],
          "order" : 30.0,
          "active" : true,
          "keyValues" : [ {
            "key" : "village",
            "value" : "Badi Tumi"
          } ]
        }, {
          "name" : "Mandir tola",
          "uuid" : "2558d954-56fb-4d35-a7f9-1dc9ad4f9df1",
          "dataType" : "NA",
          "answers" : [ ],
          "order" : 65.0,
          "active" : true,
          "keyValues" : [ {
            "key" : "village",
            "value" : "Khamroud Village"
          } ]
        }, {
          "name" : "Samudayik Bhavan",
          "uuid" : "d0da4dc0-b5fc-4c09-bcf0-ea9619af51a1",
          "dataType" : "NA",
          "answers" : [ ],
          "order" : 20.0,
          "active" : true,
          "keyValues" : [ {
            "key" : "village",
            "value" : "Tankitola"
          } ]
        }, {
          "name" : "Ghurritola",
          "uuid" : "e711b578-1868-4044-8919-7be99b33dcc9",
          "dataType" : "NA",
          "answers" : [ ],
          "order" : 63.0,
          "active" : true,
          "keyValues" : [ {
            "key" : "village",
            "value" : "Ghurritola"
          } ]
        }, {
          "name" : "Hathbandha tola",
          "uuid" : "a55d6134-0271-44cb-bb04-fecd6691621c",
          "dataType" : "NA",
          "answers" : [ ],
          "order" : 0.0,
          "active" : true,
          "keyValues" : [ {
            "key" : "village",
            "value" : "Hathbandha"
          } ]
        }, {
          "name" : "Bhayantola",
          "uuid" : "19b78ed5-384a-4c83-b840-4f6f43e25057",
          "dataType" : "NA",
          "answers" : [ ],
          "order" : 64.0,
          "active" : true,
          "keyValues" : [ {
            "key" : "village",
            "value" : "Ufrikala"
          } ]
        }, {
          "name" : "Washing dongari",
          "uuid" : "fd46d7a5-deda-4cd8-b5b0-8b72944a4fe3",
          "dataType" : "NA",
          "answers" : [ ],
          "order" : 68.0,
          "active" : true,
          "keyValues" : [ {
            "key" : "village",
            "value" : "Washing dongari"
          } ]
        }, {
          "name" : "Harradadar",
          "uuid" : "347ca768-9a87-4481-a19c-164040e74ab8",
          "dataType" : "NA",
          "answers" : [ ],
          "order" : 49.0,
          "active" : true,
          "keyValues" : [ {
            "key" : "village",
            "value" : "Harradadar"
          } ]
        }, {
          "name" : "Londa",
          "uuid" : "64d95a39-d030-4151-bbd2-30515e480109",
          "dataType" : "NA",
          "answers" : [ ],
          "order" : 70.0,
          "active" : true,
          "keyValues" : [ {
            "key" : "village",
            "value" : "Ramna no 02"
          } ]
        }, {
          "name" : "Panchayat Bhavan",
          "uuid" : "5c63b245-c2e9-4b36-9d7c-04f8843ea75e",
          "dataType" : "NA",
          "answers" : [ ],
          "order" : 27.0,
          "active" : true,
          "keyValues" : [ {
            "key" : "village",
            "value" : "Khamroud Village"
          } ]
        }, {
          "name" : "Bhuratola",
          "uuid" : "1f525932-240a-468b-a21b-74056e86570a",
          "dataType" : "NA",
          "answers" : [ ],
          "order" : 50.0,
          "active" : true,
          "keyValues" : [ {
            "key" : "village",
            "value" : "Bhuratola"
          } ]
        }, {
          "name" : "Karhaitola",
          "uuid" : "94c30041-4cc9-46f8-9997-e71f7e4e0c04",
          "dataType" : "NA",
          "answers" : [ ],
          "order" : 10.0,
          "active" : true,
          "keyValues" : [ {
            "key" : "village",
            "value" : "Dona"
          } ]
        }, {
          "name" : "Mahuatola",
          "uuid" : "7a6a9650-2291-44be-8326-3449b94349b1",
          "dataType" : "NA",
          "answers" : [ ],
          "order" : 28.0,
          "active" : true,
          "keyValues" : [ {
            "key" : "village",
            "value" : "Thunguni"
          } ]
        }, {
          "name" : "Rajhantola",
          "uuid" : "dbdc65c6-b954-461a-a5e8-27aa0ecc8753",
          "dataType" : "NA",
          "answers" : [ ],
          "order" : 41.0,
          "active" : true,
          "keyValues" : [ {
            "key" : "village",
            "value" : "Alwar Village"
          } ]
        }, {
          "name" : "Payari",
          "uuid" : "e94e33c6-776a-484c-9a99-78eba5b15b52",
          "dataType" : "NA",
          "answers" : [ ],
          "order" : 17.0,
          "active" : true,
          "keyValues" : [ {
            "key" : "village",
            "value" : "Payari"
          } ]
        }, {
          "name" : "Baigantola",
          "uuid" : "3c37178b-bfe5-426d-9a90-9ced65946fec",
          "dataType" : "NA",
          "answers" : [ ],
          "order" : 26.0,
          "active" : true,
          "keyValues" : [ {
            "key" : "village",
            "value" : "Khamroud Village"
          } ]
        }, {
          "name" : "Rakhital",
          "uuid" : "68bd6982-7a68-4019-a1cf-a66b6dc53537",
          "dataType" : "NA",
          "answers" : [ ],
          "order" : 72.0,
          "active" : true,
          "keyValues" : [ {
            "key" : "village",
            "value" : "Rakhital"
          } ]
        }, {
          "name" : "Belapani",
          "uuid" : "8da98038-89f9-40e9-a2a4-8b7bdc47bddf",
          "dataType" : "NA",
          "answers" : [ ],
          "order" : 62.0,
          "active" : true,
          "keyValues" : [ {
            "key" : "village",
            "value" : "Belapani"
          } ]
        }, {
          "name" : "Pakhatola",
          "uuid" : "c145312b-72c3-418a-8056-db2c530f62c5",
          "dataType" : "NA",
          "answers" : [ ],
          "order" : 60.0,
          "active" : true,
          "keyValues" : [ {
            "key" : "village",
            "value" : "Pakhatola"
          } ]
        }, {
          "name" : "Talvatola",
          "uuid" : "4e0055f8-f4c9-44b2-95c3-6d0293db52c2",
          "dataType" : "NA",
          "answers" : [ ],
          "order" : 3.0,
          "active" : true,
          "keyValues" : [ {
            "key" : "village",
            "value" : "Tithi"
          } ]
        }, {
          "name" : "Chhatenitola",
          "uuid" : "1f51ed3b-cd8c-4054-aa0d-7a12499707ed",
          "dataType" : "NA",
          "answers" : [ ],
          "order" : 4.0,
          "active" : true,
          "keyValues" : [ {
            "key" : "village",
            "value" : "Tarera"
          } ]
        }, {
          "name" : "Pateratola",
          "uuid" : "ff7909f8-733d-4578-acfb-edfa02fb4042",
          "dataType" : "NA",
          "answers" : [ ],
          "order" : 32.0,
          "active" : true,
          "keyValues" : [ {
            "key" : "village",
            "value" : "Padmania Village"
          } ]
        }, {
          "name" : "Katurdona",
          "uuid" : "5bcb0fd9-4d77-4783-97b3-59809ad52ada",
          "dataType" : "NA",
          "answers" : [ ],
          "order" : 18.0,
          "active" : true,
          "keyValues" : [ {
            "key" : "village",
            "value" : "Katurdona"
          } ]
        }, {
          "name" : "Aamatola",
          "uuid" : "d67d31a8-d76b-4d28-a623-9c23a0052e66",
          "dataType" : "NA",
          "answers" : [ ],
          "order" : 35.0,
          "active" : true,
          "keyValues" : [ {
            "key" : "village",
            "value" : "Adwar"
          } ]
        }, {
          "name" : "Navatola",
          "uuid" : "d5a2bc00-c31c-431a-8a10-78c07c2ff9f3",
          "dataType" : "NA",
          "answers" : [ ],
          "order" : 56.0,
          "active" : true,
          "keyValues" : [ {
            "key" : "village",
            "value" : "Navatola"
          } ]
        }, {
          "name" : "Jarratola",
          "uuid" : "5af5ed69-44e9-4d65-b73f-7425507b462e",
          "dataType" : "NA",
          "answers" : [ ],
          "order" : 11.0,
          "active" : true,
          "keyValues" : [ {
            "key" : "village",
            "value" : "Mithu mahua"
          } ]
        }, {
          "name" : "Talwa tola",
          "uuid" : "2c6b97b9-d1a5-4a8d-a9aa-52f199b8a445",
          "dataType" : "NA",
          "answers" : [ ],
          "order" : 37.0,
          "active" : true,
          "keyValues" : [ {
            "key" : "village",
            "value" : "Kui,Ghata"
          } ]
        }, {
          "name" : "Old anganwadi kendra",
          "uuid" : "842c435e-d3e1-4ab2-b7e4-aa286f7ae76c",
          "dataType" : "NA",
          "answers" : [ ],
          "order" : 6.0,
          "active" : true,
          "keyValues" : [ {
            "key" : "village",
            "value" : "Sarfa"
          } ]
        }, {
          "name" : "Amadhar tola",
          "uuid" : "e989447a-7d98-49bb-a063-62a73ff16d48",
          "dataType" : "NA",
          "answers" : [ ],
          "order" : 69.0,
          "active" : true,
          "keyValues" : [ {
            "key" : "village",
            "value" : "Padmania"
          } ]
        }, {
          "name" : "Saraihatola",
          "uuid" : "8ccf6514-6e9f-4ca8-a01b-d3f0fad445da",
          "dataType" : "NA",
          "answers" : [ ],
          "order" : 33.0,
          "active" : true,
          "keyValues" : [ {
            "key" : "village",
            "value" : "Gijri"
          } ]
        }, {
          "name" : "Beechtola",
          "uuid" : "25675274-ac62-4d99-b7c3-b88bc45c9bc8",
          "dataType" : "NA",
          "answers" : [ ],
          "order" : 1.0,
          "active" : true,
          "keyValues" : [ {
            "key" : "village",
            "value" : "Ahirgawan"
          } ]
        }, {
          "name" : "Bhaisan",
          "uuid" : "4b086321-f60c-4493-8166-6b7414263823",
          "dataType" : "NA",
          "answers" : [ ],
          "order" : 73.0,
          "active" : true,
          "keyValues" : [ {
            "key" : "village",
            "value" : "Bhaisan"
          } ]
        }, {
          "name" : "Doomartola",
          "uuid" : "de208ce6-9e7f-464f-b79f-5e896e935976",
          "dataType" : "NA",
          "answers" : [ ],
          "order" : 53.0,
          "active" : true,
          "keyValues" : [ {
            "key" : "village",
            "value" : "Doomartola"
          } ]
        }, {
          "name" : "Panikantola",
          "uuid" : "165169b4-e84a-41da-9590-65069eb21a07",
          "dataType" : "NA",
          "answers" : [ ],
          "order" : 67.0,
          "active" : true,
          "keyValues" : [ {
            "key" : "village",
            "value" : "Panikantola"
          } ]
        }, {
          "name" : "Chatua 2",
          "uuid" : "1eb48800-2315-45df-97fd-5eb5d44746f7",
          "dataType" : "NA",
          "answers" : [ ],
          "order" : 22.0,
          "active" : true,
          "keyValues" : [ {
            "key" : "village",
            "value" : "Chatua (Anuppur)"
          } ]
        }, {
          "name" : "Upar tola",
          "uuid" : "b4058ed8-cecd-4b1b-8310-1cdd85b4c70e",
          "dataType" : "NA",
          "answers" : [ ],
          "order" : 43.0,
          "active" : true,
          "keyValues" : [ {
            "key" : "village",
            "value" : "Sarai Paterra"
          } ]
        }, {
          "name" : "Chatua",
          "uuid" : "ab88a8fa-8e83-463e-ac58-602cf9775341",
          "dataType" : "NA",
          "answers" : [ ],
          "order" : 21.0,
          "active" : true,
          "keyValues" : [ {
            "key" : "village",
            "value" : "Chatua (Anuppur)"
          } ]
        }, {
          "name" : "Barbaspur",
          "uuid" : "e9aabe6c-855f-47be-9f25-d61d5b1c13bf",
          "dataType" : "NA",
          "answers" : [ ],
          "order" : 71.0,
          "active" : true,
          "keyValues" : [ {
            "key" : "village",
            "value" : "Barbaspur"
          } ]
        }, {
          "name" : "Bharratola",
          "uuid" : "31cdf3f0-7bf3-48a2-aa33-b313b5f5e4bf",
          "dataType" : "NA",
          "answers" : [ ],
          "order" : 54.0,
          "active" : true,
          "keyValues" : [ {
            "key" : "village",
            "value" : "Bicharpur"
          } ]
        }, {
          "name" : "Majhuatola",
          "uuid" : "26f411f9-5f2c-45d6-9a12-e17855a59270",
          "dataType" : "NA",
          "answers" : [ ],
          "order" : 31.0,
          "active" : true,
          "keyValues" : [ {
            "key" : "village",
            "value" : "Majhauli"
          } ]
        }, {
          "name" : "Bairagi",
          "uuid" : "4564c552-f3c7-4807-ae5a-09f9b48970b2",
          "dataType" : "NA",
          "answers" : [ ],
          "order" : 75.0,
          "active" : true,
          "keyValues" : [ {
            "key" : "village",
            "value" : "Bairagi village"
          } ]
        }, {
          "name" : "Dadra Silvari",
          "uuid" : "e1947382-e6a2-4e30-8eee-a1f176cb49ef",
          "dataType" : "NA",
          "answers" : [ ],
          "order" : 7.0,
          "active" : true,
          "keyValues" : [ {
            "key" : "village",
            "value" : "Dadra Silvari"
          } ]
        }, {
          "name" : "Old panchayat bhavan",
          "uuid" : "5ef20a99-7cf2-4ca7-b65c-3d92be1a1a30",
          "dataType" : "NA",
          "answers" : [ ],
          "order" : 12.0,
          "active" : true,
          "keyValues" : [ {
            "key" : "village",
            "value" : "Khumni"
          } ]
        }, {
          "name" : "Bhadratola",
          "uuid" : "cc596d52-e0af-4475-a8a2-bf278891615b",
          "dataType" : "NA",
          "answers" : [ ],
          "order" : 40.0,
          "active" : true,
          "keyValues" : [ {
            "key" : "village",
            "value" : "Alwar Village,Lamsarai"
          } ]
        }, {
          "name" : "Kairhai tola",
          "uuid" : "d7b9b3db-f4d1-42e0-a4d7-2e87b35c3a27",
          "dataType" : "NA",
          "answers" : [ ],
          "order" : 45.0,
          "active" : true,
          "keyValues" : [ {
            "key" : "village",
            "value" : "Kharsol"
          } ]
        }, {
          "name" : "Panika",
          "uuid" : "301e4561-261a-4b55-bc2e-3a969bf5d0a5",
          "dataType" : "NA",
          "answers" : [ ],
          "order" : 14.0,
          "active" : true,
          "keyValues" : [ {
            "key" : "village",
            "value" : "Ahirgawan"
          } ]
        }, {
          "name" : "Hathbandha",
          "uuid" : "4aec9c83-849c-4b26-97d1-ffed9ac04d9b",
          "dataType" : "NA",
          "answers" : [ ],
          "order" : 38.0,
          "active" : true,
          "keyValues" : [ {
            "key" : "village",
            "value" : "Hathbandha"
          } ]
        }, {
          "name" : "Goratola",
          "uuid" : "3d46d442-4568-4127-8c64-59dd2c4bfe99",
          "dataType" : "NA",
          "answers" : [ ],
          "order" : 24.0,
          "active" : true,
          "keyValues" : [ {
            "key" : "village",
            "value" : "Sarai (Near Tarang)"
          } ]
        }, {
          "name" : "Tikratola",
          "uuid" : "92dde0ce-5c31-4812-9bc3-477361001359",
          "dataType" : "NA",
          "answers" : [ ],
          "order" : 8.0,
          "active" : true,
          "keyValues" : [ {
            "key" : "village",
            "value" : "Mithu mahua,Neeche Silvari,Kodar Village,Udal,Picharwahi"
          } ]
        }, {
          "name" : "Bhumiyatola",
          "uuid" : "3fa4c8e5-72ab-4395-a564-46bfe0ff134e",
          "dataType" : "NA",
          "answers" : [ ],
          "order" : 29.0,
          "active" : true,
          "keyValues" : [ {
            "key" : "village",
            "value" : "Duradhar"
          } ]
        }, {
          "name" : "Moto tola",
          "uuid" : "153ed936-dc9d-41c2-b0f0-7980151e42ba",
          "dataType" : "NA",
          "answers" : [ ],
          "order" : 46.0,
          "active" : true,
          "keyValues" : [ {
            "key" : "village",
            "value" : "Gijri"
          } ]
        } ],
        "active" : true
      },
      "displayOrder" : 3.0,
      "type" : "SingleSelect",
      "rule" : "'use strict';\n({params, imports}) => {\n  const individual = params.entity;\n  const formElement = params.formElement;\n  const statusBuilder = new imports.rulesConfig.FormElementStatusBuilder({individual, formElement});\n          \n  var allPhulwari = formElement.concept.getAnswers();   \n  const village = individual.lowestAddressLevel.name; \n  \n  const phulwariesToRemove = [];\n        _.forEach(allPhulwari, phulwari => { \n            const phulwariVillage = phulwari.concept.recordValueByKey('village');           \n                  if (phulwariVillage && !_.includes(phulwariVillage.split(','), village)) {\n                phulwariesToRemove.push(phulwari);                \n            }});\n\n   statusBuilder.skipAnswers.apply(statusBuilder, phulwariesToRemove);\n   \n   return statusBuilder.build();\n};",
      "voided" : true,
      "mandatory" : true
    } ],
    "display" : "Details",
    "voided" : true,
    "timed" : false
  } ],
  "decisionRule" : "",
  "visitScheduleRule" : "\"use strict\";\n({ params, imports }) => {\n  const individual = params.entity;\n  const scheduleBuilder = new imports.rulesConfig.VisitScheduleBuilder({\n    individual\n  });\n  const _ = imports.lodash;\n  const dailyAttendanceEncounter = _.find(individual.encounters, ({encounterType}) => encounterType.name === 'Daily Attendance Form');\n  if(_.isEmpty(dailyAttendanceEncounter)) {\n      let earliestVisitDate = imports.moment(individual.registrationDate).toDate();\n      let weekDayName =  imports.moment(earliestVisitDate).format('ddd');\n      \n      if(_.isEqual(weekDayName,'Sun')){\n       earliestVisitDate = imports.moment(individual.registrationDate).add(1, 'days').toDate();\n         weekDayName =  imports.moment(earliestVisitDate).format('ddd');\n       }\n      \n      scheduleBuilder.add({\n                    name: \"Daily Attendance\" +' -'+weekDayName,\n                    encounterType: \"Daily Attendance Form\",\n                    earliestDate: earliestVisitDate,\n                    maxDate: earliestVisitDate\n                }\n            );\n    }\n            \n  return scheduleBuilder.getAll();\n};",
  "validationRule" : "",
  "checklistsRule" : "",
  "decisionConcepts" : [ ]
}