{
  "name" : "Anaemia  Enrolment",
  "uuid" : "59448d1d-e22f-42e5-83c6-e89ff60a6f29",
  "formType" : "ProgramEnrolment",
  "formElementGroups" : [ {
    "uuid" : "fdcc3cb1-6469-4700-a7a6-0c6f4362dc48",
    "name" : "General Details",
    "displayOrder" : 1.0,
    "formElements" : [ {
      "name" : "Types of Cases",
      "uuid" : "7e821f3d-b615-4ea6-89fb-fbb4ce71e006",
      "keyValues" : [ ],
      "concept" : {
        "name" : "Types of Cases in Anaemia",
        "uuid" : "53d4f6fc-f267-470f-9e4e-ce4990a5614d",
        "dataType" : "Coded",
        "answers" : [ {
          "name" : "Moderate Anaemia (Hb7.1 to 9.9gm%)",
          "uuid" : "f193a89d-6fa2-4a3a-97d2-d1e58137ce45",
          "dataType" : "NA",
          "answers" : [ ],
          "order" : 1.0,
          "active" : true
        }, {
          "name" : "Severe Anaemia (Hb<=7gm%)",
          "uuid" : "7a966f56-1e20-40e7-9d3f-01483f031415",
          "dataType" : "NA",
          "answers" : [ ],
          "order" : 2.0,
          "abnormal" : true,
          "active" : true
        }, {
          "name" : "Mild anaemia (Hb10 to 11.9gm%)",
          "uuid" : "09bb4ea5-0074-4177-b36f-720902c5ed7b",
          "dataType" : "NA",
          "answers" : [ ],
          "order" : 0.0,
          "active" : true
        } ],
        "active" : true
      },
      "displayOrder" : 1.0,
      "type" : "SingleSelect",
      "mandatory" : true
    } ],
    "display" : "General Details",
    "timed" : false
  }, {
    "uuid" : "00f33a83-3b50-4a9b-88e6-758f2c2e95aa",
    "name" : "History of blood loss",
    "displayOrder" : 2.0,
    "formElements" : [ {
      "name" : "History of worms in stools",
      "uuid" : "f4a75063-1147-41be-b1b7-98a91cde99a7",
      "keyValues" : [ ],
      "concept" : {
        "name" : "History of worms in stools",
        "uuid" : "85e7e3ba-0039-425a-80da-5a0072015fd1",
        "dataType" : "Coded",
        "answers" : [ {
          "name" : "No",
          "uuid" : "a6a7e47d-c258-4e4e-840c-d8bd6cefc7b4",
          "dataType" : "NA",
          "answers" : [ ],
          "order" : 1.0,
          "active" : true
        }, {
          "name" : "Yes",
          "uuid" : "1bc21eb3-f2f3-4d85-bdc0-ec1ae0e56672",
          "dataType" : "NA",
          "answers" : [ ],
          "order" : 0.0,
          "active" : true
        } ],
        "active" : true
      },
      "displayOrder" : 1.0,
      "type" : "SingleSelect",
      "mandatory" : true
    }, {
      "name" : "History of Malaria",
      "uuid" : "6be2e07a-0cfa-4a22-bfcd-8dc0f48b3e0e",
      "keyValues" : [ ],
      "concept" : {
        "name" : "History of Malaria",
        "uuid" : "efdf72f8-2275-49ea-9f71-e3f6f438de0a",
        "dataType" : "Coded",
        "answers" : [ {
          "name" : "Yes",
          "uuid" : "1bc21eb3-f2f3-4d85-bdc0-ec1ae0e56672",
          "dataType" : "NA",
          "answers" : [ ],
          "order" : 0.0,
          "active" : true
        }, {
          "name" : "No",
          "uuid" : "a6a7e47d-c258-4e4e-840c-d8bd6cefc7b4",
          "dataType" : "NA",
          "answers" : [ ],
          "order" : 1.0,
          "active" : true
        } ],
        "active" : true
      },
      "displayOrder" : 2.0,
      "type" : "SingleSelect",
      "mandatory" : true
    }, {
      "name" : "History of bleeding piles, nose, vomit, injury etc",
      "uuid" : "fb88bf78-c5cd-476b-b4a7-82928d416979",
      "keyValues" : [ ],
      "concept" : {
        "name" : "History of bleeding piles, nose, vomit, injury etc",
        "uuid" : "2a71c5e8-ade1-4e7a-8d1b-7dda0196427b",
        "dataType" : "Coded",
        "answers" : [ {
          "name" : "Yes",
          "uuid" : "1bc21eb3-f2f3-4d85-bdc0-ec1ae0e56672",
          "dataType" : "NA",
          "answers" : [ ],
          "order" : 0.0,
          "active" : true
        }, {
          "name" : "No",
          "uuid" : "a6a7e47d-c258-4e4e-840c-d8bd6cefc7b4",
          "dataType" : "NA",
          "answers" : [ ],
          "order" : 1.0,
          "active" : true
        } ],
        "active" : true
      },
      "displayOrder" : 3.0,
      "type" : "SingleSelect",
      "mandatory" : true
    } ],
    "display" : "History of blood loss",
    "timed" : false
  }, {
    "uuid" : "68fbc976-065e-4b86-b2c3-e031851578d0",
    "name" : "Menstrual History",
    "displayOrder" : 3.0,
    "formElements" : [ {
      "name" : "Attained Menarche/Menopause",
      "uuid" : "e6b7b1fa-f0a7-48d7-aab5-6358a912d500",
      "keyValues" : [ ],
      "concept" : {
        "name" : "Attained Menarche/Menopause",
        "uuid" : "4ddcdafc-8765-40d6-a088-55c64e8248f2",
        "dataType" : "Coded",
        "answers" : [ {
          "name" : "Perimenopause",
          "uuid" : "5bb9630c-b20a-44b4-ab72-65dfadf423fd",
          "dataType" : "NA",
          "answers" : [ ],
          "order" : 2.0,
          "active" : true
        }, {
          "name" : "Menarche attained",
          "uuid" : "61b16470-7111-4600-ba8e-03c37e21709b",
          "dataType" : "NA",
          "answers" : [ ],
          "order" : 0.0,
          "active" : true
        }, {
          "name" : "Menopause attained",
          "uuid" : "947f58ef-5c9d-4bff-bfb9-5a51a795ec7a",
          "dataType" : "NA",
          "answers" : [ ],
          "order" : 1.0,
          "active" : true
        }, {
          "name" : "Other",
          "uuid" : "fee0efe2-7385-4db8-a529-1c8d5e937bad",
          "dataType" : "NA",
          "answers" : [ ],
          "order" : 3.0,
          "active" : true
        } ],
        "active" : true
      },
      "displayOrder" : 1.0,
      "type" : "SingleSelect",
      "mandatory" : true
    }, {
      "name" : "Other, please specify",
      "uuid" : "c67103d9-5ed1-43da-ac03-3333fe2dddd3",
      "keyValues" : [ ],
      "concept" : {
        "name" : "Other, please specify",
        "uuid" : "c35f2084-7d6c-471b-b7c2-1cb6f3e1017e",
        "dataType" : "Text",
        "answers" : [ ],
        "active" : true
      },
      "displayOrder" : 2.0,
      "type" : "SingleSelect",
      "rule" : "'use strict';\n({params, imports}) => {\n  const programEnrolment = params.entity;\n  const moment = imports.moment;\n  const formElement = params.formElement;\n  const _ = imports.lodash;\n  let visibility = true;\n  let value = null;\n  let answersToSkip = [];\n  let validationErrors = [];\n  \n  const condition11 = new imports.rulesConfig.RuleCondition({programEnrolment, formElement}).when.valueInEnrolment(\"4ddcdafc-8765-40d6-a088-55c64e8248f2\").containsAnswerConceptName(\"fee0efe2-7385-4db8-a529-1c8d5e937bad\").matches();\n  \n  visibility = condition11 ;\n  \n  return new imports.rulesConfig.FormElementStatus(formElement.uuid, visibility, value, answersToSkip, validationErrors);\n};",
      "declarativeRule" : [ {
        "actions" : [ {
          "actionType" : "showFormElement"
        }, { } ],
        "conditions" : [ {
          "compoundRule" : {
            "rules" : [ {
              "lhs" : {
                "type" : "concept",
                "scope" : "enrolment",
                "conceptName" : "Attained Menarche/Menopause",
                "conceptUuid" : "4ddcdafc-8765-40d6-a088-55c64e8248f2",
                "conceptDataType" : "Coded"
              },
              "rhs" : {
                "type" : "answerConcept",
                "answerConceptNames" : [ "Other" ],
                "answerConceptUuids" : [ "fee0efe2-7385-4db8-a529-1c8d5e937bad" ]
              },
              "operator" : "containsAnswerConceptName"
            } ]
          }
        } ]
      } ],
      "mandatory" : true
    }, {
      "name" : "Type of periods",
      "uuid" : "c7621f67-0fbf-43be-bc69-0e8c484dc487",
      "keyValues" : [ ],
      "concept" : {
        "name" : "Type of periods",
        "uuid" : "b279b30a-5408-492b-b41b-a762997faa82",
        "dataType" : "Coded",
        "answers" : [ {
          "name" : "Heavy flow",
          "uuid" : "330578ca-c437-42b9-9b9e-4b59ae8c2052",
          "dataType" : "NA",
          "answers" : [ ],
          "order" : 2.0,
          "abnormal" : true,
          "active" : true
        }, {
          "name" : "Other",
          "uuid" : "fee0efe2-7385-4db8-a529-1c8d5e937bad",
          "dataType" : "NA",
          "answers" : [ ],
          "order" : 7.0,
          "active" : true
        }, {
          "name" : "Scanty flow",
          "uuid" : "4f4d67fa-913c-4287-b302-f8bbe8d57145",
          "dataType" : "NA",
          "answers" : [ ],
          "order" : 3.0,
          "abnormal" : true,
          "active" : true
        }, {
          "name" : "Increase in frequency",
          "uuid" : "6b5770ed-4fdd-4b33-8b6f-4878ac521689",
          "dataType" : "NA",
          "answers" : [ ],
          "order" : 4.0,
          "abnormal" : true,
          "active" : true
        }, {
          "name" : "Decrease in frequency",
          "uuid" : "93dbc899-255a-40b1-aa2c-3597be892814",
          "dataType" : "NA",
          "answers" : [ ],
          "order" : 5.0,
          "abnormal" : true,
          "active" : true
        }, {
          "name" : "Normal",
          "uuid" : "722371f5-3cb7-493e-8334-aa3c9cc88b86",
          "dataType" : "NA",
          "answers" : [ ],
          "order" : 0.0,
          "unique" : true,
          "active" : true
        }, {
          "name" : "Regular",
          "uuid" : "ac4459e4-67f6-4ba6-be05-8c931bd87416",
          "dataType" : "NA",
          "answers" : [ ],
          "order" : 1.0,
          "unique" : true,
          "active" : true
        }, {
          "name" : "Irregular",
          "uuid" : "df8c05e7-e3d4-4cc8-861c-86ec52076cc1",
          "dataType" : "NA",
          "answers" : [ ],
          "order" : 6.0,
          "abnormal" : true,
          "active" : true
        } ],
        "active" : true
      },
      "displayOrder" : 3.0,
      "type" : "MultiSelect",
      "mandatory" : true
    }, {
      "name" : "Other type of period, please specify",
      "uuid" : "826c24c6-3c29-4a18-9a7d-075bb53621f1",
      "keyValues" : [ ],
      "concept" : {
        "name" : "Other type of period, please specify",
        "uuid" : "9d42edf7-d93a-4c66-9f34-a43a55ccf04c",
        "dataType" : "Text",
        "answers" : [ ],
        "active" : true
      },
      "displayOrder" : 4.0,
      "type" : "SingleSelect",
      "rule" : "'use strict';\n({params, imports}) => {\n  const programEnrolment = params.entity;\n  const moment = imports.moment;\n  const formElement = params.formElement;\n  const _ = imports.lodash;\n  let visibility = true;\n  let value = null;\n  let answersToSkip = [];\n  let validationErrors = [];\n  \n  const condition11 = new imports.rulesConfig.RuleCondition({programEnrolment, formElement}).when.valueInEnrolment(\"b279b30a-5408-492b-b41b-a762997faa82\").containsAnswerConceptName(\"fee0efe2-7385-4db8-a529-1c8d5e937bad\").matches();\n  \n  visibility = condition11 ;\n  \n  return new imports.rulesConfig.FormElementStatus(formElement.uuid, visibility, value, answersToSkip, validationErrors);\n};",
      "declarativeRule" : [ {
        "actions" : [ {
          "actionType" : "showFormElement"
        }, { } ],
        "conditions" : [ {
          "compoundRule" : {
            "rules" : [ {
              "lhs" : {
                "type" : "concept",
                "scope" : "enrolment",
                "conceptName" : "Type of periods",
                "conceptUuid" : "b279b30a-5408-492b-b41b-a762997faa82",
                "conceptDataType" : "Coded"
              },
              "rhs" : {
                "type" : "answerConcept",
                "answerConceptNames" : [ "Other" ],
                "answerConceptUuids" : [ "fee0efe2-7385-4db8-a529-1c8d5e937bad" ]
              },
              "operator" : "containsAnswerConceptName"
            } ]
          }
        } ]
      } ],
      "mandatory" : true
    }, {
      "name" : "Duration between two periods",
      "uuid" : "aaa756bc-7c9d-4142-a020-a2ce8669748a",
      "keyValues" : [ ],
      "concept" : {
        "name" : "Duration between two periods",
        "uuid" : "e5d84123-b2ee-47be-ac4f-869753d0e439",
        "dataType" : "Coded",
        "answers" : [ {
          "name" : "<3 weeks",
          "uuid" : "00cd019f-e320-44d1-b6e4-eacf501fbc2d",
          "dataType" : "NA",
          "answers" : [ ],
          "order" : 0.0,
          "active" : true
        }, {
          "name" : "3 to 5 weeks",
          "uuid" : "91630307-6fed-4e93-b41e-947947e0c6c7",
          "dataType" : "NA",
          "answers" : [ ],
          "order" : 1.0,
          "active" : true
        }, {
          "name" : "5 to 8 weeks",
          "uuid" : "541fb993-6c40-482f-a100-6fa9b5fce08c",
          "dataType" : "NA",
          "answers" : [ ],
          "order" : 2.0,
          "active" : true
        }, {
          "name" : "Other",
          "uuid" : "fee0efe2-7385-4db8-a529-1c8d5e937bad",
          "dataType" : "NA",
          "answers" : [ ],
          "order" : 4.0,
          "active" : true
        }, {
          "name" : "> 8 weeks",
          "uuid" : "dfeb01b7-0c4d-4fed-bd15-ea7e5b236381",
          "dataType" : "NA",
          "answers" : [ ],
          "order" : 3.0,
          "active" : true
        } ],
        "active" : true
      },
      "displayOrder" : 5.0,
      "type" : "SingleSelect",
      "mandatory" : true
    }, {
      "name" : "Other duration between two periods , please specify",
      "uuid" : "ba7fbbbc-2fc1-4ce2-bca5-a323d80c35c0",
      "keyValues" : [ ],
      "concept" : {
        "name" : "Other duration between two periods , please specify",
        "uuid" : "0195534b-0806-4194-8bfd-bdae45998894",
        "dataType" : "Text",
        "answers" : [ ],
        "active" : true
      },
      "displayOrder" : 6.0,
      "type" : "SingleSelect",
      "rule" : "'use strict';\n({params, imports}) => {\n  const programEnrolment = params.entity;\n  const moment = imports.moment;\n  const formElement = params.formElement;\n  const _ = imports.lodash;\n  let visibility = true;\n  let value = null;\n  let answersToSkip = [];\n  let validationErrors = [];\n  \n  const condition11 = new imports.rulesConfig.RuleCondition({programEnrolment, formElement}).when.valueInEnrolment(\"e5d84123-b2ee-47be-ac4f-869753d0e439\").containsAnswerConceptName(\"fee0efe2-7385-4db8-a529-1c8d5e937bad\").matches();\n  \n  visibility = condition11 ;\n  \n  return new imports.rulesConfig.FormElementStatus(formElement.uuid, visibility, value, answersToSkip, validationErrors);\n};",
      "declarativeRule" : [ {
        "actions" : [ {
          "actionType" : "showFormElement"
        }, { } ],
        "conditions" : [ {
          "compoundRule" : {
            "rules" : [ {
              "lhs" : {
                "type" : "concept",
                "scope" : "enrolment",
                "conceptName" : "Duration between two periods",
                "conceptUuid" : "e5d84123-b2ee-47be-ac4f-869753d0e439",
                "conceptDataType" : "Coded"
              },
              "rhs" : {
                "type" : "answerConcept",
                "answerConceptNames" : [ "Other" ],
                "answerConceptUuids" : [ "fee0efe2-7385-4db8-a529-1c8d5e937bad" ]
              },
              "operator" : "containsAnswerConceptName"
            } ]
          }
        } ]
      } ],
      "mandatory" : true
    }, {
      "name" : "Days of Menses",
      "uuid" : "7add8615-c779-47f8-b386-e953cb67ec3a",
      "keyValues" : [ ],
      "concept" : {
        "name" : "Days of Menses",
        "uuid" : "a5dc1100-bfad-4993-930f-8ef2e5a876cb",
        "dataType" : "Numeric",
        "answers" : [ ],
        "lowAbsolute" : 0.0,
        "highAbsolute" : 31.0,
        "active" : true
      },
      "displayOrder" : 7.0,
      "type" : "SingleSelect",
      "rule" : "'use strict';\n({params, imports}) => {\n  const programEnrolment = params.entity;\n  const moment = imports.moment;\n  const formElement = params.formElement;\n  const _ = imports.lodash;\n  let visibility = true;\n  let value = null;\n  let answersToSkip = [];\n  let validationErrors = [];\n  \n  function isInteger(value) {\n    const number = parseFloat(value);\n    return !isNaN(number) && Number.isInteger(number);\n  }\n  const dayMensesValue = programEnrolment.getObservationReadableValue('Days of Menses');\n\n  if (!_.isNil(dayMensesValue) && dayMensesValue !== '') {\n    const parsedValue = parseFloat(dayMensesValue);\n\n    if (!isNaN(parsedValue) && !Number.isInteger(parsedValue)) {\n      validationErrors.push('Days of Menses cannot be a decimal value.');\n    }\n  }\n  \n  return new imports.rulesConfig.FormElementStatus(formElement.uuid, visibility, value, answersToSkip, validationErrors);\n};",
      "mandatory" : true
    }, {
      "name" : "Clotts",
      "uuid" : "90432d6b-f9f5-4b97-b017-0ae7ba1b6939",
      "keyValues" : [ ],
      "concept" : {
        "name" : "Clotts",
        "uuid" : "d2517df4-3ad8-4095-8024-ac43c8b830ea",
        "dataType" : "Coded",
        "answers" : [ {
          "name" : "Yes",
          "uuid" : "1bc21eb3-f2f3-4d85-bdc0-ec1ae0e56672",
          "dataType" : "NA",
          "answers" : [ ],
          "order" : 0.0,
          "active" : true
        }, {
          "name" : "No",
          "uuid" : "a6a7e47d-c258-4e4e-840c-d8bd6cefc7b4",
          "dataType" : "NA",
          "answers" : [ ],
          "order" : 1.0,
          "active" : true
        } ],
        "active" : true
      },
      "displayOrder" : 8.0,
      "type" : "SingleSelect",
      "mandatory" : true
    }, {
      "name" : "No. of pads per day",
      "uuid" : "b5ff5fd4-3b67-468f-94bf-2fe0e85e461b",
      "keyValues" : [ ],
      "concept" : {
        "name" : "No. of pads per day",
        "uuid" : "6cb3946e-0e1d-4708-8795-50567d239fd1",
        "dataType" : "Numeric",
        "answers" : [ ],
        "lowAbsolute" : 0.0,
        "highAbsolute" : 50.0,
        "active" : true
      },
      "displayOrder" : 9.0,
      "type" : "SingleSelect",
      "rule" : "'use strict';\n({params, imports}) => {\n  const programEnrolment = params.entity;\n  const moment = imports.moment;\n  const formElement = params.formElement;\n  const _ = imports.lodash;\n  let visibility = true;\n  let value = null;\n  let answersToSkip = [];\n  let validationErrors = [];\n  \n  function isInteger(value) {\n    const number = parseFloat(value);\n    return !isNaN(number) && Number.isInteger(number);\n  }\n  const noPadsRaw = parseFloat(programEnrolment.getObservationReadableValue('No. of pads per day'));\n  \n  if (!_.isNil(noPadsRaw) && noPadsRaw !== '') {\n    const noPads = parseFloat(noPadsRaw);\n    \n    if (!isNaN(noPads) && !Number.isInteger(noPads)) {\n      validationErrors.push('No. of pads per day cannot be a decimal value.');\n    }\n  }\n  \n  return new imports.rulesConfig.FormElementStatus(formElement.uuid, visibility, value, answersToSkip, validationErrors);\n};",
      "mandatory" : true
    }, {
      "name" : "LMP",
      "uuid" : "63b0b24b-a1ba-43a2-a43f-a7ec2d4e9b3a",
      "keyValues" : [ ],
      "concept" : {
        "name" : "LMP",
        "uuid" : "a37fd4c1-8f78-405b-aaf9-4e25691e78aa",
        "dataType" : "Date",
        "answers" : [ ],
        "active" : true
      },
      "displayOrder" : 10.0,
      "type" : "SingleSelect",
      "rule" : "'use strict';\n({params, imports}) => {\n  const programEnrolment = params.entity;\n  const moment = imports.moment;\n  const formElement = params.formElement;\n  const _ = imports.lodash;\n  let visibility = true;\n  let value = null;\n  let answersToSkip = [];\n  let validationErrors = [];\n\n  const today = moment();\n  const rawDate = programEnrolment.getObservationValue(\"a37fd4c1-8f78-405b-aaf9-4e25691e78aa\");\n  const selectedDate = new Date(rawDate);\n\n  const datePart = moment(selectedDate);\n  if (datePart.isValid()) {\n    if (datePart.isAfter(today, 'day')) {\n      validationErrors.push('LMP date can not be a future date');\n    }\n  }\n\n  return new imports.rulesConfig.FormElementStatus(formElement.uuid, visibility, value, answersToSkip, validationErrors);\n};",
      "mandatory" : false
    } ],
    "rule" : "'use strict';\n({params, imports}) => {\n    const programEnrolment = params.entity;\n    const moment = imports.moment;\n    const formElementGroup = params.formElementGroup;\n    const _ = imports.lodash;\n    let visibility = true;\n    return formElementGroup.formElements.map((formElement) => {\n        \n  const condition11 = new imports.rulesConfig.RuleCondition({programEnrolment, formElement}).when.gender.equals(\"Female\").matches();\n  \n        visibility = condition11 ;\n  \n        return new imports.rulesConfig.FormElementStatus(formElement.uuid, visibility, null);\n    });\n};",
    "declarativeRule" : [ {
      "actions" : [ {
        "actionType" : "showFormElementGroup"
      }, { } ],
      "conditions" : [ {
        "compoundRule" : {
          "rules" : [ {
            "lhs" : {
              "type" : "gender"
            },
            "rhs" : {
              "type" : "value",
              "value" : "Female"
            },
            "operator" : "equals"
          } ]
        }
      } ]
    } ],
    "display" : "Menstrual History",
    "timed" : false
  }, {
    "uuid" : "4f0bf16c-4b2f-45b1-9d74-d513be93d5a6",
    "name" : "Obstetric history",
    "displayOrder" : 4.0,
    "formElements" : [ {
      "name" : "History of no. of pregnancies",
      "uuid" : "78afdd8d-be83-4a34-9967-c4d2bbeac9aa",
      "keyValues" : [ ],
      "concept" : {
        "name" : "History of no. of pregnancies",
        "uuid" : "e1ae8361-68b8-44df-8339-af46cd1c1f06",
        "dataType" : "Numeric",
        "answers" : [ ],
        "lowAbsolute" : 0.0,
        "highAbsolute" : 20.0,
        "active" : true
      },
      "displayOrder" : 1.0,
      "type" : "SingleSelect",
      "rule" : "'use strict';\n({params, imports}) => {\n  const programEnrolment = params.entity;\n  const moment = imports.moment;\n  const formElement = params.formElement;\n  const _ = imports.lodash;\n  let visibility = true;\n  let value = null;\n  let answersToSkip = [];\n  let validationErrors = [];\n  \n  function isInteger(value) {\n    const number = parseFloat(value);\n    return !isNaN(number) && Number.isInteger(number);\n  }\n  const noPregnanciesRaw = parseFloat(programEnrolment.getObservationReadableValue('History of no. of pregnancies'));\n  \n  if (!_.isNil(noPregnanciesRaw) && noPregnanciesRaw !== '') {\n    const noPregnancies = parseFloat(noPregnanciesRaw);\n    \n    if (!isNaN(noPregnancies) && !Number.isInteger(noPregnancies)) {\n      validationErrors.push('History of no. of pregnancies cannot be a decimal value.');\n    }\n  }\n  \n  return new imports.rulesConfig.FormElementStatus(formElement.uuid, visibility, value, answersToSkip, validationErrors);\n};",
      "mandatory" : true
    } ],
    "rule" : "'use strict';\n({params, imports}) => {\n    const programEnrolment = params.entity;\n    const moment = imports.moment;\n    const formElementGroup = params.formElementGroup;\n    const _ = imports.lodash;\n    let visibility = true;\n    return formElementGroup.formElements.map((formElement) => {\n        \n  const condition11 = new imports.rulesConfig.RuleCondition({programEnrolment, formElement}).when.gender.equals(\"Female\").matches();\n  \n        visibility = condition11 ;\n  \n        return new imports.rulesConfig.FormElementStatus(formElement.uuid, visibility, null);\n    });\n};",
    "declarativeRule" : [ {
      "actions" : [ {
        "actionType" : "showFormElementGroup"
      }, { } ],
      "conditions" : [ {
        "compoundRule" : {
          "rules" : [ {
            "lhs" : {
              "type" : "gender"
            },
            "rhs" : {
              "type" : "value",
              "value" : "Female"
            },
            "operator" : "equals"
          } ]
        }
      } ]
    } ],
    "display" : "Obstetric history",
    "timed" : false
  }, {
    "uuid" : "1423c454-a14b-44a9-9068-8b2e894efa57",
    "name" : "Blood tests",
    "displayOrder" : 5.0,
    "formElements" : [ {
      "name" : "Haemoglobin",
      "uuid" : "0533dda9-2746-40e3-9b44-7721ae4262b5",
      "keyValues" : [ ],
      "concept" : {
        "name" : "Haemoglobin",
        "uuid" : "527bb121-4b6b-4267-98fd-ac137da3aebe",
        "dataType" : "Numeric",
        "answers" : [ ],
        "lowAbsolute" : 0.0,
        "highAbsolute" : 20.0,
        "active" : true
      },
      "displayOrder" : 1.0,
      "type" : "SingleSelect",
      "mandatory" : true
    }, {
      "name" : "S.iron",
      "uuid" : "efea59b9-265c-4f3b-a0e1-15d96c61e924",
      "keyValues" : [ ],
      "concept" : {
        "name" : "S.iron",
        "uuid" : "8820bed4-5bcf-41bb-8b0a-033290496ce4",
        "dataType" : "Numeric",
        "answers" : [ ],
        "lowAbsolute" : 0.0,
        "active" : true
      },
      "displayOrder" : 2.0,
      "type" : "SingleSelect",
      "mandatory" : false
    }, {
      "name" : "TIBC",
      "uuid" : "18244ded-fe7c-40b6-b2a1-aa22d3f0aa10",
      "keyValues" : [ ],
      "concept" : {
        "name" : "TIBC",
        "uuid" : "d5a815fc-f2ed-437f-b2ee-62f082093fac",
        "dataType" : "Numeric",
        "answers" : [ ],
        "lowAbsolute" : 0.0,
        "active" : true
      },
      "displayOrder" : 3.0,
      "type" : "SingleSelect",
      "mandatory" : false
    }, {
      "name" : "s.Ferritin",
      "uuid" : "bc1c454b-236a-4de7-abd0-8fb4ed53b651",
      "keyValues" : [ ],
      "concept" : {
        "name" : "s.Ferritin",
        "uuid" : "074d88ee-4893-46ba-9c6a-5f2c822b6e81",
        "dataType" : "Numeric",
        "answers" : [ ],
        "lowAbsolute" : 0.0,
        "active" : true
      },
      "displayOrder" : 4.0,
      "type" : "SingleSelect",
      "mandatory" : false
    }, {
      "name" : "S.B12",
      "uuid" : "74f433ad-d04f-44c4-a51f-36c06ab139d4",
      "keyValues" : [ ],
      "concept" : {
        "name" : "S.B12",
        "uuid" : "263ed1c3-7195-4579-80b4-44046e7a0991",
        "dataType" : "Numeric",
        "answers" : [ ],
        "lowAbsolute" : 0.0,
        "active" : true
      },
      "displayOrder" : 5.0,
      "type" : "SingleSelect",
      "mandatory" : false
    }, {
      "name" : "Peripheral smear",
      "uuid" : "f975c40d-eeef-4544-af7a-c4e7901421fb",
      "keyValues" : [ ],
      "concept" : {
        "name" : "Peripheral smear",
        "uuid" : "a66bc058-cb47-4508-9370-845b556cc374",
        "dataType" : "Numeric",
        "answers" : [ ],
        "lowAbsolute" : 0.0,
        "active" : true
      },
      "displayOrder" : 6.0,
      "type" : "SingleSelect",
      "mandatory" : false
    } ],
    "display" : "Blood tests",
    "timed" : false
  }, {
    "uuid" : "e35a120e-1539-46ed-9b5a-957303ebc031",
    "name" : "Haematic status",
    "displayOrder" : 6.0,
    "formElements" : [ {
      "name" : "Iron Deficiency Ananemia",
      "uuid" : "00233001-0edc-429e-8c02-c1b9cfa0d0da",
      "keyValues" : [ ],
      "concept" : {
        "name" : "Iron Deficiency Anaemia",
        "uuid" : "040a0f31-6ae8-46ec-a3ee-af895d42743b",
        "dataType" : "Coded",
        "answers" : [ {
          "name" : "No",
          "uuid" : "a6a7e47d-c258-4e4e-840c-d8bd6cefc7b4",
          "dataType" : "NA",
          "answers" : [ ],
          "order" : 1.0,
          "active" : true
        }, {
          "name" : "Yes",
          "uuid" : "1bc21eb3-f2f3-4d85-bdc0-ec1ae0e56672",
          "dataType" : "NA",
          "answers" : [ ],
          "order" : 0.0,
          "active" : true
        } ],
        "active" : true
      },
      "displayOrder" : 1.0,
      "type" : "SingleSelect",
      "mandatory" : true
    }, {
      "name" : "Megaloblastic anaemia",
      "uuid" : "23c5c119-6535-45e8-9b97-7c8ebc6bb934",
      "keyValues" : [ ],
      "concept" : {
        "name" : "Megaloblastic anaemia",
        "uuid" : "893f99de-1dcb-4dbb-8f70-0f923b175028",
        "dataType" : "Coded",
        "answers" : [ {
          "name" : "Yes",
          "uuid" : "1bc21eb3-f2f3-4d85-bdc0-ec1ae0e56672",
          "dataType" : "NA",
          "answers" : [ ],
          "order" : 0.0,
          "active" : true
        }, {
          "name" : "No",
          "uuid" : "a6a7e47d-c258-4e4e-840c-d8bd6cefc7b4",
          "dataType" : "NA",
          "answers" : [ ],
          "order" : 1.0,
          "active" : true
        } ],
        "active" : true
      },
      "displayOrder" : 2.0,
      "type" : "SingleSelect",
      "mandatory" : true
    }, {
      "name" : "Anaemia due to blood loss",
      "uuid" : "436a9d40-03fd-44f0-9297-c8d7d3d7ad3d",
      "keyValues" : [ ],
      "concept" : {
        "name" : "Anaemia due to blood loss",
        "uuid" : "6d68ce20-21de-4dfc-b9a3-b336190bd026",
        "dataType" : "Coded",
        "answers" : [ {
          "name" : "Yes",
          "uuid" : "1bc21eb3-f2f3-4d85-bdc0-ec1ae0e56672",
          "dataType" : "NA",
          "answers" : [ ],
          "order" : 0.0,
          "active" : true
        }, {
          "name" : "No",
          "uuid" : "a6a7e47d-c258-4e4e-840c-d8bd6cefc7b4",
          "dataType" : "NA",
          "answers" : [ ],
          "order" : 1.0,
          "active" : true
        } ],
        "active" : true
      },
      "displayOrder" : 3.0,
      "type" : "SingleSelect",
      "mandatory" : true
    }, {
      "name" : "Sickle cell Disease",
      "uuid" : "591198ba-6349-4e22-8799-199791472f19",
      "keyValues" : [ ],
      "concept" : {
        "name" : "Sickle cell Disease",
        "uuid" : "86b186cf-4700-4e8a-9ba5-3d874772854e",
        "dataType" : "Coded",
        "answers" : [ {
          "name" : "Yes",
          "uuid" : "1bc21eb3-f2f3-4d85-bdc0-ec1ae0e56672",
          "dataType" : "NA",
          "answers" : [ ],
          "order" : 0.0,
          "active" : true
        }, {
          "name" : "No",
          "uuid" : "a6a7e47d-c258-4e4e-840c-d8bd6cefc7b4",
          "dataType" : "NA",
          "answers" : [ ],
          "order" : 1.0,
          "active" : true
        } ],
        "active" : true
      },
      "displayOrder" : 4.0,
      "type" : "SingleSelect",
      "mandatory" : true
    }, {
      "name" : "Sickle cell Trait",
      "uuid" : "59e19336-47d4-4ef5-bea1-23b385187407",
      "keyValues" : [ ],
      "concept" : {
        "name" : "Sickle cell trait",
        "uuid" : "0036f82f-9662-4200-918f-2d31ac11676e",
        "dataType" : "Coded",
        "answers" : [ {
          "name" : "Yes",
          "uuid" : "1bc21eb3-f2f3-4d85-bdc0-ec1ae0e56672",
          "dataType" : "NA",
          "answers" : [ ],
          "order" : 0.0,
          "active" : true
        }, {
          "name" : "No",
          "uuid" : "a6a7e47d-c258-4e4e-840c-d8bd6cefc7b4",
          "dataType" : "NA",
          "answers" : [ ],
          "order" : 1.0,
          "active" : true
        } ],
        "active" : true
      },
      "displayOrder" : 5.0,
      "type" : "SingleSelect",
      "mandatory" : true
    }, {
      "name" : "Sickle- Thal",
      "uuid" : "d70f6676-e28c-4f35-886d-a04e2607521a",
      "keyValues" : [ ],
      "concept" : {
        "name" : "Sickle- Thal",
        "uuid" : "1a49b9bf-638e-4d44-a081-829ecd3f840a",
        "dataType" : "Coded",
        "answers" : [ {
          "name" : "No",
          "uuid" : "a6a7e47d-c258-4e4e-840c-d8bd6cefc7b4",
          "dataType" : "NA",
          "answers" : [ ],
          "order" : 1.0,
          "active" : true
        }, {
          "name" : "Yes",
          "uuid" : "1bc21eb3-f2f3-4d85-bdc0-ec1ae0e56672",
          "dataType" : "NA",
          "answers" : [ ],
          "order" : 0.0,
          "active" : true
        } ],
        "active" : true
      },
      "displayOrder" : 6.0,
      "type" : "SingleSelect",
      "mandatory" : true
    }, {
      "name" : "Thallasaemia Major",
      "uuid" : "00c4865a-576d-4b74-8a5d-854a7350b2b4",
      "keyValues" : [ ],
      "concept" : {
        "name" : "Thallasaemia Major",
        "uuid" : "3d94ee9e-b654-4592-bcc3-efa2e6f8f870",
        "dataType" : "Coded",
        "answers" : [ {
          "name" : "No",
          "uuid" : "a6a7e47d-c258-4e4e-840c-d8bd6cefc7b4",
          "dataType" : "NA",
          "answers" : [ ],
          "order" : 1.0,
          "active" : true
        }, {
          "name" : "Yes",
          "uuid" : "1bc21eb3-f2f3-4d85-bdc0-ec1ae0e56672",
          "dataType" : "NA",
          "answers" : [ ],
          "order" : 0.0,
          "active" : true
        } ],
        "active" : true
      },
      "displayOrder" : 7.0,
      "type" : "SingleSelect",
      "mandatory" : true
    }, {
      "name" : "Thallasaemia Minor",
      "uuid" : "3a0e8b9c-d085-421f-a4f9-daa828c6fd33",
      "keyValues" : [ ],
      "concept" : {
        "name" : "Thallasaemia Minor",
        "uuid" : "c0ac6007-beae-4daf-ad87-ba774913f1c7",
        "dataType" : "Coded",
        "answers" : [ {
          "name" : "No",
          "uuid" : "a6a7e47d-c258-4e4e-840c-d8bd6cefc7b4",
          "dataType" : "NA",
          "answers" : [ ],
          "order" : 1.0,
          "active" : true
        }, {
          "name" : "Yes",
          "uuid" : "1bc21eb3-f2f3-4d85-bdc0-ec1ae0e56672",
          "dataType" : "NA",
          "answers" : [ ],
          "order" : 0.0,
          "active" : true
        } ],
        "active" : true
      },
      "displayOrder" : 8.0,
      "type" : "SingleSelect",
      "mandatory" : true
    } ],
    "display" : "Haematic status",
    "timed" : false
  }, {
    "uuid" : "c4a7d35e-033b-4a82-9e4f-0d8aaaeb8378",
    "name" : "Past treatment history",
    "displayOrder" : 7.0,
    "formElements" : [ {
      "name" : "Taking any treatment?",
      "uuid" : "544b68cc-53f1-42b2-b400-892009c6fb53",
      "keyValues" : [ ],
      "concept" : {
        "name" : "Taking any treatment?",
        "uuid" : "562a67ac-66a3-4cdc-9c4f-b5a5c830b352",
        "dataType" : "Coded",
        "answers" : [ {
          "name" : "No",
          "uuid" : "a6a7e47d-c258-4e4e-840c-d8bd6cefc7b4",
          "dataType" : "NA",
          "answers" : [ ],
          "order" : 1.0,
          "active" : true
        }, {
          "name" : "Stopped by themselves",
          "uuid" : "0353c11e-a7ae-4c10-aa35-15f7a71821ac",
          "dataType" : "NA",
          "answers" : [ ],
          "order" : 3.0,
          "active" : true
        }, {
          "name" : "other",
          "uuid" : "a3502bf5-ab8c-4d91-9a87-9a0af396122f",
          "dataType" : "NA",
          "answers" : [ ],
          "order" : 4.0,
          "active" : true
        }, {
          "name" : "Yes",
          "uuid" : "1bc21eb3-f2f3-4d85-bdc0-ec1ae0e56672",
          "dataType" : "NA",
          "answers" : [ ],
          "order" : 0.0,
          "active" : true
        }, {
          "name" : "Not started",
          "uuid" : "065c0325-5fe8-4b4c-9e3f-fc616d2007ac",
          "dataType" : "NA",
          "answers" : [ ],
          "order" : 2.0,
          "active" : true
        }, {
          "name" : "Other",
          "uuid" : "fee0efe2-7385-4db8-a529-1c8d5e937bad",
          "dataType" : "NA",
          "answers" : [ ],
          "order" : 5.0,
          "active" : true
        } ],
        "active" : true
      },
      "displayOrder" : 1.0,
      "type" : "SingleSelect",
      "mandatory" : true
    }, {
      "name" : "Iron folic tablets",
      "uuid" : "c1e325e5-616b-4ef8-8888-d78d7d9bcff3",
      "keyValues" : [ ],
      "concept" : {
        "name" : "Iron folic tablets",
        "uuid" : "9e893ded-a0a6-439d-845d-5e4bb72d2672",
        "dataType" : "Coded",
        "answers" : [ {
          "name" : "Yes",
          "uuid" : "1bc21eb3-f2f3-4d85-bdc0-ec1ae0e56672",
          "dataType" : "NA",
          "answers" : [ ],
          "order" : 0.0,
          "active" : true
        }, {
          "name" : "No",
          "uuid" : "a6a7e47d-c258-4e4e-840c-d8bd6cefc7b4",
          "dataType" : "NA",
          "answers" : [ ],
          "order" : 1.0,
          "active" : true
        } ],
        "active" : true
      },
      "displayOrder" : 2.0,
      "type" : "SingleSelect",
      "rule" : "'use strict';\n({params, imports}) => {\n  const programEnrolment = params.entity;\n  const moment = imports.moment;\n  const formElement = params.formElement;\n  const _ = imports.lodash;\n  let visibility = true;\n  let value = null;\n  let answersToSkip = [];\n  let validationErrors = [];\n  \n  const condition11 = new imports.rulesConfig.RuleCondition({programEnrolment, formElement}).when.valueInEnrolment(\"562a67ac-66a3-4cdc-9c4f-b5a5c830b352\").containsAnswerConceptName(\"1bc21eb3-f2f3-4d85-bdc0-ec1ae0e56672\").matches();\n  \n  visibility = condition11 ;\n  \n  return new imports.rulesConfig.FormElementStatus(formElement.uuid, visibility, value, answersToSkip, validationErrors);\n};",
      "declarativeRule" : [ {
        "actions" : [ {
          "actionType" : "showFormElement"
        }, { } ],
        "conditions" : [ {
          "compoundRule" : {
            "rules" : [ {
              "lhs" : {
                "type" : "concept",
                "scope" : "enrolment",
                "conceptName" : "Taking any treatment?",
                "conceptUuid" : "562a67ac-66a3-4cdc-9c4f-b5a5c830b352",
                "conceptDataType" : "Coded"
              },
              "rhs" : {
                "type" : "answerConcept",
                "answerConceptNames" : [ "Yes" ],
                "answerConceptUuids" : [ "1bc21eb3-f2f3-4d85-bdc0-ec1ae0e56672" ]
              },
              "operator" : "containsAnswerConceptName"
            } ]
          }
        } ]
      } ],
      "mandatory" : true
    }, {
      "name" : "B complex tablets",
      "uuid" : "1e1f689c-dfcf-43bf-8d13-b271e3a1d354",
      "keyValues" : [ ],
      "concept" : {
        "name" : "B complex tablets",
        "uuid" : "fb837382-43f4-45d3-8e60-12a71fb5713f",
        "dataType" : "Coded",
        "answers" : [ {
          "name" : "No",
          "uuid" : "a6a7e47d-c258-4e4e-840c-d8bd6cefc7b4",
          "dataType" : "NA",
          "answers" : [ ],
          "order" : 1.0,
          "active" : true
        }, {
          "name" : "Yes",
          "uuid" : "1bc21eb3-f2f3-4d85-bdc0-ec1ae0e56672",
          "dataType" : "NA",
          "answers" : [ ],
          "order" : 0.0,
          "active" : true
        } ],
        "active" : true
      },
      "displayOrder" : 3.0,
      "type" : "SingleSelect",
      "rule" : "'use strict';\n({params, imports}) => {\n  const programEnrolment = params.entity;\n  const moment = imports.moment;\n  const formElement = params.formElement;\n  const _ = imports.lodash;\n  let visibility = true;\n  let value = null;\n  let answersToSkip = [];\n  let validationErrors = [];\n  \n  const condition11 = new imports.rulesConfig.RuleCondition({programEnrolment, formElement}).when.valueInEnrolment(\"562a67ac-66a3-4cdc-9c4f-b5a5c830b352\").containsAnswerConceptName(\"1bc21eb3-f2f3-4d85-bdc0-ec1ae0e56672\").matches();\n  \n  visibility = condition11 ;\n  \n  return new imports.rulesConfig.FormElementStatus(formElement.uuid, visibility, value, answersToSkip, validationErrors);\n};",
      "declarativeRule" : [ {
        "actions" : [ {
          "actionType" : "showFormElement"
        }, { } ],
        "conditions" : [ {
          "compoundRule" : {
            "rules" : [ {
              "lhs" : {
                "type" : "concept",
                "scope" : "enrolment",
                "conceptName" : "Taking any treatment?",
                "conceptUuid" : "562a67ac-66a3-4cdc-9c4f-b5a5c830b352",
                "conceptDataType" : "Coded"
              },
              "rhs" : {
                "type" : "answerConcept",
                "answerConceptNames" : [ "Yes" ],
                "answerConceptUuids" : [ "1bc21eb3-f2f3-4d85-bdc0-ec1ae0e56672" ]
              },
              "operator" : "containsAnswerConceptName"
            } ]
          }
        } ]
      } ],
      "mandatory" : true
    }, {
      "name" : "Iron injections",
      "uuid" : "a665e816-4b2b-4ecf-9ea2-fbd23c4875ba",
      "keyValues" : [ ],
      "concept" : {
        "name" : "Iron injections",
        "uuid" : "ed76df60-9ed8-4c5a-a5f1-3f4bfad6532e",
        "dataType" : "Coded",
        "answers" : [ {
          "name" : "No",
          "uuid" : "a6a7e47d-c258-4e4e-840c-d8bd6cefc7b4",
          "dataType" : "NA",
          "answers" : [ ],
          "order" : 1.0,
          "active" : true
        }, {
          "name" : "Yes",
          "uuid" : "1bc21eb3-f2f3-4d85-bdc0-ec1ae0e56672",
          "dataType" : "NA",
          "answers" : [ ],
          "order" : 0.0,
          "active" : true
        } ],
        "active" : true
      },
      "displayOrder" : 4.0,
      "type" : "SingleSelect",
      "rule" : "'use strict';\n({params, imports}) => {\n  const programEnrolment = params.entity;\n  const moment = imports.moment;\n  const formElement = params.formElement;\n  const _ = imports.lodash;\n  let visibility = true;\n  let value = null;\n  let answersToSkip = [];\n  let validationErrors = [];\n  \n  const condition11 = new imports.rulesConfig.RuleCondition({programEnrolment, formElement}).when.valueInEnrolment(\"562a67ac-66a3-4cdc-9c4f-b5a5c830b352\").containsAnswerConceptName(\"1bc21eb3-f2f3-4d85-bdc0-ec1ae0e56672\").matches();\n  \n  visibility = condition11 ;\n  \n  return new imports.rulesConfig.FormElementStatus(formElement.uuid, visibility, value, answersToSkip, validationErrors);\n};",
      "declarativeRule" : [ {
        "actions" : [ {
          "actionType" : "showFormElement"
        }, { } ],
        "conditions" : [ {
          "compoundRule" : {
            "rules" : [ {
              "lhs" : {
                "type" : "concept",
                "scope" : "enrolment",
                "conceptName" : "Taking any treatment?",
                "conceptUuid" : "562a67ac-66a3-4cdc-9c4f-b5a5c830b352",
                "conceptDataType" : "Coded"
              },
              "rhs" : {
                "type" : "answerConcept",
                "answerConceptNames" : [ "Yes" ],
                "answerConceptUuids" : [ "1bc21eb3-f2f3-4d85-bdc0-ec1ae0e56672" ]
              },
              "operator" : "containsAnswerConceptName"
            } ]
          }
        } ]
      } ],
      "mandatory" : true
    }, {
      "name" : "Blood transfusion",
      "uuid" : "3d07e572-9385-4960-8287-558f19ec687e",
      "keyValues" : [ ],
      "concept" : {
        "name" : "Blood transfusion",
        "uuid" : "97a7d94f-467d-45d9-a82f-9326d942c1ae",
        "dataType" : "Coded",
        "answers" : [ {
          "name" : "Yes",
          "uuid" : "1bc21eb3-f2f3-4d85-bdc0-ec1ae0e56672",
          "dataType" : "NA",
          "answers" : [ ],
          "order" : 0.0,
          "active" : true
        }, {
          "name" : "No",
          "uuid" : "a6a7e47d-c258-4e4e-840c-d8bd6cefc7b4",
          "dataType" : "NA",
          "answers" : [ ],
          "order" : 1.0,
          "active" : true
        } ],
        "active" : true
      },
      "displayOrder" : 5.0,
      "type" : "SingleSelect",
      "rule" : "'use strict';\n({params, imports}) => {\n  const programEnrolment = params.entity;\n  const moment = imports.moment;\n  const formElement = params.formElement;\n  const _ = imports.lodash;\n  let visibility = true;\n  let value = null;\n  let answersToSkip = [];\n  let validationErrors = [];\n  \n  const condition11 = new imports.rulesConfig.RuleCondition({programEnrolment, formElement}).when.valueInEnrolment(\"562a67ac-66a3-4cdc-9c4f-b5a5c830b352\").containsAnswerConceptName(\"1bc21eb3-f2f3-4d85-bdc0-ec1ae0e56672\").matches();\n  \n  visibility = condition11 ;\n  \n  return new imports.rulesConfig.FormElementStatus(formElement.uuid, visibility, value, answersToSkip, validationErrors);\n};",
      "declarativeRule" : [ {
        "actions" : [ {
          "actionType" : "showFormElement"
        }, { } ],
        "conditions" : [ {
          "compoundRule" : {
            "rules" : [ {
              "lhs" : {
                "type" : "concept",
                "scope" : "enrolment",
                "conceptName" : "Taking any treatment?",
                "conceptUuid" : "562a67ac-66a3-4cdc-9c4f-b5a5c830b352",
                "conceptDataType" : "Coded"
              },
              "rhs" : {
                "type" : "answerConcept",
                "answerConceptNames" : [ "Yes" ],
                "answerConceptUuids" : [ "1bc21eb3-f2f3-4d85-bdc0-ec1ae0e56672" ]
              },
              "operator" : "containsAnswerConceptName"
            } ]
          }
        } ]
      } ],
      "mandatory" : true
    } ],
    "display" : "Past treatment history",
    "timed" : false
  }, {
    "uuid" : "0bd752bb-6f92-4415-affe-8584a0c71eb0",
    "name" : "Present Treatment & Medicines",
    "displayOrder" : 8.0,
    "formElements" : [ {
      "name" : "Started on treatment",
      "uuid" : "15661c0f-a4ec-4f5e-8d75-8b8c3ad7be36",
      "keyValues" : [ ],
      "concept" : {
        "name" : "Started on treatment",
        "uuid" : "57105f88-4f4e-4b5d-8933-c64888b6117c",
        "dataType" : "Coded",
        "answers" : [ {
          "name" : "No",
          "uuid" : "a6a7e47d-c258-4e4e-840c-d8bd6cefc7b4",
          "dataType" : "NA",
          "answers" : [ ],
          "order" : 1.0,
          "active" : true
        }, {
          "name" : "Yes",
          "uuid" : "1bc21eb3-f2f3-4d85-bdc0-ec1ae0e56672",
          "dataType" : "NA",
          "answers" : [ ],
          "order" : 0.0,
          "active" : true
        } ],
        "active" : true
      },
      "displayOrder" : 1.0,
      "type" : "SingleSelect",
      "mandatory" : true
    }, {
      "name" : "Present Treatment & Medicines",
      "uuid" : "bab3edc5-f3d5-492a-ae14-323ae72e5357",
      "keyValues" : [ {
        "key" : "repeatable",
        "value" : true
      } ],
      "concept" : {
        "name" : "Present Treatment & Medicines",
        "uuid" : "a528fa8a-d9b2-4e6f-9b35-32dfe17a6793",
        "dataType" : "QuestionGroup",
        "answers" : [ ],
        "active" : true
      },
      "displayOrder" : 2.0,
      "type" : "SingleSelect",
      "rule" : "'use strict';\n({params, imports}) => {\n  const programEnrolment = params.entity;\n  const moment = imports.moment;\n  const formElement = params.formElement;\n  const _ = imports.lodash;\n  let visibility = true;\n  let value = null;\n  let answersToSkip = [];\n  let validationErrors = [];\n  \n  const condition11 = new imports.rulesConfig.RuleCondition({programEnrolment, formElement}).when.valueInEnrolment(\"57105f88-4f4e-4b5d-8933-c64888b6117c\").containsAnswerConceptName(\"1bc21eb3-f2f3-4d85-bdc0-ec1ae0e56672\").matches();\n  \n  visibility = condition11 ;\n  \n  return new imports.rulesConfig.FormElementStatus(formElement.uuid, visibility, value, answersToSkip, validationErrors);\n};",
      "declarativeRule" : [ {
        "actions" : [ {
          "actionType" : "showFormElement"
        }, { } ],
        "conditions" : [ {
          "compoundRule" : {
            "rules" : [ {
              "lhs" : {
                "type" : "concept",
                "scope" : "enrolment",
                "conceptName" : "Started on treatment",
                "conceptUuid" : "57105f88-4f4e-4b5d-8933-c64888b6117c",
                "conceptDataType" : "Coded"
              },
              "rhs" : {
                "type" : "answerConcept",
                "answerConceptNames" : [ "Yes" ],
                "answerConceptUuids" : [ "1bc21eb3-f2f3-4d85-bdc0-ec1ae0e56672" ]
              },
              "operator" : "containsAnswerConceptName"
            } ],
            "conjunction" : "or"
          }
        } ]
      } ],
      "mandatory" : false
    }, {
      "name" : "Anaemia Medicine Name",
      "uuid" : "958bc780-f361-4018-a41c-8fcc5a8513d3",
      "keyValues" : [ ],
      "concept" : {
        "name" : "Anaemia Medicine Name",
        "uuid" : "dc2e0822-07dd-47fb-848c-706a8bab4fa3",
        "dataType" : "Coded",
        "answers" : [ {
          "name" : "Iron injections",
          "uuid" : "ed76df60-9ed8-4c5a-a5f1-3f4bfad6532e",
          "dataType" : "Coded",
          "answers" : [ {
            "name" : "No",
            "uuid" : "a6a7e47d-c258-4e4e-840c-d8bd6cefc7b4",
            "dataType" : "NA",
            "answers" : [ ],
            "order" : 1.0,
            "active" : true
          }, {
            "name" : "Yes",
            "uuid" : "1bc21eb3-f2f3-4d85-bdc0-ec1ae0e56672",
            "dataType" : "NA",
            "answers" : [ ],
            "order" : 0.0,
            "active" : true
          } ],
          "order" : 5.0,
          "active" : true
        }, {
          "name" : "B complex tablets",
          "uuid" : "fb837382-43f4-45d3-8e60-12a71fb5713f",
          "dataType" : "Coded",
          "answers" : [ {
            "name" : "No",
            "uuid" : "a6a7e47d-c258-4e4e-840c-d8bd6cefc7b4",
            "dataType" : "NA",
            "answers" : [ ],
            "order" : 1.0,
            "active" : true
          }, {
            "name" : "Yes",
            "uuid" : "1bc21eb3-f2f3-4d85-bdc0-ec1ae0e56672",
            "dataType" : "NA",
            "answers" : [ ],
            "order" : 0.0,
            "active" : true
          } ],
          "order" : 4.0,
          "active" : true
        }, {
          "name" : "Iron folic tablets",
          "uuid" : "9e893ded-a0a6-439d-845d-5e4bb72d2672",
          "dataType" : "Coded",
          "answers" : [ {
            "name" : "Yes",
            "uuid" : "1bc21eb3-f2f3-4d85-bdc0-ec1ae0e56672",
            "dataType" : "NA",
            "answers" : [ ],
            "order" : 0.0,
            "active" : true
          }, {
            "name" : "No",
            "uuid" : "a6a7e47d-c258-4e4e-840c-d8bd6cefc7b4",
            "dataType" : "NA",
            "answers" : [ ],
            "order" : 1.0,
            "active" : true
          } ],
          "order" : 1.0,
          "active" : true
        }, {
          "name" : "Vit B12",
          "uuid" : "4d2997e6-2b52-4420-8e26-9ee4596d2ddf",
          "dataType" : "NA",
          "answers" : [ ],
          "order" : 3.0,
          "active" : true
        }, {
          "name" : "None",
          "uuid" : "82a42f48-df66-423e-8d5b-b9b33604896a",
          "dataType" : "NA",
          "answers" : [ ],
          "order" : 0.0,
          "unique" : true,
          "active" : true
        }, {
          "name" : "Blood transfusion",
          "uuid" : "97a7d94f-467d-45d9-a82f-9326d942c1ae",
          "dataType" : "Coded",
          "answers" : [ {
            "name" : "Yes",
            "uuid" : "1bc21eb3-f2f3-4d85-bdc0-ec1ae0e56672",
            "dataType" : "NA",
            "answers" : [ ],
            "order" : 0.0,
            "active" : true
          }, {
            "name" : "No",
            "uuid" : "a6a7e47d-c258-4e4e-840c-d8bd6cefc7b4",
            "dataType" : "NA",
            "answers" : [ ],
            "order" : 1.0,
            "active" : true
          } ],
          "order" : 6.0,
          "active" : true
        }, {
          "name" : "Folic acid tablets",
          "uuid" : "b301aeb0-1375-49ad-b13c-ab9a7005a45c",
          "dataType" : "NA",
          "answers" : [ ],
          "order" : 2.0,
          "active" : true
        }, {
          "name" : "Other",
          "uuid" : "fee0efe2-7385-4db8-a529-1c8d5e937bad",
          "dataType" : "NA",
          "answers" : [ ],
          "order" : 7.0,
          "active" : true
        } ],
        "active" : true
      },
      "displayOrder" : 3.0,
      "type" : "SingleSelect",
      "parentFormElementUuid" : "bab3edc5-f3d5-492a-ae14-323ae72e5357",
      "mandatory" : true
    }, {
      "name" : "Medicine Name",
      "uuid" : "8a17064a-b1f0-4d73-83c3-629b43c151ff",
      "keyValues" : [ ],
      "concept" : {
        "name" : "Anaemia Medicine Name",
        "uuid" : "dc2e0822-07dd-47fb-848c-706a8bab4fa3",
        "dataType" : "Coded",
        "answers" : [ {
          "name" : "Iron injections",
          "uuid" : "ed76df60-9ed8-4c5a-a5f1-3f4bfad6532e",
          "dataType" : "Coded",
          "answers" : [ {
            "name" : "No",
            "uuid" : "a6a7e47d-c258-4e4e-840c-d8bd6cefc7b4",
            "dataType" : "NA",
            "answers" : [ ],
            "order" : 1.0,
            "active" : true
          }, {
            "name" : "Yes",
            "uuid" : "1bc21eb3-f2f3-4d85-bdc0-ec1ae0e56672",
            "dataType" : "NA",
            "answers" : [ ],
            "order" : 0.0,
            "active" : true
          } ],
          "order" : 5.0,
          "active" : true
        }, {
          "name" : "B complex tablets",
          "uuid" : "fb837382-43f4-45d3-8e60-12a71fb5713f",
          "dataType" : "Coded",
          "answers" : [ {
            "name" : "No",
            "uuid" : "a6a7e47d-c258-4e4e-840c-d8bd6cefc7b4",
            "dataType" : "NA",
            "answers" : [ ],
            "order" : 1.0,
            "active" : true
          }, {
            "name" : "Yes",
            "uuid" : "1bc21eb3-f2f3-4d85-bdc0-ec1ae0e56672",
            "dataType" : "NA",
            "answers" : [ ],
            "order" : 0.0,
            "active" : true
          } ],
          "order" : 4.0,
          "active" : true
        }, {
          "name" : "Iron folic tablets",
          "uuid" : "9e893ded-a0a6-439d-845d-5e4bb72d2672",
          "dataType" : "Coded",
          "answers" : [ {
            "name" : "Yes",
            "uuid" : "1bc21eb3-f2f3-4d85-bdc0-ec1ae0e56672",
            "dataType" : "NA",
            "answers" : [ ],
            "order" : 0.0,
            "active" : true
          }, {
            "name" : "No",
            "uuid" : "a6a7e47d-c258-4e4e-840c-d8bd6cefc7b4",
            "dataType" : "NA",
            "answers" : [ ],
            "order" : 1.0,
            "active" : true
          } ],
          "order" : 1.0,
          "active" : true
        }, {
          "name" : "Vit B12",
          "uuid" : "4d2997e6-2b52-4420-8e26-9ee4596d2ddf",
          "dataType" : "NA",
          "answers" : [ ],
          "order" : 3.0,
          "active" : true
        }, {
          "name" : "None",
          "uuid" : "82a42f48-df66-423e-8d5b-b9b33604896a",
          "dataType" : "NA",
          "answers" : [ ],
          "order" : 0.0,
          "unique" : true,
          "active" : true
        }, {
          "name" : "Blood transfusion",
          "uuid" : "97a7d94f-467d-45d9-a82f-9326d942c1ae",
          "dataType" : "Coded",
          "answers" : [ {
            "name" : "Yes",
            "uuid" : "1bc21eb3-f2f3-4d85-bdc0-ec1ae0e56672",
            "dataType" : "NA",
            "answers" : [ ],
            "order" : 0.0,
            "active" : true
          }, {
            "name" : "No",
            "uuid" : "a6a7e47d-c258-4e4e-840c-d8bd6cefc7b4",
            "dataType" : "NA",
            "answers" : [ ],
            "order" : 1.0,
            "active" : true
          } ],
          "order" : 6.0,
          "active" : true
        }, {
          "name" : "Folic acid tablets",
          "uuid" : "b301aeb0-1375-49ad-b13c-ab9a7005a45c",
          "dataType" : "NA",
          "answers" : [ ],
          "order" : 2.0,
          "active" : true
        }, {
          "name" : "Other",
          "uuid" : "fee0efe2-7385-4db8-a529-1c8d5e937bad",
          "dataType" : "NA",
          "answers" : [ ],
          "order" : 7.0,
          "active" : true
        } ],
        "active" : true
      },
      "displayOrder" : 4.0,
      "type" : "MultiSelect",
      "rule" : "",
      "parentFormElementUuid" : "bab3edc5-f3d5-492a-ae14-323ae72e5357",
      "voided" : true,
      "mandatory" : true
    }, {
      "name" : "Other medicine, please specify",
      "uuid" : "d8cba4d9-e83c-4922-9092-a5bda630fad3",
      "keyValues" : [ ],
      "concept" : {
        "name" : "Other medicine, please specify",
        "uuid" : "f1658409-ad82-4d2a-9bf7-9630e9c098e1",
        "dataType" : "Text",
        "answers" : [ ],
        "active" : true
      },
      "displayOrder" : 5.0,
      "type" : "SingleSelect",
      "rule" : "'use strict';\n({params, imports}) => {\n  const programEnrolment = params.entity;\n  const moment = imports.moment;\n  const formElement = params.formElement;\n  const _ = imports.lodash;\n  let visibility = true;\n  let value = null;\n  let answersToSkip = [];\n  let validationErrors = [];\n  \n  const condition11 = new imports.rulesConfig.RuleCondition({programEnrolment, formElement}).when.questionGroupValueInEnrolment(\"dc2e0822-07dd-47fb-848c-706a8bab4fa3\", \"a528fa8a-d9b2-4e6f-9b35-32dfe17a6793\", params.questionGroupIndex).containsAnswerConceptName(\"fee0efe2-7385-4db8-a529-1c8d5e937bad\").matches();\n\n\n  const condition12 = new imports.rulesConfig.RuleCondition({programEnrolment, formElement}).when.questionGroupValueInEnrolment(\"dc2e0822-07dd-47fb-848c-706a8bab4fa3\", \"a528fa8a-d9b2-4e6f-9b35-32dfe17a6793\", params.questionGroupIndex).containsAnswerConceptName(\"82a42f48-df66-423e-8d5b-b9b33604896a\").matches();\n  \n  visibility = !(condition12) && condition11;\n    \n  return new imports.rulesConfig.FormElementStatus(formElement.uuid, visibility, value, answersToSkip, validationErrors);\n};\n",
      "parentFormElementUuid" : "bab3edc5-f3d5-492a-ae14-323ae72e5357",
      "mandatory" : true
    }, {
      "name" : "Strength",
      "uuid" : "5746481a-cea8-408e-838b-e6f3fe9a4616",
      "keyValues" : [ ],
      "concept" : {
        "name" : "Strength",
        "uuid" : "2661173c-3ddc-48b3-9129-9410a7a62c1c",
        "dataType" : "Numeric",
        "answers" : [ ],
        "lowAbsolute" : 0.0,
        "active" : true
      },
      "displayOrder" : 6.0,
      "type" : "SingleSelect",
      "rule" : "'use strict';\n({params, imports}) => {\n  const programEnrolment = params.entity;\n  const moment = imports.moment;\n  const formElement = params.formElement;\n  const _ = imports.lodash;\n  let visibility = true;\n  let value = null;\n  let answersToSkip = [];\n  let validationErrors = [];\n  \n  const condition11 = new imports.rulesConfig.RuleCondition({programEnrolment, formElement}).when.questionGroupValueInEnrolment(\"dc2e0822-07dd-47fb-848c-706a8bab4fa3\", \"a528fa8a-d9b2-4e6f-9b35-32dfe17a6793\", params.questionGroupIndex).containsAnswerConceptName(\"82a42f48-df66-423e-8d5b-b9b33604896a\").matches();\n  \n  visibility = !(condition11 );\n  \n  return new imports.rulesConfig.FormElementStatus(formElement.uuid, visibility, value, answersToSkip, validationErrors);\n};\n",
      "parentFormElementUuid" : "bab3edc5-f3d5-492a-ae14-323ae72e5357",
      "mandatory" : true
    }, {
      "name" : "Frequency",
      "uuid" : "0ef78be5-824e-4122-bd35-8cae273bc242",
      "keyValues" : [ ],
      "concept" : {
        "name" : "Anemia Medicine Frequency",
        "uuid" : "d1cfbbde-9321-4d25-9ad2-f1f3668f8b74",
        "dataType" : "Coded",
        "answers" : [ {
          "name" : "Thrice a day",
          "uuid" : "040b8f21-b3a2-4233-a0d7-5a6df3637b61",
          "dataType" : "NA",
          "answers" : [ ],
          "order" : 2.0,
          "active" : true
        }, {
          "name" : "Once a day",
          "uuid" : "aaadc120-583b-4d10-8d70-1539eb672135",
          "dataType" : "NA",
          "answers" : [ ],
          "order" : 0.0,
          "active" : true
        }, {
          "name" : "Twice a day",
          "uuid" : "168364de-49e2-45ff-adac-25dd63f25008",
          "dataType" : "NA",
          "answers" : [ ],
          "order" : 1.0,
          "active" : true
        }, {
          "name" : "Other",
          "uuid" : "fee0efe2-7385-4db8-a529-1c8d5e937bad",
          "dataType" : "NA",
          "answers" : [ ],
          "order" : 3.0,
          "active" : true
        } ],
        "active" : true
      },
      "displayOrder" : 7.0,
      "type" : "SingleSelect",
      "rule" : "'use strict';\n({params, imports}) => {\n  const programEnrolment = params.entity;\n  const moment = imports.moment;\n  const formElement = params.formElement;\n  const _ = imports.lodash;\n  let visibility = true;\n  let value = null;\n  let answersToSkip = [];\n  let validationErrors = [];\n  \n  const condition11 = new imports.rulesConfig.RuleCondition({programEnrolment, formElement}).when.questionGroupValueInEnrolment(\"dc2e0822-07dd-47fb-848c-706a8bab4fa3\", \"a528fa8a-d9b2-4e6f-9b35-32dfe17a6793\", params.questionGroupIndex).containsAnswerConceptName(\"82a42f48-df66-423e-8d5b-b9b33604896a\").matches();\n  \n  visibility = !(condition11 );\n  \n  return new imports.rulesConfig.FormElementStatus(formElement.uuid, visibility, value, answersToSkip, validationErrors);\n};\n",
      "parentFormElementUuid" : "bab3edc5-f3d5-492a-ae14-323ae72e5357",
      "mandatory" : true
    }, {
      "name" : "Other Frequency, please specify",
      "uuid" : "729a86fa-b4f4-415d-8daf-849d62c09ca0",
      "keyValues" : [ ],
      "concept" : {
        "name" : "Other Frequency, please specify",
        "uuid" : "6b3c15f5-9d78-4243-bb07-d0840bc38fea",
        "dataType" : "Text",
        "answers" : [ ],
        "active" : true
      },
      "displayOrder" : 8.0,
      "type" : "SingleSelect",
      "rule" : "'use strict';\n({params, imports}) => {\n  const programEnrolment = params.entity;\n  const moment = imports.moment;\n  const formElement = params.formElement;\n  const _ = imports.lodash;\n  let visibility = true;\n  let value = null;\n  let answersToSkip = [];\n  let validationErrors = [];\n  \n  const condition11 = new imports.rulesConfig.RuleCondition({programEnrolment, formElement}).when.questionGroupValueInEnrolment(\"d1cfbbde-9321-4d25-9ad2-f1f3668f8b74\", \"a528fa8a-d9b2-4e6f-9b35-32dfe17a6793\", params.questionGroupIndex).containsAnswerConceptName(\"fee0efe2-7385-4db8-a529-1c8d5e937bad\").matches();\n  \n  visibility = condition11 ;\n  \n  return new imports.rulesConfig.FormElementStatus(formElement.uuid, visibility, value, answersToSkip, validationErrors);\n};",
      "declarativeRule" : [ {
        "actions" : [ {
          "actionType" : "showFormElement"
        }, { } ],
        "conditions" : [ {
          "compoundRule" : {
            "rules" : [ {
              "lhs" : {
                "type" : "concept",
                "scope" : "questionGroupEnrolment",
                "conceptName" : "Anemia Medicine Frequency",
                "conceptUuid" : "d1cfbbde-9321-4d25-9ad2-f1f3668f8b74",
                "conceptDataType" : "Coded",
                "parentConceptUuid" : "a528fa8a-d9b2-4e6f-9b35-32dfe17a6793"
              },
              "rhs" : {
                "type" : "answerConcept",
                "answerConceptNames" : [ "Other" ],
                "answerConceptUuids" : [ "fee0efe2-7385-4db8-a529-1c8d5e937bad" ]
              },
              "operator" : "containsAnswerConceptName"
            } ]
          }
        } ]
      } ],
      "parentFormElementUuid" : "bab3edc5-f3d5-492a-ae14-323ae72e5357",
      "mandatory" : true
    }, {
      "name" : "Medicine Name",
      "uuid" : "ace8c7c3-10d4-40ef-8481-5e591b00f689",
      "keyValues" : [ ],
      "concept" : {
        "name" : "Anaemia Medicine Name",
        "uuid" : "dc2e0822-07dd-47fb-848c-706a8bab4fa3",
        "dataType" : "Coded",
        "answers" : [ {
          "name" : "Iron injections",
          "uuid" : "ed76df60-9ed8-4c5a-a5f1-3f4bfad6532e",
          "dataType" : "Coded",
          "answers" : [ {
            "name" : "No",
            "uuid" : "a6a7e47d-c258-4e4e-840c-d8bd6cefc7b4",
            "dataType" : "NA",
            "answers" : [ ],
            "order" : 1.0,
            "active" : true
          }, {
            "name" : "Yes",
            "uuid" : "1bc21eb3-f2f3-4d85-bdc0-ec1ae0e56672",
            "dataType" : "NA",
            "answers" : [ ],
            "order" : 0.0,
            "active" : true
          } ],
          "order" : 5.0,
          "active" : true
        }, {
          "name" : "B complex tablets",
          "uuid" : "fb837382-43f4-45d3-8e60-12a71fb5713f",
          "dataType" : "Coded",
          "answers" : [ {
            "name" : "No",
            "uuid" : "a6a7e47d-c258-4e4e-840c-d8bd6cefc7b4",
            "dataType" : "NA",
            "answers" : [ ],
            "order" : 1.0,
            "active" : true
          }, {
            "name" : "Yes",
            "uuid" : "1bc21eb3-f2f3-4d85-bdc0-ec1ae0e56672",
            "dataType" : "NA",
            "answers" : [ ],
            "order" : 0.0,
            "active" : true
          } ],
          "order" : 4.0,
          "active" : true
        }, {
          "name" : "Iron folic tablets",
          "uuid" : "9e893ded-a0a6-439d-845d-5e4bb72d2672",
          "dataType" : "Coded",
          "answers" : [ {
            "name" : "Yes",
            "uuid" : "1bc21eb3-f2f3-4d85-bdc0-ec1ae0e56672",
            "dataType" : "NA",
            "answers" : [ ],
            "order" : 0.0,
            "active" : true
          }, {
            "name" : "No",
            "uuid" : "a6a7e47d-c258-4e4e-840c-d8bd6cefc7b4",
            "dataType" : "NA",
            "answers" : [ ],
            "order" : 1.0,
            "active" : true
          } ],
          "order" : 1.0,
          "active" : true
        }, {
          "name" : "Vit B12",
          "uuid" : "4d2997e6-2b52-4420-8e26-9ee4596d2ddf",
          "dataType" : "NA",
          "answers" : [ ],
          "order" : 3.0,
          "active" : true
        }, {
          "name" : "None",
          "uuid" : "82a42f48-df66-423e-8d5b-b9b33604896a",
          "dataType" : "NA",
          "answers" : [ ],
          "order" : 0.0,
          "unique" : true,
          "active" : true
        }, {
          "name" : "Blood transfusion",
          "uuid" : "97a7d94f-467d-45d9-a82f-9326d942c1ae",
          "dataType" : "Coded",
          "answers" : [ {
            "name" : "Yes",
            "uuid" : "1bc21eb3-f2f3-4d85-bdc0-ec1ae0e56672",
            "dataType" : "NA",
            "answers" : [ ],
            "order" : 0.0,
            "active" : true
          }, {
            "name" : "No",
            "uuid" : "a6a7e47d-c258-4e4e-840c-d8bd6cefc7b4",
            "dataType" : "NA",
            "answers" : [ ],
            "order" : 1.0,
            "active" : true
          } ],
          "order" : 6.0,
          "active" : true
        }, {
          "name" : "Folic acid tablets",
          "uuid" : "b301aeb0-1375-49ad-b13c-ab9a7005a45c",
          "dataType" : "NA",
          "answers" : [ ],
          "order" : 2.0,
          "active" : true
        }, {
          "name" : "Other",
          "uuid" : "fee0efe2-7385-4db8-a529-1c8d5e937bad",
          "dataType" : "NA",
          "answers" : [ ],
          "order" : 7.0,
          "active" : true
        } ],
        "active" : true
      },
      "displayOrder" : 9.0,
      "type" : "SingleSelect",
      "parentFormElementUuid" : "bab3edc5-f3d5-492a-ae14-323ae72e5357",
      "voided" : true,
      "mandatory" : true
    } ],
    "display" : "Present Treatment & Medicines",
    "timed" : false
  }, {
    "uuid" : "00033c2e-f56e-48b9-bbe5-d457bff4244c",
    "name" : "Next follow up",
    "displayOrder" : 9.0,
    "formElements" : [ {
      "name" : "Next home visit date",
      "uuid" : "8a306f22-8aef-4a00-933a-cefe9101ac47",
      "keyValues" : [ ],
      "concept" : {
        "name" : "Next home visit date",
        "uuid" : "fbf6eee4-ed36-4570-a305-e97eacd50136",
        "dataType" : "Date",
        "answers" : [ ],
        "active" : true
      },
      "displayOrder" : 1.0,
      "type" : "SingleSelect",
      "rule" : "'use strict';\n({params, imports}) => {\n  const programEnrolment = params.entity;\n  const moment = imports.moment;\n  const formElement = params.formElement;\n  const _ = imports.lodash;\n  let visibility = true;\n  let value = null;\n  let answersToSkip = [];\n  let validationErrors = [];\n\n  let enrlDateTime = programEnrolment.enrolmentDateTime;\n    \n  const allEncounters = programEnrolment.encounters;\n  const anemiaFollowups = allEncounters\n      .filter(e => e.encounterType.name === 'Anaemia Followup')\n      .sort((a, b) => moment(b.encounterDateTime).diff(moment(a.encounterDateTime)));\n      \n  const lastFollowup = anemiaFollowups[0];\n  \n  value = moment(enrlDateTime).add(15, 'days').format(\"YYYY-MM-DD\");\n  \n  let oldSelectedDate = programEnrolment.getObservationReadableValue(\"3e3e7172-b052-40d5-9903-c6f464ace466\");\n  if (oldSelectedDate) {\n      oldSelectedDate = moment(oldSelectedDate, \"YYYY-MM-DD\", true).format(\"YYYY-MM-DD\");\n  }\n\n  let selectedDate = programEnrolment.getObservationReadableValue(\"fbf6eee4-ed36-4570-a305-e97eacd50136\");\n  if (selectedDate) {\n      selectedDate = moment(selectedDate, \"YYYY-MM-DD\", true).format(\"YYYY-MM-DD\");\n  }\n  \n  if(lastFollowup && lastFollowup.encounterDateTime != null){\n    if (oldSelectedDate && selectedDate && oldSelectedDate !== selectedDate) {\n      validationErrors.push('Cannot modify next home visit date in the enrolment, as followup encounter is already done');\n    } \n  } else {\n    if (!selectedDate) {\n      return new imports.rulesConfig.FormElementStatus(formElement.uuid, visibility, value, answersToSkip, validationErrors);\n    }\n    const currentDate = moment().startOf('day');\n    selectedDate = moment(selectedDate, \"YYYY-MM-DD\", true).startOf('day');\n  \n    if (selectedDate.isValid()) {\n      if (selectedDate.isBefore(currentDate)) {\n        validationErrors.push(\"Invalid date: Past dates are not allowed for the next home visit date.\");\n      } else if (selectedDate.isSame(currentDate)) {\n        validationErrors.push(\"Invalid date: Today's date is not allowed for the next home visit date.\");\n      }\n    }\n  }\n  \n  return new imports.rulesConfig.FormElementStatus(formElement.uuid, visibility, value, answersToSkip, validationErrors);\n};",
      "mandatory" : true
    } ],
    "display" : "Next follow up",
    "timed" : false
  } ],
  "decisionRule" : "\"use strict\";\n({params, imports}) => {\n    const programEnrolment = params.entity;\n    const moment = imports.moment;\n    const decisions = params.decisions;\n    const enrolmentDecisions = [];\n    const encounterDecisions = [];\n    const registrationDecisions = [];\n    \n    const condition11 = new imports.rulesConfig.RuleCondition({programEnrolment}).when.valueInEnrolment(\"fbf6eee4-ed36-4570-a305-e97eacd50136\").defined.matches();\n  \n    const nextHomeVisitDate = programEnrolment.getObservationReadableValue(\"fbf6eee4-ed36-4570-a305-e97eacd50136\");\n  \n    if(condition11 ){\n      enrolmentDecisions.push({name: \"Anemia Next followup Due date\", value: nextHomeVisitDate});  \n    }\n  \n    decisions.enrolmentDecisions.push(...enrolmentDecisions);\n    decisions.encounterDecisions.push(...encounterDecisions);\n    decisions.registrationDecisions.push(...registrationDecisions);\n    return decisions;\n};",
  "visitScheduleRule" : "\"use strict\";\n({ params, imports }) => {\n  const programEnrolment = params.entity;\n  const moment = imports.moment;\n  const scheduleBuilder = new imports.rulesConfig.VisitScheduleBuilder({programEnrolment});\n  \n  const condition11 = new imports.rulesConfig.RuleCondition({programEnrolment}).when.ageInYears.greaterThanOrEqualTo(6).matches();\n  \n  if(condition11 ){\n    const earliestDate = moment(programEnrolment.getObservationReadableValue('fbf6eee4-ed36-4570-a305-e97eacd50136')).add(0, 'days').toDate();\n    const maxDate = moment(programEnrolment.getObservationReadableValue('fbf6eee4-ed36-4570-a305-e97eacd50136')).add(30, 'days').toDate();\n    scheduleBuilder.add({name: \"Anaemia Followup\", encounterType: \"Anaemia Followup\", earliestDate, maxDate});  \n}\n  \n  return scheduleBuilder.getAll();\n};",
  "validationRule" : "",
  "checklistsRule" : "",
  "decisionConcepts" : [ ],
  "visitScheduleDeclarativeRule" : [ {
    "actions" : [ {
      "details" : {
        "dateField" : "Next home visit date",
        "dateFieldUuid" : "fbf6eee4-ed36-4570-a305-e97eacd50136",
        "daysToOverdue" : "30",
        "encounterName" : "Anaemia Followup",
        "encounterType" : "Anaemia Followup",
        "daysToSchedule" : "0"
      },
      "actionType" : "scheduleVisit"
    }, { } ],
    "conditions" : [ {
      "compoundRule" : {
        "rules" : [ {
          "lhs" : {
            "type" : "ageInYears"
          },
          "rhs" : {
            "type" : "value",
            "value" : 6
          },
          "operator" : "greaterThanOrEqualTo"
        } ]
      }
    } ]
  } ]
}