{
  "name" : "Anaemia  Exit",
  "uuid" : "26f0087a-25fc-4a95-bde2-a25a149abf82",
  "formType" : "ProgramExit",
  "formElementGroups" : [ {
    "uuid" : "ba961298-1509-4e67-ada5-1b54902cc5b6",
    "name" : "Exit Details",
    "displayOrder" : 1.0,
    "formElements" : [ {
      "name" : "Cause of Exit",
      "uuid" : "713c4fd8-61a1-40ac-a53a-62e7e29fd1a3",
      "keyValues" : [ ],
      "concept" : {
        "name" : "Cause of Exit for Anemia",
        "uuid" : "f0cc57fd-d3d6-4e64-9cf6-9e4393f5f105",
        "dataType" : "Coded",
        "answers" : [ {
          "name" : "Death",
          "uuid" : "67f6a681-d4cf-499a-84c9-98d7ce84d3c7",
          "dataType" : "NA",
          "answers" : [ ],
          "order" : 0.0,
          "active" : true
        }, {
          "name" : "Not ready for services",
          "uuid" : "beaebaa2-e4b8-4ef5-8664-ee32e93490b5",
          "dataType" : "NA",
          "answers" : [ ],
          "order" : 2.0,
          "active" : true
        }, {
          "name" : "Doctor has stopped medicines",
          "uuid" : "5fa5dcab-22c2-4378-9bb2-a32d87d26360",
          "dataType" : "NA",
          "answers" : [ ],
          "order" : 3.0,
          "active" : true
        }, {
          "name" : "Permanent migration",
          "uuid" : "1fc06144-8bdb-4a3e-abe1-b5acce1fe97e",
          "dataType" : "NA",
          "answers" : [ ],
          "order" : 1.0,
          "active" : true
        }, {
          "name" : "Cured",
          "uuid" : "2b37e195-708b-4e2a-8dc6-77e25883c383",
          "dataType" : "NA",
          "answers" : [ ],
          "order" : 4.0,
          "active" : true
        }, {
          "name" : "Other",
          "uuid" : "fee0efe2-7385-4db8-a529-1c8d5e937bad",
          "dataType" : "NA",
          "answers" : [ ],
          "order" : 5.0,
          "active" : true
        } ],
        "active" : true
      },
      "displayOrder" : 1.0,
      "type" : "SingleSelect",
      "mandatory" : true
    }, {
      "name" : "Specify Other cause of Exit",
      "uuid" : "69a50a75-5a0f-4614-ac4e-f7fe1003ece1",
      "keyValues" : [ ],
      "concept" : {
        "name" : "Specify Other cause of Exit",
        "uuid" : "c691f85b-efc4-4779-a952-02378e818158",
        "dataType" : "Text",
        "answers" : [ ],
        "active" : true
      },
      "displayOrder" : 2.0,
      "type" : "SingleSelect",
      "rule" : "'use strict';\n({params, imports}) => {\n  const programEnrolment = params.entity;\n  const moment = imports.moment;\n  const formElement = params.formElement;\n  const _ = imports.lodash;\n  let visibility = true;\n  let value = null;\n  let answersToSkip = [];\n  let validationErrors = [];\n  \n  const condition11 = new imports.rulesConfig.RuleCondition({programEnrolment, formElement}).when.valueInExit(\"f0cc57fd-d3d6-4e64-9cf6-9e4393f5f105\").containsAnswerConceptName(\"fee0efe2-7385-4db8-a529-1c8d5e937bad\").matches();\n  \n  visibility = condition11 ;\n  \n  return new imports.rulesConfig.FormElementStatus(formElement.uuid, visibility, value, answersToSkip, validationErrors);\n};",
      "declarativeRule" : [ {
        "actions" : [ {
          "actionType" : "showFormElement"
        }, { } ],
        "conditions" : [ {
          "compoundRule" : {
            "rules" : [ {
              "lhs" : {
                "type" : "concept",
                "scope" : "exit",
                "conceptName" : "Cause of Exit for Anemia",
                "conceptUuid" : "f0cc57fd-d3d6-4e64-9cf6-9e4393f5f105",
                "conceptDataType" : "Coded"
              },
              "rhs" : {
                "type" : "answerConcept",
                "answerConceptNames" : [ "Other" ],
                "answerConceptUuids" : [ "fee0efe2-7385-4db8-a529-1c8d5e937bad" ]
              },
              "operator" : "containsAnswerConceptName"
            } ]
          }
        } ]
      } ],
      "mandatory" : true
    } ],
    "display" : "Exit Details",
    "timed" : false
  } ],
  "decisionRule" : "",
  "visitScheduleRule" : "",
  "validationRule" : "",
  "checklistsRule" : "",
  "decisionConcepts" : [ ]
}