{
  "name" : "Household Registration",
  "uuid" : "47c4a575-1de4-429d-ad51-dc461c653ecc",
  "formType" : "IndividualProfile",
  "formElementGroups" : [ {
    "uuid" : "92e52248-3f43-4b06-bde9-6ac688f655a5",
    "name" : "Details",
    "displayOrder" : 1.0,
    "formElements" : [ {
      "name" : "House Number",
      "uuid" : "86783d70-919c-4453-a0f2-997be60867f7",
      "keyValues" : [ ],
      "concept" : {
        "name" : "House Number (voided~276505)",
        "uuid" : "a97db0ce-4b70-4945-b937-6687e2417da2",
        "dataType" : "Numeric",
        "answers" : [ ],
        "lowAbsolute" : 0.0,
        "active" : true,
        "voided" : true
      },
      "displayOrder" : 1.0,
      "type" : "SingleSelect",
      "voided" : true,
      "mandatory" : false
    }, {
      "name" : "House Number",
      "uuid" : "1817662c-9cc5-45f2-9596-f0bb3a1b9168",
      "keyValues" : [ ],
      "concept" : {
        "name" : "House Number",
        "uuid" : "77555cba-e36c-4fdd-84ef-e87b1bc72482",
        "dataType" : "Text",
        "answers" : [ ],
        "active" : true
      },
      "displayOrder" : 2.0,
      "type" : "SingleSelect",
      "mandatory" : true
    }, {
      "name" : "APL/BPL",
      "uuid" : "b987aa33-5505-4a64-a6de-bf6d5680bf68",
      "keyValues" : [ ],
      "concept" : {
        "name" : "APL/BPL",
        "uuid" : "801f7723-23db-4063-b792-df857fc73083",
        "dataType" : "Coded",
        "answers" : [ {
          "name" : "BPL",
          "uuid" : "370dcc04-3a0e-4355-af78-2ae881e5dfff",
          "dataType" : "NA",
          "answers" : [ ],
          "order" : 1.0,
          "active" : true
        }, {
          "name" : "APL",
          "uuid" : "979cb543-2ba5-4348-8971-d5fe34fefcf5",
          "dataType" : "NA",
          "answers" : [ ],
          "order" : 0.0,
          "active" : true
        } ],
        "active" : true
      },
      "displayOrder" : 3.0,
      "type" : "SingleSelect",
      "rule" : "",
      "mandatory" : true
    } ],
    "display" : "Details",
    "timed" : false
  } ],
  "decisionRule" : "",
  "visitScheduleRule" : "",
  "validationRule" : "",
  "checklistsRule" : "",
  "decisionConcepts" : [ ]
}