{
  "name" : "Individual Registration",
  "uuid" : "144af689-2e86-4acf-b0c7-43b248b30978",
  "formType" : "IndividualProfile",
  "formElementGroups" : [ {
    "uuid" : "90b94bcb-608c-4d43-ad29-7720329f2404",
    "name" : "Individual information",
    "displayOrder" : 1.0,
    "formElements" : [ {
      "name" : "Is Father Registered?",
      "uuid" : "15ae5c59-51aa-48e1-a267-569e5ed7c347",
      "keyValues" : [ ],
      "concept" : {
        "name" : "Is Father Registered?",
        "uuid" : "7217bd75-b0d9-4250-a2e2-7f6ee421e482",
        "dataType" : "Coded",
        "answers" : [ {
          "name" : "No",
          "uuid" : "a6a7e47d-c258-4e4e-840c-d8bd6cefc7b4",
          "dataType" : "NA",
          "answers" : [ ],
          "order" : 1.0,
          "active" : true
        }, {
          "name" : "Yes",
          "uuid" : "1bc21eb3-f2f3-4d85-bdc0-ec1ae0e56672",
          "dataType" : "NA",
          "answers" : [ ],
          "order" : 0.0,
          "active" : true
        } ],
        "active" : true
      },
      "displayOrder" : 1.0,
      "type" : "SingleSelect",
      "rule" : "'use strict';\n({params, imports}) => {\n  const individual = params.entity;\n  const moment = imports.moment;\n  const formElement = params.formElement;\n  const _ = imports.lodash;\n  let visibility = true;\n  let value = null;\n  let answersToSkip = [];\n  let validationErrors = [];\n  \n  const condition11 = new imports.rulesConfig.RuleCondition({individual, formElement}).when.ageInYears.lessThanOrEqualTo(14).matches();\n  \n  visibility = condition11 ;\n  \n  return new imports.rulesConfig.FormElementStatus(formElement.uuid, visibility, value, answersToSkip, validationErrors);\n};",
      "declarativeRule" : [ {
        "actions" : [ {
          "actionType" : "showFormElement"
        }, { } ],
        "conditions" : [ {
          "compoundRule" : {
            "rules" : [ {
              "lhs" : {
                "type" : "ageInYears"
              },
              "rhs" : {
                "type" : "value",
                "value" : 14
              },
              "operator" : "lessThanOrEqualTo"
            } ]
          }
        } ]
      } ],
      "mandatory" : true
    }, {
      "name" : "Father's name",
      "uuid" : "e38d3e0c-a04d-45db-a674-c26b8d11452b",
      "keyValues" : [ ],
      "concept" : {
        "name" : "Registered Father List",
        "uuid" : "3c01e1bf-2621-4b39-a9d3-d669fc264b08",
        "dataType" : "Subject",
        "answers" : [ ],
        "active" : true,
        "keyValues" : [ {
          "key" : "subjectTypeUUID",
          "value" : "9f194eba-dde4-46b0-a3f4-583272fb5866"
        } ]
      },
      "displayOrder" : 2.0,
      "type" : "SingleSelect",
      "rule" : "'use strict';\n({params, imports}) => {\n  const individual = params.entity;\n  const moment = imports.moment;\n  const formElement = params.formElement;\n  const _ = imports.lodash;\n  let visibility = true;\n  let value = null;\n  let answersToSkip = [];\n  let validationErrors = [];\n  let answersToShow = [];\n  const individualService = params.services.individualService;\n  \n  const isFatherRegistered = new imports.rulesConfig.RuleCondition({individual, formElement}).when.valueInRegistration(\"7217bd75-b0d9-4250-a2e2-7f6ee421e482\").containsAnswerConceptName(\"1bc21eb3-f2f3-4d85-bdc0-ec1ae0e56672\").matches();\n  \n  visibility = isFatherRegistered;\n  \n  const fatherSubjectsUUIDs = individualService.getSubjectsInLocation(individual.lowestAddressLevel, 'Individual')\n    .filter((ind) => ind.getAgeInYears() >= 14 && ind.isMale())\n    .map((ind) => ind.uuid);\n\n  if(fatherSubjectsUUIDs && fatherSubjectsUUIDs.length > 0){\n     answersToShow.push(...fatherSubjectsUUIDs);\n  } else {\n    validationErrors.push(\"There are no fathers registered in this selected location with age greater than 14.\");\n  }\n  \n  const selectedFather = individual.getObservationValue(\"3c01e1bf-2621-4b39-a9d3-d669fc264b08\");\n  \n  if(selectedFather && answersToShow.length > 0 && (!answersToShow.includes(selectedFather))) {\n    //validationErrors.push(\"The selected father has a different address than the chosen individual address. Please select a father associated with the selected address.\");\n    validationErrors.push(\"The selected individual is not a valid candidate for father. Please select a valid individual.\");\n  }\n  \n  return new imports.rulesConfig.FormElementStatus(formElement.uuid, visibility, value, answersToSkip, validationErrors);\n};",
      "mandatory" : true
    }, {
      "name" : "Father's age",
      "uuid" : "ef28b4c7-89c5-4c1c-b350-6a0635fba1c0",
      "keyValues" : [ {
        "key" : "editable",
        "value" : false
      } ],
      "concept" : {
        "name" : "individual father age",
        "uuid" : "cd7fea5c-f249-432d-a1cb-145880540c7b",
        "dataType" : "Text",
        "answers" : [ ],
        "active" : true
      },
      "displayOrder" : 3.0,
      "type" : "SingleSelect",
      "rule" : "'use strict';\n({params, imports}) => {\n  const individual = params.entity;\n  const moment = imports.moment;\n  const formElement = params.formElement;\n  const _ = imports.lodash;\n  let visibility = true;\n  let value = null;\n  let answersToSkip = [];\n  let validationErrors = [];\n  const individualService = params.services.individualService;\n  \n  const condition11 = new imports.rulesConfig.RuleCondition({individual, formElement}).when.valueInRegistration(\"7217bd75-b0d9-4250-a2e2-7f6ee421e482\").containsAnswerConceptName(\"1bc21eb3-f2f3-4d85-bdc0-ec1ae0e56672\").and.when.valueInRegistration(\"3c01e1bf-2621-4b39-a9d3-d669fc264b08\").defined.matches();\n  \n  visibility = condition11 ;\n  \n  if(condition11){\n    const selectedFatherUUID = individual.getObservationValue(\"3c01e1bf-2621-4b39-a9d3-d669fc264b08\");\n    if(selectedFatherUUID){\n      const selectedFatherAge = individualService.getSubjectByUUID(selectedFatherUUID).getAgeInYears();\n      value = selectedFatherAge;\n    }\n  }\n  \n  return new imports.rulesConfig.FormElementStatus(formElement.uuid, visibility, value, answersToSkip, validationErrors);\n};",
      "mandatory" : true
    }, {
      "name" : "Father's occupation",
      "uuid" : "9df1c88f-4dd9-4be2-af87-62cfb79650ab",
      "keyValues" : [ {
        "key" : "editable",
        "value" : false
      } ],
      "concept" : {
        "name" : "individual father occupation",
        "uuid" : "633cb47d-f0ee-40a3-96ab-eada4c15af38",
        "dataType" : "Text",
        "answers" : [ ],
        "active" : true
      },
      "displayOrder" : 4.0,
      "type" : "SingleSelect",
      "rule" : "'use strict';\n({params, imports}) => {\n  const individual = params.entity;\n  const moment = imports.moment;\n  const formElement = params.formElement;\n  const _ = imports.lodash;\n  let visibility = true;\n  let value = null;\n  let answersToSkip = [];\n  let validationErrors = [];\n  const individualService = params.services.individualService;\n  \n  const condition11 = new imports.rulesConfig.RuleCondition({individual, formElement}).when.valueInRegistration(\"7217bd75-b0d9-4250-a2e2-7f6ee421e482\").containsAnswerConceptName(\"1bc21eb3-f2f3-4d85-bdc0-ec1ae0e56672\").and.when.valueInRegistration(\"3c01e1bf-2621-4b39-a9d3-d669fc264b08\").defined.matches();\n  \n  visibility = condition11 ;\n  \n  if(condition11){\n    const selectedFatherUUID = individual.getObservationValue(\"3c01e1bf-2621-4b39-a9d3-d669fc264b08\");\n    if(selectedFatherUUID){\n      const selectedFatherOccupation = individualService.getSubjectByUUID(selectedFatherUUID).getObservationReadableValue('e18d696d-97d3-4ae3-ade3-f84afa6ab4da');\n      value = selectedFatherOccupation;\n    }\n  }\n  \n  return new imports.rulesConfig.FormElementStatus(formElement.uuid, visibility, value, answersToSkip, validationErrors);\n};",
      "mandatory" : true
    }, {
      "name" : "Father's name",
      "uuid" : "684ce973-2d84-4b05-b8fe-9cdadfc30fe8",
      "keyValues" : [ ],
      "concept" : {
        "name" : "Father's name",
        "uuid" : "03222efa-f7c1-40aa-80af-c2d0631771de",
        "dataType" : "Text",
        "answers" : [ ],
        "active" : true
      },
      "displayOrder" : 5.0,
      "type" : "SingleSelect",
      "rule" : "'use strict';\n({params, imports}) => {\n  const individual = params.entity;\n  const moment = imports.moment;\n  const formElement = params.formElement;\n  const _ = imports.lodash;\n  let visibility = true;\n  let value = null;\n  let answersToSkip = [];\n  let validationErrors = [];\n  \n  const condition11 = new imports.rulesConfig.RuleCondition({individual, formElement}).when.valueInRegistration(\"7217bd75-b0d9-4250-a2e2-7f6ee421e482\").containsAnswerConceptName(\"a6a7e47d-c258-4e4e-840c-d8bd6cefc7b4\").matches();\n  \n  visibility = condition11 ;\n  \n  const fatherName   = individual.getObservationReadableValue('03222efa-f7c1-40aa-80af-c2d0631771de');\n  const motherName   = individual.getObservationReadableValue('b18eefad-551f-4e9c-b92a-9af11d4352e1');\n  const guardianName = individual.getObservationReadableValue('f80e28d5-3090-4cef-bb46-cf6df3e59976');\n  \n  const isMotherReg  = individual.getObservationReadableValue('Is Mother Registered?');\n  \n  if(isMotherReg === 'No'){\n    if (_.isEmpty(fatherName) && _.isEmpty(motherName) && _.isEmpty(guardianName)) {\n      validationErrors.push(\"At least provide Father's name or Mother's name or Guardian's name\");\n    }\n  }\n  \n  return new imports.rulesConfig.FormElementStatus(formElement.uuid, visibility, value, answersToSkip, validationErrors);\n};",
      "mandatory" : false
    }, {
      "name" : "Father's age",
      "uuid" : "b27ae7e5-b430-4d4e-8ec4-1db1c13c00b2",
      "keyValues" : [ ],
      "concept" : {
        "name" : "Father's age",
        "uuid" : "7f13434a-f434-4731-8a61-46f4f14ff97c",
        "dataType" : "Numeric",
        "answers" : [ ],
        "lowAbsolute" : 0.0,
        "highAbsolute" : 100.0,
        "active" : true
      },
      "displayOrder" : 6.0,
      "type" : "SingleSelect",
      "rule" : "'use strict';\n({params, imports}) => {\n  const individual = params.entity;\n  const moment = imports.moment;\n  const formElement = params.formElement;\n  const _ = imports.lodash;\n  let visibility = true;\n  let value = null;\n  let answersToSkip = [];\n  let validationErrors = [];\n  \n  const condition11 = new imports.rulesConfig.RuleCondition({individual, formElement}).when.valueInRegistration(\"7217bd75-b0d9-4250-a2e2-7f6ee421e482\").containsAnswerConceptName(\"a6a7e47d-c258-4e4e-840c-d8bd6cefc7b4\").and.when.valueInRegistration(\"03222efa-f7c1-40aa-80af-c2d0631771de\").defined.matches();\n  \n  visibility = condition11 ;\n  \n  return new imports.rulesConfig.FormElementStatus(formElement.uuid, visibility, value, answersToSkip, validationErrors);\n};",
      "declarativeRule" : [ {
        "actions" : [ {
          "actionType" : "showFormElement"
        }, { } ],
        "conditions" : [ {
          "compoundRule" : {
            "rules" : [ {
              "lhs" : {
                "type" : "concept",
                "scope" : "registration",
                "conceptName" : "Is Father Registered?",
                "conceptUuid" : "7217bd75-b0d9-4250-a2e2-7f6ee421e482",
                "conceptDataType" : "Coded"
              },
              "rhs" : {
                "type" : "answerConcept",
                "answerConceptNames" : [ "No" ],
                "answerConceptUuids" : [ "a6a7e47d-c258-4e4e-840c-d8bd6cefc7b4" ]
              },
              "operator" : "containsAnswerConceptName"
            }, {
              "lhs" : {
                "type" : "concept",
                "scope" : "registration",
                "conceptName" : "Father's name",
                "conceptUuid" : "03222efa-f7c1-40aa-80af-c2d0631771de",
                "conceptDataType" : "Text"
              },
              "rhs" : { },
              "operator" : "defined"
            } ],
            "conjunction" : "and"
          }
        } ]
      } ],
      "mandatory" : true
    }, {
      "name" : "Father's occupation",
      "uuid" : "148446d4-fb9d-4a55-be06-9b524fc22165",
      "keyValues" : [ ],
      "concept" : {
        "name" : "Father's occupation",
        "uuid" : "1acda1bf-129c-4f8a-86af-57e6209a3fe7",
        "dataType" : "Coded",
        "answers" : [ {
          "name" : "Student",
          "uuid" : "03443c2a-ef94-4730-b217-683fd8a3c4d9",
          "dataType" : "NA",
          "answers" : [ ],
          "order" : 15.0,
          "active" : true
        }, {
          "name" : "Skilled labour",
          "uuid" : "3dcc21f6-575d-40c0-8108-9a620ecbf0fe",
          "dataType" : "NA",
          "answers" : [ ],
          "order" : 10.0,
          "active" : true
        }, {
          "name" : "Healer",
          "uuid" : "544dcb80-e6ad-4392-8a0f-17d930aac68e",
          "dataType" : "NA",
          "answers" : [ ],
          "order" : 11.0,
          "active" : true
        }, {
          "name" : "House maid",
          "uuid" : "e8adeba0-8506-4b0e-b440-a8f7af180310",
          "dataType" : "NA",
          "answers" : [ ],
          "order" : 5.0,
          "active" : true
        }, {
          "name" : "Farm labourer",
          "uuid" : "6420f475-7256-482c-89df-25bec15a6b7f",
          "dataType" : "NA",
          "answers" : [ ],
          "order" : 0.0,
          "active" : true
        }, {
          "name" : "Small business",
          "uuid" : "c9492522-d876-437d-9002-5e3a83555217",
          "dataType" : "NA",
          "answers" : [ ],
          "order" : 4.0,
          "active" : true
        }, {
          "name" : "Small shop",
          "uuid" : "e1061996-f626-4ea3-91d4-0fd48799f417",
          "dataType" : "NA",
          "answers" : [ ],
          "order" : 3.0,
          "active" : true
        }, {
          "name" : "Retired",
          "uuid" : "776035a2-5ec6-4276-9d73-382d126f9493",
          "dataType" : "NA",
          "answers" : [ ],
          "order" : 13.0,
          "active" : true
        }, {
          "name" : "Own Farming",
          "uuid" : "cafa0e42-55c8-497d-80ce-5db4aba8260e",
          "dataType" : "NA",
          "answers" : [ ],
          "order" : 2.0,
          "active" : true
        }, {
          "name" : "Factory labourer",
          "uuid" : "633ee8d8-fabf-49a6-81c2-dbc1fd339ff0",
          "dataType" : "NA",
          "answers" : [ ],
          "order" : 1.0,
          "active" : true
        }, {
          "name" : "Animal husbandry",
          "uuid" : "7206903e-0be0-4add-988c-2c1a8f65387d",
          "dataType" : "NA",
          "answers" : [ ],
          "order" : 14.0,
          "active" : true
        }, {
          "name" : "Other",
          "uuid" : "fee0efe2-7385-4db8-a529-1c8d5e937bad",
          "dataType" : "NA",
          "answers" : [ ],
          "order" : 16.0,
          "active" : true
        }, {
          "name" : "Salaried job",
          "uuid" : "c79de7f9-ae3a-40f5-a19e-4c0ac3d43dde",
          "dataType" : "NA",
          "answers" : [ ],
          "order" : 6.0,
          "active" : true
        }, {
          "name" : "Other non skilled labour",
          "uuid" : "712dd178-8b92-40f5-af6f-28afa03ac696",
          "dataType" : "NA",
          "answers" : [ ],
          "order" : 9.0,
          "active" : true
        }, {
          "name" : "Sugar cane cutter",
          "uuid" : "e35e73a2-cff4-4269-b282-a0b3b484dfd9",
          "dataType" : "NA",
          "answers" : [ ],
          "order" : 8.0,
          "active" : true
        }, {
          "name" : "Home maker",
          "uuid" : "2df8107b-07b1-4d0b-a0cd-f113ada00200",
          "dataType" : "NA",
          "answers" : [ ],
          "order" : 7.0,
          "active" : true
        }, {
          "name" : "Professional",
          "uuid" : "52322b46-bde0-455a-81b5-cc186db85ff2",
          "dataType" : "NA",
          "answers" : [ ],
          "order" : 12.0,
          "active" : true
        } ],
        "active" : true
      },
      "displayOrder" : 7.0,
      "type" : "SingleSelect",
      "rule" : "'use strict';\n({params, imports}) => {\n  const individual = params.entity;\n  const moment = imports.moment;\n  const formElement = params.formElement;\n  const _ = imports.lodash;\n  let visibility = true;\n  let value = null;\n  let answersToSkip = [];\n  let validationErrors = [];\n  \n  const condition11 = new imports.rulesConfig.RuleCondition({individual, formElement}).when.valueInRegistration(\"7217bd75-b0d9-4250-a2e2-7f6ee421e482\").containsAnswerConceptName(\"a6a7e47d-c258-4e4e-840c-d8bd6cefc7b4\").and.when.valueInRegistration(\"03222efa-f7c1-40aa-80af-c2d0631771de\").defined.matches();\n  \n  visibility = condition11 ;\n  \n  return new imports.rulesConfig.FormElementStatus(formElement.uuid, visibility, value, answersToSkip, validationErrors);\n};",
      "declarativeRule" : [ {
        "actions" : [ {
          "actionType" : "showFormElement"
        }, { } ],
        "conditions" : [ {
          "compoundRule" : {
            "rules" : [ {
              "lhs" : {
                "type" : "concept",
                "scope" : "registration",
                "conceptName" : "Is Father Registered?",
                "conceptUuid" : "7217bd75-b0d9-4250-a2e2-7f6ee421e482",
                "conceptDataType" : "Coded"
              },
              "rhs" : {
                "type" : "answerConcept",
                "answerConceptNames" : [ "No" ],
                "answerConceptUuids" : [ "a6a7e47d-c258-4e4e-840c-d8bd6cefc7b4" ]
              },
              "operator" : "containsAnswerConceptName"
            }, {
              "lhs" : {
                "type" : "concept",
                "scope" : "registration",
                "conceptName" : "Father's name",
                "conceptUuid" : "03222efa-f7c1-40aa-80af-c2d0631771de",
                "conceptDataType" : "Text"
              },
              "rhs" : { },
              "operator" : "defined"
            } ],
            "conjunction" : "and"
          }
        } ]
      } ],
      "mandatory" : true
    }, {
      "name" : "Other occupation, please specify",
      "uuid" : "097d740b-c6a0-4465-806f-696b0aeca04c",
      "keyValues" : [ ],
      "concept" : {
        "name" : "Other occupation, please specify",
        "uuid" : "712f4ec6-dac8-4cab-9978-204d72ccda3d",
        "dataType" : "Text",
        "answers" : [ ],
        "active" : true
      },
      "displayOrder" : 8.0,
      "type" : "SingleSelect",
      "rule" : "'use strict';\n({params, imports}) => {\n  const individual = params.entity;\n  const moment = imports.moment;\n  const formElement = params.formElement;\n  const _ = imports.lodash;\n  let visibility = true;\n  let value = null;\n  let answersToSkip = [];\n  let validationErrors = [];\n  \n  const condition11 = new imports.rulesConfig.RuleCondition({individual, formElement}).when.valueInRegistration(\"1acda1bf-129c-4f8a-86af-57e6209a3fe7\").containsAnswerConceptName(\"fee0efe2-7385-4db8-a529-1c8d5e937bad\").matches();\n  \n  visibility = condition11 ;\n  \n  return new imports.rulesConfig.FormElementStatus(formElement.uuid, visibility, value, answersToSkip, validationErrors);\n};",
      "declarativeRule" : [ {
        "actions" : [ {
          "actionType" : "showFormElement"
        }, { } ],
        "conditions" : [ {
          "compoundRule" : {
            "rules" : [ {
              "lhs" : {
                "type" : "concept",
                "scope" : "registration",
                "conceptName" : "Father's occupation",
                "conceptUuid" : "1acda1bf-129c-4f8a-86af-57e6209a3fe7",
                "conceptDataType" : "Coded"
              },
              "rhs" : {
                "type" : "answerConcept",
                "answerConceptNames" : [ "Other" ],
                "answerConceptUuids" : [ "fee0efe2-7385-4db8-a529-1c8d5e937bad" ]
              },
              "operator" : "containsAnswerConceptName"
            } ]
          }
        } ]
      } ],
      "mandatory" : true
    }, {
      "name" : "Is Mother Registered?",
      "uuid" : "56b9f6de-786e-449d-b322-070fa056138b",
      "keyValues" : [ ],
      "concept" : {
        "name" : "Is Mother Registered?",
        "uuid" : "4bb2dfb8-44be-40bb-a251-ca7f19f10633",
        "dataType" : "Coded",
        "answers" : [ {
          "name" : "Yes",
          "uuid" : "1bc21eb3-f2f3-4d85-bdc0-ec1ae0e56672",
          "dataType" : "NA",
          "answers" : [ ],
          "order" : 0.0,
          "active" : true
        }, {
          "name" : "No",
          "uuid" : "a6a7e47d-c258-4e4e-840c-d8bd6cefc7b4",
          "dataType" : "NA",
          "answers" : [ ],
          "order" : 1.0,
          "active" : true
        } ],
        "active" : true
      },
      "displayOrder" : 9.0,
      "type" : "SingleSelect",
      "rule" : "'use strict';\n({params, imports}) => {\n  const individual = params.entity;\n  const moment = imports.moment;\n  const formElement = params.formElement;\n  const _ = imports.lodash;\n  let visibility = true;\n  let value = null;\n  let answersToSkip = [];\n  let validationErrors = [];\n  \n  const condition11 = new imports.rulesConfig.RuleCondition({individual, formElement}).when.ageInYears.lessThanOrEqualTo(14).matches();\n  \n  visibility = condition11 ;\n  \n  return new imports.rulesConfig.FormElementStatus(formElement.uuid, visibility, value, answersToSkip, validationErrors);\n};",
      "declarativeRule" : [ {
        "actions" : [ {
          "actionType" : "showFormElement"
        }, { } ],
        "conditions" : [ {
          "compoundRule" : {
            "rules" : [ {
              "lhs" : {
                "type" : "ageInYears"
              },
              "rhs" : {
                "type" : "value",
                "value" : 14
              },
              "operator" : "lessThanOrEqualTo"
            } ],
            "conjunction" : "and"
          }
        } ]
      } ],
      "mandatory" : true
    }, {
      "name" : "Mother's name",
      "uuid" : "be5dd9e7-f6a8-48b7-9075-d9002acb9c46",
      "keyValues" : [ ],
      "concept" : {
        "name" : "Registered Mother List",
        "uuid" : "4cb08db7-1392-4e20-a88e-47a18ad089d2",
        "dataType" : "Subject",
        "answers" : [ ],
        "active" : true,
        "keyValues" : [ {
          "key" : "subjectTypeUUID",
          "value" : "9f194eba-dde4-46b0-a3f4-583272fb5866"
        } ]
      },
      "displayOrder" : 10.0,
      "type" : "SingleSelect",
      "rule" : "'use strict';\n({params, imports}) => {\n  const individual = params.entity;\n  const moment = imports.moment;\n  const formElement = params.formElement;\n  const _ = imports.lodash;\n  let visibility = true;\n  let value = null;\n  let answersToSkip = [];\n  let validationErrors = [];\n  let answersToShow = [];\n  const individualService = params.services.individualService;\n  \n  const isMotherRegistered = new imports.rulesConfig.RuleCondition({individual, formElement}).when.valueInRegistration(\"4bb2dfb8-44be-40bb-a251-ca7f19f10633\").containsAnswerConceptName(\"1bc21eb3-f2f3-4d85-bdc0-ec1ae0e56672\").matches();\n  \n  visibility = isMotherRegistered ;\n  \n  const motherSubjectsUUIDs = individualService.getSubjectsInLocation(individual.lowestAddressLevel, 'Individual')\n    .filter((ind) => ind.getAgeInYears() >= 14 && ind.isFemale())\n    .map((ind) => ind.uuid);\n\n  if(motherSubjectsUUIDs && motherSubjectsUUIDs.length > 0){\n   answersToShow.push(...motherSubjectsUUIDs);\n  }\n  else{\n    validationErrors.push(\"There are no mothers registered in this selected location with age greater than 12.\");\n  }\n  \n  const selectedMother = individual.getObservationValue(\"4cb08db7-1392-4e20-a88e-47a18ad089d2\");\n  \n  if(selectedMother && answersToShow.length > 0 && (!answersToShow.includes(selectedMother))) {\n    //validationErrors.push(\"The selected mother has a different address than the chosen individual address. Please select a mother associated with the selected address.\");\n    validationErrors.push(\"The selected individual is not a valid candidate for mother. Please select a valid individual.\");\n  }\n  \n  return new imports.rulesConfig.FormElementStatus(formElement.uuid, visibility, value, answersToSkip, validationErrors);\n};",
      "mandatory" : true
    }, {
      "name" : "Mother's age",
      "uuid" : "3bd5e5c3-a06c-45bb-aaf4-2c2f467b7af2",
      "keyValues" : [ {
        "key" : "editable",
        "value" : false
      } ],
      "concept" : {
        "name" : "individual mother age",
        "uuid" : "c09dd8af-b3b0-40f8-87d8-b06cb4bdc8d5",
        "dataType" : "Text",
        "answers" : [ ],
        "active" : true
      },
      "displayOrder" : 11.0,
      "type" : "SingleSelect",
      "rule" : "'use strict';\n({params, imports}) => {\n  const individual = params.entity;\n  const moment = imports.moment;\n  const formElement = params.formElement;\n  const _ = imports.lodash;\n  let visibility = true;\n  let value = null;\n  let answersToSkip = [];\n  let validationErrors = [];\n  const individualService = params.services.individualService;\n  \n  const condition11 = new imports.rulesConfig.RuleCondition({individual, formElement}).when.valueInRegistration(\"4bb2dfb8-44be-40bb-a251-ca7f19f10633\").containsAnswerConceptName(\"1bc21eb3-f2f3-4d85-bdc0-ec1ae0e56672\").and.when.valueInRegistration(\"4cb08db7-1392-4e20-a88e-47a18ad089d2\").defined.matches();\n  \n  visibility = condition11 ;\n  \n  if(condition11){\n    const selectedMotherUUID = individual.getObservationValue(\"4cb08db7-1392-4e20-a88e-47a18ad089d2\");\n    if(selectedMotherUUID){\n      const selectedMotherAge = individualService.getSubjectByUUID(selectedMotherUUID).getAgeInYears();\n      value = selectedMotherAge;\n    }\n  }\n  \n  return new imports.rulesConfig.FormElementStatus(formElement.uuid, visibility, value, answersToSkip, validationErrors);\n};",
      "mandatory" : true
    }, {
      "name" : "Mother's occupation",
      "uuid" : "5519c4eb-ce90-4a74-b576-e46da2d0c67c",
      "keyValues" : [ {
        "key" : "editable",
        "value" : false
      } ],
      "concept" : {
        "name" : "individual mother occupation",
        "uuid" : "d966d76b-f030-4ae1-824b-1ab669a01b44",
        "dataType" : "Text",
        "answers" : [ ],
        "active" : true
      },
      "displayOrder" : 12.0,
      "type" : "SingleSelect",
      "rule" : "'use strict';\n({params, imports}) => {\n  const individual = params.entity;\n  const moment = imports.moment;\n  const formElement = params.formElement;\n  const _ = imports.lodash;\n  let visibility = true;\n  let value = null;\n  let answersToSkip = [];\n  let validationErrors = [];\n  const individualService = params.services.individualService;\n  \n  const condition11 = new imports.rulesConfig.RuleCondition({individual, formElement}).when.valueInRegistration(\"4bb2dfb8-44be-40bb-a251-ca7f19f10633\").containsAnswerConceptName(\"1bc21eb3-f2f3-4d85-bdc0-ec1ae0e56672\").and.when.valueInRegistration(\"4cb08db7-1392-4e20-a88e-47a18ad089d2\").defined.matches();\n  \n  visibility = condition11 ;\n  \n  if(condition11){\n    const selectedMotherUUID = individual.getObservationValue(\"4cb08db7-1392-4e20-a88e-47a18ad089d2\");\n    console.log('selectedMotherUUID--->',selectedMotherUUID);\n    if(selectedMotherUUID){\n      const selectedMotherOccupation = individualService.getSubjectByUUID(selectedMotherUUID).getObservationReadableValue('e18d696d-97d3-4ae3-ade3-f84afa6ab4da');\n      console.log('selectedMotherOccupation--->',selectedMotherOccupation);\n      value = selectedMotherOccupation;\n    }\n  }\n  \n  return new imports.rulesConfig.FormElementStatus(formElement.uuid, visibility, value, answersToSkip, validationErrors);\n};",
      "mandatory" : true
    }, {
      "name" : "Mother's name",
      "uuid" : "81d5b88e-9d2a-4a7b-a950-d4d619d62e5c",
      "keyValues" : [ ],
      "concept" : {
        "name" : "Mother's name",
        "uuid" : "b18eefad-551f-4e9c-b92a-9af11d4352e1",
        "dataType" : "Text",
        "answers" : [ ],
        "active" : true
      },
      "displayOrder" : 13.0,
      "type" : "SingleSelect",
      "rule" : "'use strict';\n({params, imports}) => {\n  const individual = params.entity;\n  const moment = imports.moment;\n  const formElement = params.formElement;\n  const _ = imports.lodash;\n  let visibility = true;\n  let value = null;\n  let answersToSkip = [];\n  let validationErrors = [];\n  \n  const condition11 = new imports.rulesConfig.RuleCondition({individual, formElement}).when.valueInRegistration(\"4bb2dfb8-44be-40bb-a251-ca7f19f10633\").containsAnswerConceptName(\"a6a7e47d-c258-4e4e-840c-d8bd6cefc7b4\").matches();\n  \n  visibility = condition11 ;\n  \n  const fatherName   = individual.getObservationReadableValue('03222efa-f7c1-40aa-80af-c2d0631771de');\n  const motherName   = individual.getObservationReadableValue('b18eefad-551f-4e9c-b92a-9af11d4352e1');\n  const guardianName = individual.getObservationReadableValue('f80e28d5-3090-4cef-bb46-cf6df3e59976');\n  \n  const isMotherReg  = individual.getObservationReadableValue('Is Mother Registered?');\n  \n  if(isMotherReg === 'No'){\n    if (_.isEmpty(fatherName) && _.isEmpty(motherName) && _.isEmpty(guardianName)) {\n      validationErrors.push(\"At least provide Father's name or Mother's name or Guardian's name\");\n    }\n  }\n  \n  return new imports.rulesConfig.FormElementStatus(formElement.uuid, visibility, value, answersToSkip, validationErrors);\n};",
      "mandatory" : false
    }, {
      "name" : "Mother's age",
      "uuid" : "258f570e-8c43-456f-ae2a-3033dfab8f79",
      "keyValues" : [ ],
      "concept" : {
        "name" : "Mother's age",
        "uuid" : "24689bc2-fa45-436e-9dfd-fc6f75073bf5",
        "dataType" : "Numeric",
        "answers" : [ ],
        "lowAbsolute" : 0.0,
        "highAbsolute" : 100.0,
        "active" : true
      },
      "displayOrder" : 14.0,
      "type" : "SingleSelect",
      "rule" : "'use strict';\n({params, imports}) => {\n  const individual = params.entity;\n  const moment = imports.moment;\n  const formElement = params.formElement;\n  const _ = imports.lodash;\n  let visibility = true;\n  let value = null;\n  let answersToSkip = [];\n  let validationErrors = [];\n  \n  const condition11 = new imports.rulesConfig.RuleCondition({individual, formElement}).when.valueInRegistration(\"4bb2dfb8-44be-40bb-a251-ca7f19f10633\").containsAnswerConceptName(\"a6a7e47d-c258-4e4e-840c-d8bd6cefc7b4\").and.when.valueInRegistration(\"b18eefad-551f-4e9c-b92a-9af11d4352e1\").defined.matches();\n  \n  visibility = condition11 ;\n  \n  return new imports.rulesConfig.FormElementStatus(formElement.uuid, visibility, value, answersToSkip, validationErrors);\n};",
      "declarativeRule" : [ {
        "actions" : [ {
          "actionType" : "showFormElement"
        }, { } ],
        "conditions" : [ {
          "compoundRule" : {
            "rules" : [ {
              "lhs" : {
                "type" : "concept",
                "scope" : "registration",
                "conceptName" : "Is Mother Registered?",
                "conceptUuid" : "4bb2dfb8-44be-40bb-a251-ca7f19f10633",
                "conceptDataType" : "Coded"
              },
              "rhs" : {
                "type" : "answerConcept",
                "answerConceptNames" : [ "No" ],
                "answerConceptUuids" : [ "a6a7e47d-c258-4e4e-840c-d8bd6cefc7b4" ]
              },
              "operator" : "containsAnswerConceptName"
            }, {
              "lhs" : {
                "type" : "concept",
                "scope" : "registration",
                "conceptName" : "Mother's name",
                "conceptUuid" : "b18eefad-551f-4e9c-b92a-9af11d4352e1",
                "conceptDataType" : "Text"
              },
              "rhs" : { },
              "operator" : "defined"
            } ],
            "conjunction" : "and"
          }
        } ]
      } ],
      "mandatory" : true
    }, {
      "name" : "Mother's occupation",
      "uuid" : "25f473a9-9cb0-4e88-9b28-eda542a3c9f2",
      "keyValues" : [ ],
      "concept" : {
        "name" : "Mother's occupation",
        "uuid" : "04e884ab-84b3-48ec-9437-0a54f2fa9813",
        "dataType" : "Coded",
        "answers" : [ {
          "name" : "Home maker",
          "uuid" : "2df8107b-07b1-4d0b-a0cd-f113ada00200",
          "dataType" : "NA",
          "answers" : [ ],
          "order" : 7.0,
          "active" : true
        }, {
          "name" : "Small business",
          "uuid" : "c9492522-d876-437d-9002-5e3a83555217",
          "dataType" : "NA",
          "answers" : [ ],
          "order" : 4.0,
          "active" : true
        }, {
          "name" : "Animal husbandry",
          "uuid" : "7206903e-0be0-4add-988c-2c1a8f65387d",
          "dataType" : "NA",
          "answers" : [ ],
          "order" : 14.0,
          "active" : true
        }, {
          "name" : "Own Farming",
          "uuid" : "cafa0e42-55c8-497d-80ce-5db4aba8260e",
          "dataType" : "NA",
          "answers" : [ ],
          "order" : 2.0,
          "active" : true
        }, {
          "name" : "Student",
          "uuid" : "03443c2a-ef94-4730-b217-683fd8a3c4d9",
          "dataType" : "NA",
          "answers" : [ ],
          "order" : 15.0,
          "active" : true
        }, {
          "name" : "Factory labourer",
          "uuid" : "633ee8d8-fabf-49a6-81c2-dbc1fd339ff0",
          "dataType" : "NA",
          "answers" : [ ],
          "order" : 1.0,
          "active" : true
        }, {
          "name" : "Skilled labour",
          "uuid" : "3dcc21f6-575d-40c0-8108-9a620ecbf0fe",
          "dataType" : "NA",
          "answers" : [ ],
          "order" : 10.0,
          "active" : true
        }, {
          "name" : "Healer",
          "uuid" : "544dcb80-e6ad-4392-8a0f-17d930aac68e",
          "dataType" : "NA",
          "answers" : [ ],
          "order" : 11.0,
          "active" : true
        }, {
          "name" : "Other",
          "uuid" : "fee0efe2-7385-4db8-a529-1c8d5e937bad",
          "dataType" : "NA",
          "answers" : [ ],
          "order" : 16.0,
          "active" : true
        }, {
          "name" : "Small shop",
          "uuid" : "e1061996-f626-4ea3-91d4-0fd48799f417",
          "dataType" : "NA",
          "answers" : [ ],
          "order" : 3.0,
          "active" : true
        }, {
          "name" : "Salaried job",
          "uuid" : "c79de7f9-ae3a-40f5-a19e-4c0ac3d43dde",
          "dataType" : "NA",
          "answers" : [ ],
          "order" : 6.0,
          "active" : true
        }, {
          "name" : "Retired",
          "uuid" : "776035a2-5ec6-4276-9d73-382d126f9493",
          "dataType" : "NA",
          "answers" : [ ],
          "order" : 13.0,
          "active" : true
        }, {
          "name" : "Farm labourer",
          "uuid" : "6420f475-7256-482c-89df-25bec15a6b7f",
          "dataType" : "NA",
          "answers" : [ ],
          "order" : 0.0,
          "active" : true
        }, {
          "name" : "House maid",
          "uuid" : "e8adeba0-8506-4b0e-b440-a8f7af180310",
          "dataType" : "NA",
          "answers" : [ ],
          "order" : 5.0,
          "active" : true
        }, {
          "name" : "Other non skilled labour",
          "uuid" : "712dd178-8b92-40f5-af6f-28afa03ac696",
          "dataType" : "NA",
          "answers" : [ ],
          "order" : 9.0,
          "active" : true
        }, {
          "name" : "Sugar cane cutter",
          "uuid" : "e35e73a2-cff4-4269-b282-a0b3b484dfd9",
          "dataType" : "NA",
          "answers" : [ ],
          "order" : 8.0,
          "active" : true
        }, {
          "name" : "Professional",
          "uuid" : "52322b46-bde0-455a-81b5-cc186db85ff2",
          "dataType" : "NA",
          "answers" : [ ],
          "order" : 12.0,
          "active" : true
        } ],
        "active" : true
      },
      "displayOrder" : 15.0,
      "type" : "SingleSelect",
      "rule" : "'use strict';\n({params, imports}) => {\n  const individual = params.entity;\n  const moment = imports.moment;\n  const formElement = params.formElement;\n  const _ = imports.lodash;\n  let visibility = true;\n  let value = null;\n  let answersToSkip = [];\n  let validationErrors = [];\n  \n  const condition11 = new imports.rulesConfig.RuleCondition({individual, formElement}).when.valueInRegistration(\"4bb2dfb8-44be-40bb-a251-ca7f19f10633\").containsAnswerConceptName(\"a6a7e47d-c258-4e4e-840c-d8bd6cefc7b4\").and.when.valueInRegistration(\"b18eefad-551f-4e9c-b92a-9af11d4352e1\").defined.matches();\n  \n  visibility = condition11 ;\n  \n  return new imports.rulesConfig.FormElementStatus(formElement.uuid, visibility, value, answersToSkip, validationErrors);\n};",
      "declarativeRule" : [ {
        "actions" : [ {
          "actionType" : "showFormElement"
        }, { } ],
        "conditions" : [ {
          "compoundRule" : {
            "rules" : [ {
              "lhs" : {
                "type" : "concept",
                "scope" : "registration",
                "conceptName" : "Is Mother Registered?",
                "conceptUuid" : "4bb2dfb8-44be-40bb-a251-ca7f19f10633",
                "conceptDataType" : "Coded"
              },
              "rhs" : {
                "type" : "answerConcept",
                "answerConceptNames" : [ "No" ],
                "answerConceptUuids" : [ "a6a7e47d-c258-4e4e-840c-d8bd6cefc7b4" ]
              },
              "operator" : "containsAnswerConceptName"
            }, {
              "lhs" : {
                "type" : "concept",
                "scope" : "registration",
                "conceptName" : "Mother's name",
                "conceptUuid" : "b18eefad-551f-4e9c-b92a-9af11d4352e1",
                "conceptDataType" : "Text"
              },
              "rhs" : { },
              "operator" : "defined"
            } ],
            "conjunction" : "and"
          }
        } ]
      } ],
      "mandatory" : true
    }, {
      "name" : "Other occupation, please specify",
      "uuid" : "e06ca2ff-e223-4692-bf53-8417a3e3ffb2",
      "keyValues" : [ ],
      "concept" : {
        "name" : "Other occupation of Mother, please specify",
        "uuid" : "44a77c3c-24bc-4fde-84cc-18f46f23668b",
        "dataType" : "Text",
        "answers" : [ ],
        "active" : true
      },
      "displayOrder" : 16.0,
      "type" : "SingleSelect",
      "rule" : "'use strict';\n({params, imports}) => {\n  const individual = params.entity;\n  const moment = imports.moment;\n  const formElement = params.formElement;\n  const _ = imports.lodash;\n  let visibility = true;\n  let value = null;\n  let answersToSkip = [];\n  let validationErrors = [];\n  \n  const condition11 = new imports.rulesConfig.RuleCondition({individual, formElement}).when.valueInRegistration(\"04e884ab-84b3-48ec-9437-0a54f2fa9813\").containsAnswerConceptName(\"fee0efe2-7385-4db8-a529-1c8d5e937bad\").matches();\n  \n  visibility = condition11 ;\n  \n  return new imports.rulesConfig.FormElementStatus(formElement.uuid, visibility, value, answersToSkip, validationErrors);\n};",
      "declarativeRule" : [ {
        "actions" : [ {
          "actionType" : "showFormElement"
        }, { } ],
        "conditions" : [ {
          "compoundRule" : {
            "rules" : [ {
              "lhs" : {
                "type" : "concept",
                "scope" : "registration",
                "conceptName" : "Mother's occupation",
                "conceptUuid" : "04e884ab-84b3-48ec-9437-0a54f2fa9813",
                "conceptDataType" : "Coded"
              },
              "rhs" : {
                "type" : "answerConcept",
                "answerConceptNames" : [ "Other" ],
                "answerConceptUuids" : [ "fee0efe2-7385-4db8-a529-1c8d5e937bad" ]
              },
              "operator" : "containsAnswerConceptName"
            } ],
            "conjunction" : "and"
          }
        } ]
      } ],
      "mandatory" : true
    }, {
      "name" : "Guardian name",
      "uuid" : "0d61566e-21bf-49ba-abd3-1aa0234023ec",
      "keyValues" : [ ],
      "concept" : {
        "name" : "Guardian name",
        "uuid" : "f80e28d5-3090-4cef-bb46-cf6df3e59976",
        "dataType" : "Text",
        "answers" : [ ],
        "active" : true
      },
      "displayOrder" : 17.0,
      "type" : "SingleSelect",
      "rule" : "'use strict';\n({params, imports}) => {\n  const individual = params.entity;\n  const moment = imports.moment;\n  const formElement = params.formElement;\n  const _ = imports.lodash;\n  let visibility = true;\n  let value = null;\n  let answersToSkip = [];\n  let validationErrors = [];\n  \n  const condition11 = new imports.rulesConfig.RuleCondition({individual, formElement}).when.valueInRegistration(\"7217bd75-b0d9-4250-a2e2-7f6ee421e482\").containsAnyAnswerConceptName(\"1bc21eb3-f2f3-4d85-bdc0-ec1ae0e56672\",\"a6a7e47d-c258-4e4e-840c-d8bd6cefc7b4\").and.when.valueInRegistration(\"4bb2dfb8-44be-40bb-a251-ca7f19f10633\").containsAnyAnswerConceptName(\"1bc21eb3-f2f3-4d85-bdc0-ec1ae0e56672\").matches();\n  \n  const condition21 = new imports.rulesConfig.RuleCondition({individual, formElement}).when.ageInYears.greaterThan(14).matches();\n  \n  visibility = !(condition11 || condition21 );\n  \n  const fatherName   = individual.getObservationReadableValue('03222efa-f7c1-40aa-80af-c2d0631771de');\n  const motherName   = individual.getObservationReadableValue('b18eefad-551f-4e9c-b92a-9af11d4352e1');\n  const guardianName = individual.getObservationReadableValue('f80e28d5-3090-4cef-bb46-cf6df3e59976');\n  \n  const isMotherReg  = individual.getObservationReadableValue('Is Mother Registered?');\n  \n  if(isMotherReg === 'No'){\n    if (_.isEmpty(fatherName) && _.isEmpty(motherName) && _.isEmpty(guardianName)) {\n      validationErrors.push(\"At least provide Father's name or Mother's name or Guardian's name\");\n    }\n  }\n  \n  return new imports.rulesConfig.FormElementStatus(formElement.uuid, visibility, value, answersToSkip, validationErrors);\n};",
      "mandatory" : false
    }, {
      "name" : "Guardian's age",
      "uuid" : "48a03566-627b-41f1-8707-2bca193baa23",
      "keyValues" : [ ],
      "concept" : {
        "name" : "Guardian's age",
        "uuid" : "9262186d-9141-47e0-9fa4-f99faaca3223",
        "dataType" : "Numeric",
        "answers" : [ ],
        "lowAbsolute" : 0.0,
        "highAbsolute" : 100.0,
        "active" : true
      },
      "displayOrder" : 18.0,
      "type" : "SingleSelect",
      "rule" : "'use strict';\n({params, imports}) => {\n  const individual = params.entity;\n  const moment = imports.moment;\n  const formElement = params.formElement;\n  const _ = imports.lodash;\n  let visibility = true;\n  let value = null;\n  let answersToSkip = [];\n  let validationErrors = [];\n  \n  const condition11 = new imports.rulesConfig.RuleCondition({individual, formElement}).when.ageInYears.lessThan(14).and.when.valueInRegistration(\"03222efa-f7c1-40aa-80af-c2d0631771de\").notDefined.and.when.valueInRegistration(\"b18eefad-551f-4e9c-b92a-9af11d4352e1\").notDefined.and.when.valueInRegistration(\"f80e28d5-3090-4cef-bb46-cf6df3e59976\").defined.matches();\n  \n  visibility = condition11 ;\n  \n  return new imports.rulesConfig.FormElementStatus(formElement.uuid, visibility, value, answersToSkip, validationErrors);\n};",
      "declarativeRule" : [ {
        "actions" : [ {
          "actionType" : "showFormElement"
        }, { } ],
        "conditions" : [ {
          "compoundRule" : {
            "rules" : [ {
              "lhs" : {
                "type" : "ageInYears"
              },
              "rhs" : {
                "type" : "value",
                "value" : 14
              },
              "operator" : "lessThan"
            }, {
              "lhs" : {
                "type" : "concept",
                "scope" : "registration",
                "conceptName" : "Father's name",
                "conceptUuid" : "03222efa-f7c1-40aa-80af-c2d0631771de",
                "conceptDataType" : "Text"
              },
              "rhs" : { },
              "operator" : "notDefined"
            }, {
              "lhs" : {
                "type" : "concept",
                "scope" : "registration",
                "conceptName" : "Mother's name",
                "conceptUuid" : "b18eefad-551f-4e9c-b92a-9af11d4352e1",
                "conceptDataType" : "Text"
              },
              "rhs" : { },
              "operator" : "notDefined"
            }, {
              "lhs" : {
                "type" : "concept",
                "scope" : "registration",
                "conceptName" : "Guardian name",
                "conceptUuid" : "f80e28d5-3090-4cef-bb46-cf6df3e59976",
                "conceptDataType" : "Text"
              },
              "rhs" : { },
              "operator" : "defined"
            } ],
            "conjunction" : "and"
          }
        } ]
      } ],
      "mandatory" : false
    }, {
      "name" : "Guardian age",
      "uuid" : "8a836fc6-0cdb-4c13-a95b-9e6e36293b4b",
      "keyValues" : [ ],
      "concept" : {
        "name" : "Guardian age",
        "uuid" : "3e0845be-3109-44e4-a1e4-9547b8a34cff",
        "dataType" : "Numeric",
        "answers" : [ ],
        "lowAbsolute" : 0.0,
        "highAbsolute" : 99.0,
        "active" : true
      },
      "displayOrder" : 19.0,
      "type" : "SingleSelect",
      "rule" : "'use strict';\n({params, imports}) => {\n  const individual = params.entity;\n  const moment = imports.moment;\n  const formElement = params.formElement;\n  const _ = imports.lodash;\n  let visibility = true;\n  let value = null;\n  let answersToSkip = [];\n  let validationErrors = [];\n  \n  const condition11 = new imports.rulesConfig.RuleCondition({individual, formElement}).when.valueInRegistration(\"f80e28d5-3090-4cef-bb46-cf6df3e59976\").defined.matches();\n  \n  visibility = condition11 ;\n  \n  return new imports.rulesConfig.FormElementStatus(formElement.uuid, visibility, value, answersToSkip, validationErrors);\n};",
      "declarativeRule" : [ {
        "actions" : [ {
          "actionType" : "showFormElement"
        }, { } ],
        "conditions" : [ {
          "compoundRule" : {
            "rules" : [ {
              "lhs" : {
                "type" : "concept",
                "scope" : "registration",
                "conceptName" : "Guardian name",
                "conceptUuid" : "f80e28d5-3090-4cef-bb46-cf6df3e59976",
                "conceptDataType" : "Text"
              },
              "rhs" : { },
              "operator" : "defined"
            } ],
            "conjunction" : "and"
          }
        } ]
      } ],
      "mandatory" : true
    }, {
      "name" : "Occupation of the Guardian",
      "uuid" : "61411100-6893-4e3d-b4db-fd1317672625",
      "keyValues" : [ ],
      "concept" : {
        "name" : "Occupation of the Guardian",
        "uuid" : "a044b975-2697-4633-be75-56d615cad7ff",
        "dataType" : "Coded",
        "answers" : [ {
          "name" : "Student",
          "uuid" : "03443c2a-ef94-4730-b217-683fd8a3c4d9",
          "dataType" : "NA",
          "answers" : [ ],
          "order" : 15.0,
          "active" : true
        }, {
          "name" : "Small business",
          "uuid" : "c9492522-d876-437d-9002-5e3a83555217",
          "dataType" : "NA",
          "answers" : [ ],
          "order" : 4.0,
          "active" : true
        }, {
          "name" : "Farm labourer",
          "uuid" : "6420f475-7256-482c-89df-25bec15a6b7f",
          "dataType" : "NA",
          "answers" : [ ],
          "order" : 0.0,
          "active" : true
        }, {
          "name" : "Healer",
          "uuid" : "544dcb80-e6ad-4392-8a0f-17d930aac68e",
          "dataType" : "NA",
          "answers" : [ ],
          "order" : 11.0,
          "active" : true
        }, {
          "name" : "Other",
          "uuid" : "fee0efe2-7385-4db8-a529-1c8d5e937bad",
          "dataType" : "NA",
          "answers" : [ ],
          "order" : 16.0,
          "active" : true
        }, {
          "name" : "Small shop",
          "uuid" : "e1061996-f626-4ea3-91d4-0fd48799f417",
          "dataType" : "NA",
          "answers" : [ ],
          "order" : 3.0,
          "active" : true
        }, {
          "name" : "Other non skilled labour",
          "uuid" : "712dd178-8b92-40f5-af6f-28afa03ac696",
          "dataType" : "NA",
          "answers" : [ ],
          "order" : 9.0,
          "active" : true
        }, {
          "name" : "Skilled labour",
          "uuid" : "3dcc21f6-575d-40c0-8108-9a620ecbf0fe",
          "dataType" : "NA",
          "answers" : [ ],
          "order" : 10.0,
          "active" : true
        }, {
          "name" : "Sugar cane cutter",
          "uuid" : "e35e73a2-cff4-4269-b282-a0b3b484dfd9",
          "dataType" : "NA",
          "answers" : [ ],
          "order" : 8.0,
          "active" : true
        }, {
          "name" : "Own Farming",
          "uuid" : "cafa0e42-55c8-497d-80ce-5db4aba8260e",
          "dataType" : "NA",
          "answers" : [ ],
          "order" : 2.0,
          "active" : true
        }, {
          "name" : "Home maker",
          "uuid" : "2df8107b-07b1-4d0b-a0cd-f113ada00200",
          "dataType" : "NA",
          "answers" : [ ],
          "order" : 7.0,
          "active" : true
        }, {
          "name" : "Retired",
          "uuid" : "776035a2-5ec6-4276-9d73-382d126f9493",
          "dataType" : "NA",
          "answers" : [ ],
          "order" : 13.0,
          "active" : true
        }, {
          "name" : "Factory labourer",
          "uuid" : "633ee8d8-fabf-49a6-81c2-dbc1fd339ff0",
          "dataType" : "NA",
          "answers" : [ ],
          "order" : 1.0,
          "active" : true
        }, {
          "name" : "Professional",
          "uuid" : "52322b46-bde0-455a-81b5-cc186db85ff2",
          "dataType" : "NA",
          "answers" : [ ],
          "order" : 12.0,
          "active" : true
        }, {
          "name" : "House maid",
          "uuid" : "e8adeba0-8506-4b0e-b440-a8f7af180310",
          "dataType" : "NA",
          "answers" : [ ],
          "order" : 5.0,
          "active" : true
        }, {
          "name" : "Salaried job",
          "uuid" : "c79de7f9-ae3a-40f5-a19e-4c0ac3d43dde",
          "dataType" : "NA",
          "answers" : [ ],
          "order" : 6.0,
          "active" : true
        }, {
          "name" : "Animal husbandry",
          "uuid" : "7206903e-0be0-4add-988c-2c1a8f65387d",
          "dataType" : "NA",
          "answers" : [ ],
          "order" : 14.0,
          "active" : true
        } ],
        "active" : true
      },
      "displayOrder" : 20.0,
      "type" : "SingleSelect",
      "rule" : "'use strict';\n({params, imports}) => {\n  const individual = params.entity;\n  const moment = imports.moment;\n  const formElement = params.formElement;\n  const _ = imports.lodash;\n  let visibility = true;\n  let value = null;\n  let answersToSkip = [];\n  let validationErrors = [];\n  \n  const condition11 = new imports.rulesConfig.RuleCondition({individual, formElement}).when.ageInYears.lessThanOrEqualTo(14).and.when.valueInRegistration(\"f80e28d5-3090-4cef-bb46-cf6df3e59976\").defined.matches();\n  \n  visibility = condition11 ;\n  \n  return new imports.rulesConfig.FormElementStatus(formElement.uuid, visibility, value, answersToSkip, validationErrors);\n};",
      "declarativeRule" : [ {
        "actions" : [ {
          "actionType" : "showFormElement"
        }, { } ],
        "conditions" : [ {
          "compoundRule" : {
            "rules" : [ {
              "lhs" : {
                "type" : "ageInYears"
              },
              "rhs" : {
                "type" : "value",
                "value" : 14
              },
              "operator" : "lessThanOrEqualTo"
            }, {
              "lhs" : {
                "type" : "concept",
                "scope" : "registration",
                "conceptName" : "Guardian name",
                "conceptUuid" : "f80e28d5-3090-4cef-bb46-cf6df3e59976",
                "conceptDataType" : "Text"
              },
              "rhs" : { },
              "operator" : "defined"
            } ],
            "conjunction" : "and"
          }
        } ]
      } ],
      "mandatory" : true
    }, {
      "name" : "Other occupation, please specify",
      "uuid" : "1a69a120-7a90-417a-aaff-ab18a35e4acb",
      "keyValues" : [ ],
      "concept" : {
        "name" : "Other occupation of Guardian",
        "uuid" : "47d4beb9-ad58-4a55-ab0d-8d4c85ff3de4",
        "dataType" : "Text",
        "answers" : [ ],
        "active" : true
      },
      "displayOrder" : 21.0,
      "type" : "SingleSelect",
      "rule" : "'use strict';\n({params, imports}) => {\n  const individual = params.entity;\n  const moment = imports.moment;\n  const formElement = params.formElement;\n  const _ = imports.lodash;\n  let visibility = true;\n  let value = null;\n  let answersToSkip = [];\n  let validationErrors = [];\n  \n  const condition11 = new imports.rulesConfig.RuleCondition({individual, formElement}).when.valueInRegistration(\"a044b975-2697-4633-be75-56d615cad7ff\").containsAnswerConceptName(\"fee0efe2-7385-4db8-a529-1c8d5e937bad\").matches();\n  \n  visibility = condition11 ;\n  \n  return new imports.rulesConfig.FormElementStatus(formElement.uuid, visibility, value, answersToSkip, validationErrors);\n};",
      "declarativeRule" : [ {
        "actions" : [ {
          "actionType" : "showFormElement"
        }, { } ],
        "conditions" : [ {
          "compoundRule" : {
            "rules" : [ {
              "lhs" : {
                "type" : "concept",
                "scope" : "registration",
                "conceptName" : "Occupation of the Guardian",
                "conceptUuid" : "a044b975-2697-4633-be75-56d615cad7ff",
                "conceptDataType" : "Coded"
              },
              "rhs" : {
                "type" : "answerConcept",
                "answerConceptNames" : [ "Other" ],
                "answerConceptUuids" : [ "fee0efe2-7385-4db8-a529-1c8d5e937bad" ]
              },
              "operator" : "containsAnswerConceptName"
            } ]
          }
        } ]
      } ],
      "mandatory" : true
    }, {
      "name" : "Relation to Head",
      "uuid" : "f2ea30ae-4952-4fc3-a408-18aaee45784c",
      "keyValues" : [ ],
      "concept" : {
        "name" : "Relation to Head",
        "uuid" : "b58896e7-a6f1-4b54-afde-a49d85620d10",
        "dataType" : "Coded",
        "answers" : [ {
          "name" : "Wife",
          "uuid" : "c946c3c3-2566-45d1-bb47-4e20b5c2c9b4",
          "dataType" : "NA",
          "answers" : [ ],
          "order" : 1.0,
          "active" : true
        }, {
          "name" : "Father",
          "uuid" : "e2eea196-c9cd-4915-a62c-9cd27b9b992f",
          "dataType" : "NA",
          "answers" : [ ],
          "order" : 15.0,
          "active" : true
        }, {
          "name" : "Mother",
          "uuid" : "0c3eaab3-ca41-4146-87ca-d0865542e3b1",
          "dataType" : "NA",
          "answers" : [ ],
          "order" : 14.0,
          "active" : true
        }, {
          "name" : "Other",
          "uuid" : "fee0efe2-7385-4db8-a529-1c8d5e937bad",
          "dataType" : "NA",
          "answers" : [ ],
          "order" : 18.0,
          "active" : true
        }, {
          "name" : "Mother in law",
          "uuid" : "90c3825b-e3d4-403b-9893-2bb563d1f290",
          "dataType" : "NA",
          "answers" : [ ],
          "order" : 16.0,
          "active" : true
        }, {
          "name" : "Granddaughter",
          "uuid" : "8af4f63d-6e6b-432c-adb8-ee6797239182",
          "dataType" : "NA",
          "answers" : [ ],
          "order" : 7.0,
          "active" : true
        }, {
          "name" : "Son",
          "uuid" : "eded3f3c-bcaa-418a-8272-a549d7e2adea",
          "dataType" : "NA",
          "answers" : [ ],
          "order" : 2.0,
          "active" : true
        }, {
          "name" : "Daughter in law",
          "uuid" : "e155aa43-c292-4e54-a5b9-f8a37fea465d",
          "dataType" : "NA",
          "answers" : [ ],
          "order" : 5.0,
          "active" : true
        }, {
          "name" : "Sister in law",
          "uuid" : "f467139e-45cb-4045-84a5-ab9c2f28371e",
          "dataType" : "NA",
          "answers" : [ ],
          "order" : 13.0,
          "active" : true
        }, {
          "name" : "Brother",
          "uuid" : "0a194b1d-af77-4751-bbb6-44836c608bd9",
          "dataType" : "NA",
          "answers" : [ ],
          "order" : 10.0,
          "active" : true
        }, {
          "name" : "Niece",
          "uuid" : "56db4934-802a-4fc7-9b5a-01652f7439ac",
          "dataType" : "NA",
          "answers" : [ ],
          "order" : 8.0,
          "active" : true
        }, {
          "name" : "Daughter",
          "uuid" : "e0efe4e1-fd12-44a4-80c9-e9ed0ecb685f",
          "dataType" : "NA",
          "answers" : [ ],
          "order" : 3.0,
          "active" : true
        }, {
          "name" : "Sister",
          "uuid" : "987a0eff-357d-433f-93a3-587093d955df",
          "dataType" : "NA",
          "answers" : [ ],
          "order" : 11.0,
          "active" : true
        }, {
          "name" : "Grandson",
          "uuid" : "0087eca7-874e-4918-a596-4853b826de22",
          "dataType" : "NA",
          "answers" : [ ],
          "order" : 6.0,
          "active" : true
        }, {
          "name" : "Father in law",
          "uuid" : "c1e8c8f5-b287-4d31-80f0-13e32ddb6814",
          "dataType" : "NA",
          "answers" : [ ],
          "order" : 17.0,
          "active" : true
        }, {
          "name" : "Brother in law",
          "uuid" : "aeaa26c0-5fcb-4650-9a54-5898d6fcfbf3",
          "dataType" : "NA",
          "answers" : [ ],
          "order" : 12.0,
          "active" : true
        }, {
          "name" : "Nephew",
          "uuid" : "3810f90e-1521-421d-946b-4448bfd7c649",
          "dataType" : "NA",
          "answers" : [ ],
          "order" : 9.0,
          "active" : true
        }, {
          "name" : "Son in law",
          "uuid" : "a816c17e-98df-4a9f-bc2f-a34ea29fdf86",
          "dataType" : "NA",
          "answers" : [ ],
          "order" : 4.0,
          "active" : true
        }, {
          "name" : "Husband",
          "uuid" : "a0a6accf-5c20-4342-937d-3e751f0d68cc",
          "dataType" : "NA",
          "answers" : [ ],
          "order" : 0.0,
          "active" : true
        } ],
        "active" : true
      },
      "displayOrder" : 22.0,
      "type" : "SingleSelect",
      "voided" : true,
      "mandatory" : true
    }, {
      "name" : "Other Relation to the Head, please specify",
      "uuid" : "49214575-f03b-4ebc-ab67-34db25883043",
      "keyValues" : [ ],
      "concept" : {
        "name" : "Other relation to the Head, please specify",
        "uuid" : "db4e4d3d-398a-45c3-8c7b-2820b0c1223a",
        "dataType" : "Text",
        "answers" : [ ],
        "active" : true
      },
      "displayOrder" : 23.0,
      "type" : "SingleSelect",
      "rule" : "'use strict';\n({params, imports}) => {\n  const individual = params.entity;\n  const moment = imports.moment;\n  const formElement = params.formElement;\n  const _ = imports.lodash;\n  let visibility = true;\n  let value = null;\n  let answersToSkip = [];\n  let validationErrors = [];\n  \n  const condition11 = new imports.rulesConfig.RuleCondition({individual, formElement}).when.valueInRegistration(\"b58896e7-a6f1-4b54-afde-a49d85620d10\").containsAnswerConceptName(\"fee0efe2-7385-4db8-a529-1c8d5e937bad\").matches();\n  \n  visibility = condition11 ;\n  \n  return new imports.rulesConfig.FormElementStatus(formElement.uuid, visibility, value, answersToSkip, validationErrors);\n};",
      "declarativeRule" : [ {
        "actions" : [ {
          "actionType" : "showFormElement"
        }, { } ],
        "conditions" : [ {
          "compoundRule" : {
            "rules" : [ {
              "lhs" : {
                "type" : "concept",
                "scope" : "registration",
                "conceptName" : "Relation to Head",
                "conceptUuid" : "b58896e7-a6f1-4b54-afde-a49d85620d10",
                "conceptDataType" : "Coded"
              },
              "rhs" : {
                "type" : "answerConcept",
                "answerConceptNames" : [ "Other" ],
                "answerConceptUuids" : [ "fee0efe2-7385-4db8-a529-1c8d5e937bad" ]
              },
              "operator" : "containsAnswerConceptName"
            } ]
          }
        } ]
      } ],
      "voided" : true,
      "mandatory" : true
    }, {
      "name" : "APL/BPL",
      "uuid" : "a51269f6-5ed9-48bf-8e1e-eff4c11382f7",
      "keyValues" : [ ],
      "concept" : {
        "name" : "APL/BPL",
        "uuid" : "801f7723-23db-4063-b792-df857fc73083",
        "dataType" : "Coded",
        "answers" : [ {
          "name" : "BPL",
          "uuid" : "370dcc04-3a0e-4355-af78-2ae881e5dfff",
          "dataType" : "NA",
          "answers" : [ ],
          "order" : 1.0,
          "active" : true
        }, {
          "name" : "APL",
          "uuid" : "979cb543-2ba5-4348-8971-d5fe34fefcf5",
          "dataType" : "NA",
          "answers" : [ ],
          "order" : 0.0,
          "active" : true
        } ],
        "active" : true
      },
      "displayOrder" : 24.0,
      "type" : "SingleSelect",
      "rule" : "'use strict';\n({params, imports}) => {\n  const individual = params.entity;\n  const moment = imports.moment;\n  const formElement = params.formElement;\n  const _ = imports.lodash;\n  let visibility = true;\n  let value = null;\n  let answersToSkip = [];\n  let validationErrors = [];\n  const groupSubject = params.entityContext.group;\n  \n  console.log('groupSubject-->',groupSubject);\n  \n  console.log('groupSubject-->',groupSubject.observations[1]);\n  \n  let answerValue = null; // Default value\n  \n  if (\n      Array.isArray(groupSubject) &&\n      groupSubject.length > 1 &&\n      groupSubject.observations[1] &&\n      groupSubject.observations[1].that &&\n      groupSubject.observations[1].that.concept &&\n      groupSubject.observations[1].that.concept.valueJSON\n  ) {\n      try {\n          let valueJSON = JSON.parse(groupSubject.observations[1].that.concept.valueJSON);\n          answerValue = valueJSON.answer || null;\n      } catch (error) {\n          console.error(\"Error parsing valueJSON:\", error);\n      }\n  }\n  \n  console.log(groupSubject.observations[1].that.concept); // Should print the answer if available\n\n  \n  return new imports.rulesConfig.FormElementStatus(formElement.uuid, visibility, value, answersToSkip, validationErrors);\n};",
      "voided" : true,
      "mandatory" : true
    }, {
      "name" : "APL/BPL",
      "uuid" : "91b71f4d-6252-4d09-8ae0-dff474188d0a",
      "keyValues" : [ ],
      "concept" : {
        "name" : "APL/BPL",
        "uuid" : "801f7723-23db-4063-b792-df857fc73083",
        "dataType" : "Coded",
        "answers" : [ {
          "name" : "BPL",
          "uuid" : "370dcc04-3a0e-4355-af78-2ae881e5dfff",
          "dataType" : "NA",
          "answers" : [ ],
          "order" : 1.0,
          "active" : true
        }, {
          "name" : "APL",
          "uuid" : "979cb543-2ba5-4348-8971-d5fe34fefcf5",
          "dataType" : "NA",
          "answers" : [ ],
          "order" : 0.0,
          "active" : true
        } ],
        "active" : true
      },
      "displayOrder" : 25.0,
      "type" : "SingleSelect",
      "voided" : true,
      "mandatory" : true
    }, {
      "name" : "Ayushman card",
      "uuid" : "337f662c-b902-40c9-979a-2de5b3d75bfc",
      "keyValues" : [ ],
      "concept" : {
        "name" : "Ayushman card",
        "uuid" : "30d3e1cb-f50b-420e-b482-319d2cf9fc89",
        "dataType" : "Coded",
        "answers" : [ {
          "name" : "Yes",
          "uuid" : "1bc21eb3-f2f3-4d85-bdc0-ec1ae0e56672",
          "dataType" : "NA",
          "answers" : [ ],
          "order" : 0.0,
          "active" : true
        }, {
          "name" : "No",
          "uuid" : "a6a7e47d-c258-4e4e-840c-d8bd6cefc7b4",
          "dataType" : "NA",
          "answers" : [ ],
          "order" : 1.0,
          "active" : true
        } ],
        "active" : true
      },
      "displayOrder" : 26.0,
      "type" : "SingleSelect",
      "mandatory" : false
    }, {
      "name" : "Aadhar Card",
      "uuid" : "8cb14156-df37-4cef-b16e-e33133ad2763",
      "keyValues" : [ ],
      "concept" : {
        "name" : "Aadhar Card",
        "uuid" : "ae5137eb-57d9-4c3a-b4c9-5e0924277ba4",
        "dataType" : "Coded",
        "answers" : [ {
          "name" : "Yes",
          "uuid" : "1bc21eb3-f2f3-4d85-bdc0-ec1ae0e56672",
          "dataType" : "NA",
          "answers" : [ ],
          "order" : 0.0,
          "active" : true
        }, {
          "name" : "No",
          "uuid" : "a6a7e47d-c258-4e4e-840c-d8bd6cefc7b4",
          "dataType" : "NA",
          "answers" : [ ],
          "order" : 1.0,
          "active" : true
        } ],
        "active" : true
      },
      "displayOrder" : 27.0,
      "type" : "SingleSelect",
      "mandatory" : false
    }, {
      "name" : "Your Occupation",
      "uuid" : "1d334bb3-c3d4-4794-a169-018a186b68ea",
      "keyValues" : [ ],
      "concept" : {
        "name" : "Your Occupation",
        "uuid" : "e18d696d-97d3-4ae3-ade3-f84afa6ab4da",
        "dataType" : "Coded",
        "answers" : [ {
          "name" : "Student",
          "uuid" : "03443c2a-ef94-4730-b217-683fd8a3c4d9",
          "dataType" : "NA",
          "answers" : [ ],
          "order" : 15.0,
          "active" : true
        }, {
          "name" : "Retired",
          "uuid" : "776035a2-5ec6-4276-9d73-382d126f9493",
          "dataType" : "NA",
          "answers" : [ ],
          "order" : 13.0,
          "active" : true
        }, {
          "name" : "Sugar cane cutter",
          "uuid" : "e35e73a2-cff4-4269-b282-a0b3b484dfd9",
          "dataType" : "NA",
          "answers" : [ ],
          "order" : 8.0,
          "active" : true
        }, {
          "name" : "Small business",
          "uuid" : "c9492522-d876-437d-9002-5e3a83555217",
          "dataType" : "NA",
          "answers" : [ ],
          "order" : 4.0,
          "active" : true
        }, {
          "name" : "Healer",
          "uuid" : "544dcb80-e6ad-4392-8a0f-17d930aac68e",
          "dataType" : "NA",
          "answers" : [ ],
          "order" : 11.0,
          "active" : true
        }, {
          "name" : "House maid",
          "uuid" : "e8adeba0-8506-4b0e-b440-a8f7af180310",
          "dataType" : "NA",
          "answers" : [ ],
          "order" : 5.0,
          "active" : true
        }, {
          "name" : "Animal husbandry",
          "uuid" : "7206903e-0be0-4add-988c-2c1a8f65387d",
          "dataType" : "NA",
          "answers" : [ ],
          "order" : 14.0,
          "active" : true
        }, {
          "name" : "Salaried job",
          "uuid" : "c79de7f9-ae3a-40f5-a19e-4c0ac3d43dde",
          "dataType" : "NA",
          "answers" : [ ],
          "order" : 6.0,
          "active" : true
        }, {
          "name" : "Other",
          "uuid" : "fee0efe2-7385-4db8-a529-1c8d5e937bad",
          "dataType" : "NA",
          "answers" : [ ],
          "order" : 16.0,
          "active" : true
        }, {
          "name" : "Farm labourer",
          "uuid" : "6420f475-7256-482c-89df-25bec15a6b7f",
          "dataType" : "NA",
          "answers" : [ ],
          "order" : 0.0,
          "active" : true
        }, {
          "name" : "Other non skilled labour",
          "uuid" : "712dd178-8b92-40f5-af6f-28afa03ac696",
          "dataType" : "NA",
          "answers" : [ ],
          "order" : 9.0,
          "active" : true
        }, {
          "name" : "Small shop",
          "uuid" : "e1061996-f626-4ea3-91d4-0fd48799f417",
          "dataType" : "NA",
          "answers" : [ ],
          "order" : 3.0,
          "active" : true
        }, {
          "name" : "Own Farming",
          "uuid" : "cafa0e42-55c8-497d-80ce-5db4aba8260e",
          "dataType" : "NA",
          "answers" : [ ],
          "order" : 2.0,
          "active" : true
        }, {
          "name" : "Home maker",
          "uuid" : "2df8107b-07b1-4d0b-a0cd-f113ada00200",
          "dataType" : "NA",
          "answers" : [ ],
          "order" : 7.0,
          "active" : true
        }, {
          "name" : "Professional",
          "uuid" : "52322b46-bde0-455a-81b5-cc186db85ff2",
          "dataType" : "NA",
          "answers" : [ ],
          "order" : 12.0,
          "active" : true
        }, {
          "name" : "Skilled labour",
          "uuid" : "3dcc21f6-575d-40c0-8108-9a620ecbf0fe",
          "dataType" : "NA",
          "answers" : [ ],
          "order" : 10.0,
          "active" : true
        }, {
          "name" : "Factory labourer",
          "uuid" : "633ee8d8-fabf-49a6-81c2-dbc1fd339ff0",
          "dataType" : "NA",
          "answers" : [ ],
          "order" : 1.0,
          "active" : true
        } ],
        "active" : true
      },
      "displayOrder" : 28.0,
      "type" : "SingleSelect",
      "rule" : "'use strict';\n({params, imports}) => {\n  const individual = params.entity;\n  const moment = imports.moment;\n  const formElement = params.formElement;\n  const _ = imports.lodash;\n  let visibility = true;\n  let value = null;\n  let answersToSkip = [];\n  let validationErrors = [];\n  \n  const condition11 = new imports.rulesConfig.RuleCondition({individual, formElement}).when.ageInYears.lessThanOrEqualTo(14).matches();\n  \n  visibility = !(condition11 );\n  \n  return new imports.rulesConfig.FormElementStatus(formElement.uuid, visibility, value, answersToSkip, validationErrors);\n};",
      "declarativeRule" : [ {
        "actions" : [ {
          "actionType" : "hideFormElement"
        }, { } ],
        "conditions" : [ {
          "compoundRule" : {
            "rules" : [ {
              "lhs" : {
                "type" : "ageInYears"
              },
              "rhs" : {
                "type" : "value",
                "value" : 14
              },
              "operator" : "lessThanOrEqualTo"
            } ],
            "conjunction" : "and"
          }
        } ]
      } ],
      "mandatory" : true
    }, {
      "name" : "Other occupation, please specify",
      "uuid" : "7ec47b76-5482-4933-8b5a-dc99e7736d8b",
      "keyValues" : [ ],
      "concept" : {
        "name" : "Other occupation you have, please specify",
        "uuid" : "ecc4c526-df31-4b92-8b85-f80d178a5d29",
        "dataType" : "Text",
        "answers" : [ ],
        "active" : true
      },
      "displayOrder" : 29.0,
      "type" : "SingleSelect",
      "rule" : "'use strict';\n({params, imports}) => {\n  const individual = params.entity;\n  const moment = imports.moment;\n  const formElement = params.formElement;\n  const _ = imports.lodash;\n  let visibility = true;\n  let value = null;\n  let answersToSkip = [];\n  let validationErrors = [];\n  \n  const condition11 = new imports.rulesConfig.RuleCondition({individual, formElement}).when.valueInRegistration(\"e18d696d-97d3-4ae3-ade3-f84afa6ab4da\").containsAnswerConceptName(\"fee0efe2-7385-4db8-a529-1c8d5e937bad\").matches();\n  \n  visibility = condition11 ;\n  \n  return new imports.rulesConfig.FormElementStatus(formElement.uuid, visibility, value, answersToSkip, validationErrors);\n};",
      "declarativeRule" : [ {
        "actions" : [ {
          "actionType" : "showFormElement"
        }, { } ],
        "conditions" : [ {
          "compoundRule" : {
            "rules" : [ {
              "lhs" : {
                "type" : "concept",
                "scope" : "registration",
                "conceptName" : "Your Occupation",
                "conceptUuid" : "e18d696d-97d3-4ae3-ade3-f84afa6ab4da",
                "conceptDataType" : "Coded"
              },
              "rhs" : {
                "type" : "answerConcept",
                "answerConceptNames" : [ "Other" ],
                "answerConceptUuids" : [ "fee0efe2-7385-4db8-a529-1c8d5e937bad" ]
              },
              "operator" : "containsAnswerConceptName"
            } ],
            "conjunction" : "and"
          }
        } ]
      } ],
      "mandatory" : true
    }, {
      "name" : "Education",
      "uuid" : "31c30439-f4fa-4f21-8b98-6c4f9216ac46",
      "keyValues" : [ ],
      "concept" : {
        "name" : "Education",
        "uuid" : "9cec45dd-1b0a-4285-9f25-8b5916f9433c",
        "dataType" : "Coded",
        "answers" : [ {
          "name" : "Other",
          "uuid" : "fee0efe2-7385-4db8-a529-1c8d5e937bad",
          "dataType" : "NA",
          "answers" : [ ],
          "order" : 12.0,
          "active" : true
        }, {
          "name" : "Illiterate",
          "uuid" : "ba8ed68b-6b71-4b63-bfab-e9419f208ce0",
          "dataType" : "NA",
          "answers" : [ ],
          "order" : 0.0,
          "active" : true
        }, {
          "name" : "Professional course",
          "uuid" : "baa2d622-9df7-4a61-8cf8-3620acbafbed",
          "dataType" : "NA",
          "answers" : [ ],
          "order" : 11.0,
          "active" : true
        }, {
          "name" : "ITI",
          "uuid" : "01d99d13-3fb8-439f-bb9a-753abffc7a95",
          "dataType" : "NA",
          "answers" : [ ],
          "order" : 6.0,
          "active" : true
        }, {
          "name" : "Primary school",
          "uuid" : "17595ad0-dd4e-479f-81df-05f2875a7350",
          "dataType" : "NA",
          "answers" : [ ],
          "order" : 1.0,
          "active" : true
        }, {
          "name" : "12 (HSC)",
          "uuid" : "d45e0984-c298-4690-8023-9eb23cf415f2",
          "dataType" : "NA",
          "answers" : [ ],
          "order" : 5.0,
          "active" : true
        }, {
          "name" : "Post graduate",
          "uuid" : "be1cca66-4465-4ac2-9b09-b8344728168e",
          "dataType" : "NA",
          "answers" : [ ],
          "order" : 10.0,
          "active" : true
        }, {
          "name" : "College",
          "uuid" : "fe8d9973-8345-46e4-81f3-872942ccb9e6",
          "dataType" : "NA",
          "answers" : [ ],
          "order" : 8.0,
          "active" : true
        }, {
          "name" : "11th",
          "uuid" : "e410f010-e84b-4eb5-bb24-df7424e72d73",
          "dataType" : "NA",
          "answers" : [ ],
          "order" : 4.0,
          "active" : true
        }, {
          "name" : "High school",
          "uuid" : "5cf4361b-1a3d-4c6f-a238-d9ceadb9c852",
          "dataType" : "NA",
          "answers" : [ ],
          "order" : 2.0,
          "active" : true
        }, {
          "name" : "Vocational Course",
          "uuid" : "715c9a12-8b94-4963-86a3-b6e132badb6a",
          "dataType" : "NA",
          "answers" : [ ],
          "order" : 7.0,
          "active" : true
        }, {
          "name" : "10 (SSC)",
          "uuid" : "1810303a-eaad-4f8f-99b7-2eafcca3ac65",
          "dataType" : "NA",
          "answers" : [ ],
          "order" : 3.0,
          "active" : true
        }, {
          "name" : "Graduate",
          "uuid" : "a68bbed0-bab5-4a81-b078-cce10ac22305",
          "dataType" : "NA",
          "answers" : [ ],
          "order" : 9.0,
          "active" : true
        } ],
        "active" : true
      },
      "displayOrder" : 30.0,
      "type" : "SingleSelect",
      "rule" : "'use strict';\n({params, imports}) => {\n  const individual = params.entity;\n  const moment = imports.moment;\n  const formElement = params.formElement;\n  const _ = imports.lodash;\n  let visibility = true;\n  let value = null;\n  let answersToSkip = [];\n  let validationErrors = [];\n  \n  const condition11 = new imports.rulesConfig.RuleCondition({individual, formElement}).when.ageInYears.greaterThanOrEqualTo(6).matches();\n  \n  visibility = condition11 ;\n  \n  return new imports.rulesConfig.FormElementStatus(formElement.uuid, visibility, value, answersToSkip, validationErrors);\n};",
      "declarativeRule" : [ {
        "actions" : [ {
          "actionType" : "showFormElement"
        }, { } ],
        "conditions" : [ {
          "compoundRule" : {
            "rules" : [ {
              "lhs" : {
                "type" : "ageInYears"
              },
              "rhs" : {
                "type" : "value",
                "value" : 6
              },
              "operator" : "greaterThanOrEqualTo"
            } ],
            "conjunction" : "and"
          }
        } ]
      } ],
      "mandatory" : true
    }, {
      "name" : "Other Education, please specify",
      "uuid" : "1f91db67-de44-4e38-aeb0-20f39679a001",
      "keyValues" : [ ],
      "concept" : {
        "name" : "Other Education, please specify",
        "uuid" : "65c41e7b-35b1-43a2-a707-5c6980001ff3",
        "dataType" : "Text",
        "answers" : [ ],
        "active" : true
      },
      "displayOrder" : 31.0,
      "type" : "SingleSelect",
      "rule" : "'use strict';\n({params, imports}) => {\n  const individual = params.entity;\n  const moment = imports.moment;\n  const formElement = params.formElement;\n  const _ = imports.lodash;\n  let visibility = true;\n  let value = null;\n  let answersToSkip = [];\n  let validationErrors = [];\n  \n  const condition11 = new imports.rulesConfig.RuleCondition({individual, formElement}).when.valueInRegistration(\"9cec45dd-1b0a-4285-9f25-8b5916f9433c\").containsAnswerConceptName(\"fee0efe2-7385-4db8-a529-1c8d5e937bad\").matches();\n  \n  visibility = condition11 ;\n  \n  return new imports.rulesConfig.FormElementStatus(formElement.uuid, visibility, value, answersToSkip, validationErrors);\n};",
      "declarativeRule" : [ {
        "actions" : [ {
          "actionType" : "showFormElement"
        }, { } ],
        "conditions" : [ {
          "compoundRule" : {
            "rules" : [ {
              "lhs" : {
                "type" : "concept",
                "scope" : "registration",
                "conceptName" : "Education",
                "conceptUuid" : "9cec45dd-1b0a-4285-9f25-8b5916f9433c",
                "conceptDataType" : "Coded"
              },
              "rhs" : {
                "type" : "answerConcept",
                "answerConceptNames" : [ "Other" ],
                "answerConceptUuids" : [ "fee0efe2-7385-4db8-a529-1c8d5e937bad" ]
              },
              "operator" : "containsAnswerConceptName"
            } ],
            "conjunction" : "and"
          }
        } ]
      } ],
      "mandatory" : true
    }, {
      "name" : "Marital Status",
      "uuid" : "8690c4f8-8dcc-4092-99e6-a379c84691ec",
      "keyValues" : [ ],
      "concept" : {
        "name" : "Marital Status",
        "uuid" : "f5d929d2-e615-4532-8a9c-d85fd6637743",
        "dataType" : "Coded",
        "answers" : [ {
          "name" : "Separated",
          "uuid" : "ab498889-4b7f-4cdb-aa6c-c5b6e743e3b4",
          "dataType" : "NA",
          "answers" : [ ],
          "order" : 5.0,
          "active" : true
        }, {
          "name" : "Married",
          "uuid" : "4b21f93f-7584-45b1-bf2b-1c79c3935c52",
          "dataType" : "NA",
          "answers" : [ ],
          "order" : 1.0,
          "active" : true
        }, {
          "name" : "Divorcee",
          "uuid" : "e9f522d9-5692-4a98-bbd7-041376d44d9e",
          "dataType" : "NA",
          "answers" : [ ],
          "order" : 2.0,
          "active" : true
        }, {
          "name" : "Widower",
          "uuid" : "207622c5-1664-4706-8859-55bdc2ec51ae",
          "dataType" : "NA",
          "answers" : [ ],
          "order" : 4.0,
          "active" : true
        }, {
          "name" : "Unmarried",
          "uuid" : "a03b2bef-8cec-48da-b133-22d9128f6414",
          "dataType" : "NA",
          "answers" : [ ],
          "order" : 0.0,
          "active" : true
        }, {
          "name" : "Widow",
          "uuid" : "3f57e7d4-8339-486b-a335-e3e7d03d7848",
          "dataType" : "NA",
          "answers" : [ ],
          "order" : 3.0,
          "active" : true
        }, {
          "name" : "Living Together",
          "uuid" : "7776cad6-b79d-44c8-8c7b-cf08330ed8f3",
          "dataType" : "NA",
          "answers" : [ ],
          "order" : 6.0,
          "active" : true
        } ],
        "active" : true
      },
      "displayOrder" : 32.0,
      "type" : "SingleSelect",
      "rule" : "'use strict';\n({params, imports}) => {\n  const individual = params.entity;\n  const moment = imports.moment;\n  const formElement = params.formElement;\n  const _ = imports.lodash;\n  let visibility = true;\n  let value = null;\n  let answersToSkip = [];\n  let validationErrors = [];\n  \n  const condition11 = new imports.rulesConfig.RuleCondition({individual, formElement}).when.ageInYears.lessThanOrEqualTo(14).matches();\n\n  const condition21 = new imports.rulesConfig.RuleCondition({individual, formElement}).when.gender.equals(\"Male\").matches();\n  \n  if(condition21 ) {\n    _.forEach([\"3f57e7d4-8339-486b-a335-e3e7d03d7848\"], (answer) => {\n        const answerToSkip = formElement.getAnswerWithConceptUuid(answer);\n        if (answerToSkip) answersToSkip.push(answerToSkip);\n    });\n};\n  \n  visibility = !(condition11 );\n  \n  return new imports.rulesConfig.FormElementStatus(formElement.uuid, visibility, value, answersToSkip, validationErrors);\n};",
      "mandatory" : true
    }, {
      "name" : "Disability",
      "uuid" : "35d6782b-3fd4-4bdf-9ce7-6b92c32d4ce3",
      "keyValues" : [ ],
      "concept" : {
        "name" : "Disability",
        "uuid" : "dd3cf085-5c98-4076-bb15-23105637d6b8",
        "dataType" : "Coded",
        "answers" : [ {
          "name" : "Yes",
          "uuid" : "1bc21eb3-f2f3-4d85-bdc0-ec1ae0e56672",
          "dataType" : "NA",
          "answers" : [ ],
          "order" : 0.0,
          "active" : true
        }, {
          "name" : "No",
          "uuid" : "a6a7e47d-c258-4e4e-840c-d8bd6cefc7b4",
          "dataType" : "NA",
          "answers" : [ ],
          "order" : 1.0,
          "active" : true
        } ],
        "active" : true
      },
      "displayOrder" : 33.0,
      "type" : "SingleSelect",
      "mandatory" : true
    }, {
      "name" : "Contact number of the individual",
      "uuid" : "66c3dc73-e64d-4e32-beb0-19f4f26652b1",
      "keyValues" : [ ],
      "concept" : {
        "name" : "Contact number of the individual",
        "uuid" : "95c1f159-6b82-4e9d-83ca-07a4d31152bb",
        "dataType" : "PhoneNumber",
        "answers" : [ ],
        "active" : true,
        "keyValues" : [ {
          "key" : "verifyPhoneNumber",
          "value" : false
        } ]
      },
      "displayOrder" : 34.0,
      "type" : "SingleSelect",
      "mandatory" : false
    }, {
      "name" : "Migration",
      "uuid" : "26194d1f-1537-4a36-9921-ed179e6eeca8",
      "keyValues" : [ ],
      "concept" : {
        "name" : "Migration",
        "uuid" : "17a3a7ec-b6ce-4eb6-b283-56306481a6ee",
        "dataType" : "Coded",
        "answers" : [ {
          "name" : "Yes",
          "uuid" : "1bc21eb3-f2f3-4d85-bdc0-ec1ae0e56672",
          "dataType" : "NA",
          "answers" : [ ],
          "order" : 0.0,
          "active" : true
        }, {
          "name" : "No",
          "uuid" : "a6a7e47d-c258-4e4e-840c-d8bd6cefc7b4",
          "dataType" : "NA",
          "answers" : [ ],
          "order" : 1.0,
          "active" : true
        } ],
        "active" : true
      },
      "displayOrder" : 35.0,
      "type" : "SingleSelect",
      "mandatory" : true
    }, {
      "name" : "Place of migration",
      "uuid" : "6f579523-b938-4a1e-b995-d23179184442",
      "keyValues" : [ ],
      "concept" : {
        "name" : "Place of migration",
        "uuid" : "46ff8d90-cf73-4710-a5d0-ba0d5738a678",
        "dataType" : "Coded",
        "answers" : [ {
          "name" : "Other",
          "uuid" : "fee0efe2-7385-4db8-a529-1c8d5e937bad",
          "dataType" : "NA",
          "answers" : [ ],
          "order" : 6.0,
          "active" : true
        }, {
          "name" : "Navsari",
          "uuid" : "7075a78d-7b62-4fbb-a477-4c1684432ea8",
          "dataType" : "NA",
          "answers" : [ ],
          "order" : 3.0,
          "active" : true
        }, {
          "name" : "Bardoli",
          "uuid" : "9b6b2c76-9768-40ef-899b-d22c2849b724",
          "dataType" : "NA",
          "answers" : [ ],
          "order" : 4.0,
          "active" : true
        }, {
          "name" : "Ahmedabad",
          "uuid" : "ffa516ea-8477-4358-8bac-ff57632f3236",
          "dataType" : "NA",
          "answers" : [ ],
          "order" : 5.0,
          "active" : true
        }, {
          "name" : "Nasik",
          "uuid" : "521ac545-1a55-4758-b0a6-fdfb28a8576c",
          "dataType" : "NA",
          "answers" : [ ],
          "order" : 0.0,
          "active" : true
        }, {
          "name" : "Vapi",
          "uuid" : "eaf7f6e9-3147-40f3-83e2-fa4292ff47dc",
          "dataType" : "NA",
          "answers" : [ ],
          "order" : 2.0,
          "active" : true
        }, {
          "name" : "Valsad",
          "uuid" : "5855f4e2-783c-41e6-9c20-9aa07975ce0f",
          "dataType" : "NA",
          "answers" : [ ],
          "order" : 1.0,
          "active" : true
        } ],
        "active" : true
      },
      "displayOrder" : 36.0,
      "type" : "SingleSelect",
      "rule" : "'use strict';\n({params, imports}) => {\n  const individual = params.entity;\n  const moment = imports.moment;\n  const formElement = params.formElement;\n  const _ = imports.lodash;\n  let visibility = true;\n  let value = null;\n  let answersToSkip = [];\n  let validationErrors = [];\n  \n  const condition11 = new imports.rulesConfig.RuleCondition({individual, formElement}).when.valueInRegistration(\"17a3a7ec-b6ce-4eb6-b283-56306481a6ee\").containsAnswerConceptName(\"1bc21eb3-f2f3-4d85-bdc0-ec1ae0e56672\").matches();\n  \n  visibility = condition11 ;\n  \n  return new imports.rulesConfig.FormElementStatus(formElement.uuid, visibility, value, answersToSkip, validationErrors);\n};",
      "declarativeRule" : [ {
        "actions" : [ {
          "actionType" : "showFormElement"
        }, { } ],
        "conditions" : [ {
          "compoundRule" : {
            "rules" : [ {
              "lhs" : {
                "type" : "concept",
                "scope" : "registration",
                "conceptName" : "Migration",
                "conceptUuid" : "17a3a7ec-b6ce-4eb6-b283-56306481a6ee",
                "conceptDataType" : "Coded"
              },
              "rhs" : {
                "type" : "answerConcept",
                "answerConceptNames" : [ "Yes" ],
                "answerConceptUuids" : [ "1bc21eb3-f2f3-4d85-bdc0-ec1ae0e56672" ]
              },
              "operator" : "containsAnswerConceptName"
            } ],
            "conjunction" : "and"
          }
        } ]
      } ],
      "mandatory" : true
    }, {
      "name" : "Other Place of migration , please specify",
      "uuid" : "80b96de5-d6e7-474e-84f9-cc5d5863a515",
      "keyValues" : [ ],
      "concept" : {
        "name" : "Other Place of migration",
        "uuid" : "cff19ef2-e3a1-4432-b123-464939262b12",
        "dataType" : "Text",
        "answers" : [ ],
        "active" : true
      },
      "displayOrder" : 37.0,
      "type" : "SingleSelect",
      "rule" : "'use strict';\n({params, imports}) => {\n  const individual = params.entity;\n  const moment = imports.moment;\n  const formElement = params.formElement;\n  const _ = imports.lodash;\n  let visibility = true;\n  let value = null;\n  let answersToSkip = [];\n  let validationErrors = [];\n  \n  const condition11 = new imports.rulesConfig.RuleCondition({individual, formElement}).when.valueInRegistration(\"46ff8d90-cf73-4710-a5d0-ba0d5738a678\").containsAnswerConceptName(\"fee0efe2-7385-4db8-a529-1c8d5e937bad\").matches();\n  \n  visibility = condition11 ;\n  \n  return new imports.rulesConfig.FormElementStatus(formElement.uuid, visibility, value, answersToSkip, validationErrors);\n};",
      "declarativeRule" : [ {
        "actions" : [ {
          "actionType" : "showFormElement"
        }, { } ],
        "conditions" : [ {
          "compoundRule" : {
            "rules" : [ {
              "lhs" : {
                "type" : "concept",
                "scope" : "registration",
                "conceptName" : "Place of migration",
                "conceptUuid" : "46ff8d90-cf73-4710-a5d0-ba0d5738a678",
                "conceptDataType" : "Coded"
              },
              "rhs" : {
                "type" : "answerConcept",
                "answerConceptNames" : [ "Other" ],
                "answerConceptUuids" : [ "fee0efe2-7385-4db8-a529-1c8d5e937bad" ]
              },
              "operator" : "containsAnswerConceptName"
            } ],
            "conjunction" : "and"
          }
        } ]
      } ],
      "mandatory" : true
    } ],
    "display" : "Individual information",
    "timed" : false
  } ],
  "decisionRule" : "",
  "visitScheduleRule" : "",
  "validationRule" : "",
  "checklistsRule" : "",
  "decisionConcepts" : [ ]
}