{
  "name" : "Malnutrition Exit",
  "uuid" : "ac470de8-ffd6-4e88-8ce5-e979778e1ee8",
  "formType" : "ProgramExit",
  "formElementGroups" : [ {
    "uuid" : "49ac2212-12d9-4242-a3e5-dc197b78be5e",
    "name" : "Exit Details",
    "displayOrder" : 1.0,
    "formElements" : [ {
      "name" : "Cause of Exit",
      "uuid" : "8f6e52d0-dbbe-400b-b608-afb9dc0d3cdf",
      "keyValues" : [ ],
      "concept" : {
        "name" : "Cause of Exit Malnutrition Program",
        "uuid" : "4525458a-9d23-46de-b781-556ce2860353",
        "dataType" : "Coded",
        "answers" : [ {
          "name" : "More than 6 years age",
          "uuid" : "06b40d78-a2bc-4734-a598-2cc0e9786003",
          "dataType" : "NA",
          "answers" : [ ],
          "order" : 2.0,
          "active" : true
        }, {
          "name" : "Death",
          "uuid" : "67f6a681-d4cf-499a-84c9-98d7ce84d3c7",
          "dataType" : "NA",
          "answers" : [ ],
          "order" : 0.0,
          "active" : true
        }, {
          "name" : "Other",
          "uuid" : "fee0efe2-7385-4db8-a529-1c8d5e937bad",
          "dataType" : "NA",
          "answers" : [ ],
          "order" : 3.0,
          "active" : true
        }, {
          "name" : "Permanent Migration",
          "uuid" : "f6dfd1af-9e4a-4dec-a530-bdb147c5edc0",
          "dataType" : "NA",
          "answers" : [ ],
          "order" : 1.0,
          "active" : true
        } ],
        "active" : true
      },
      "displayOrder" : 1.0,
      "type" : "SingleSelect",
      "mandatory" : true
    }, {
      "name" : "Specify Other cause of Exit",
      "uuid" : "d92919ca-7538-4e1e-9edc-88e0fc4901ba",
      "keyValues" : [ ],
      "concept" : {
        "name" : "Specify Other cause of Exit",
        "uuid" : "c691f85b-efc4-4779-a952-02378e818158",
        "dataType" : "Text",
        "answers" : [ ],
        "active" : true
      },
      "displayOrder" : 2.0,
      "type" : "SingleSelect",
      "rule" : "'use strict';\n({params, imports}) => {\n  const programEnrolment = params.entity;\n  const moment = imports.moment;\n  const formElement = params.formElement;\n  const _ = imports.lodash;\n  let visibility = true;\n  let value = null;\n  let answersToSkip = [];\n  let validationErrors = [];\n  \n  const condition11 = new imports.rulesConfig.RuleCondition({programEnrolment, formElement}).when.valueInExit(\"4525458a-9d23-46de-b781-556ce2860353\").containsAnswerConceptName(\"fee0efe2-7385-4db8-a529-1c8d5e937bad\").matches();\n  \n  visibility = condition11 ;\n  \n  return new imports.rulesConfig.FormElementStatus(formElement.uuid, visibility, value, answersToSkip, validationErrors);\n};",
      "declarativeRule" : [ {
        "actions" : [ {
          "actionType" : "showFormElement"
        }, { } ],
        "conditions" : [ {
          "compoundRule" : {
            "rules" : [ {
              "lhs" : {
                "type" : "concept",
                "scope" : "exit",
                "conceptName" : "Cause of Exit Malnutrition Program",
                "conceptUuid" : "4525458a-9d23-46de-b781-556ce2860353",
                "conceptDataType" : "Coded"
              },
              "rhs" : {
                "type" : "answerConcept",
                "answerConceptNames" : [ "Other" ],
                "answerConceptUuids" : [ "fee0efe2-7385-4db8-a529-1c8d5e937bad" ]
              },
              "operator" : "containsAnswerConceptName"
            } ]
          }
        } ]
      } ],
      "mandatory" : true
    } ],
    "display" : "Exit Details",
    "timed" : false
  } ],
  "decisionRule" : "",
  "visitScheduleRule" : "",
  "validationRule" : "",
  "checklistsRule" : "",
  "decisionConcepts" : [ ]
}