{
  "name" : "Mental Health  Exit",
  "uuid" : "344ec04f-1f4f-4faa-bddb-5e07340b68cc",
  "formType" : "ProgramExit",
  "formElementGroups" : [ {
    "uuid" : "f7dff19a-fadc-43ac-bb69-b90acbb3f10a",
    "name" : "Exit Details",
    "displayOrder" : 1.0,
    "formElements" : [ {
      "name" : "Cause of Exit",
      "uuid" : "5cb6abca-e117-4af8-9c77-70de97607aa7",
      "keyValues" : [ ],
      "concept" : {
        "name" : "Cause of Exit",
        "uuid" : "a1ba07e5-8c46-4c05-998f-5e4aad40e59b",
        "dataType" : "Coded",
        "answers" : [ {
          "name" : "Other",
          "uuid" : "fee0efe2-7385-4db8-a529-1c8d5e937bad",
          "dataType" : "NA",
          "answers" : [ ],
          "order" : 5.0,
          "active" : true
        }, {
          "name" : "Death",
          "uuid" : "67f6a681-d4cf-499a-84c9-98d7ce84d3c7",
          "dataType" : "NA",
          "answers" : [ ],
          "order" : 0.0,
          "active" : true
        }, {
          "name" : "Permanent Migration",
          "uuid" : "f6dfd1af-9e4a-4dec-a530-bdb147c5edc0",
          "dataType" : "NA",
          "answers" : [ ],
          "order" : 1.0,
          "active" : true
        }, {
          "name" : "Doctor has stopped medicines",
          "uuid" : "5fa5dcab-22c2-4378-9bb2-a32d87d26360",
          "dataType" : "NA",
          "answers" : [ ],
          "order" : 3.0,
          "active" : true
        }, {
          "name" : "Not ready for services",
          "uuid" : "beaebaa2-e4b8-4ef5-8664-ee32e93490b5",
          "dataType" : "NA",
          "answers" : [ ],
          "order" : 2.0,
          "active" : true
        }, {
          "name" : "Cured",
          "uuid" : "2b37e195-708b-4e2a-8dc6-77e25883c383",
          "dataType" : "NA",
          "answers" : [ ],
          "order" : 4.0,
          "active" : true
        } ],
        "active" : true
      },
      "displayOrder" : 1.0,
      "type" : "SingleSelect",
      "mandatory" : true
    }, {
      "name" : "Specify other cause of exit",
      "uuid" : "95f49477-370d-4a51-beb5-67ca20daefd7",
      "keyValues" : [ ],
      "concept" : {
        "name" : "Specify Other cause of Exit",
        "uuid" : "c691f85b-efc4-4779-a952-02378e818158",
        "dataType" : "Text",
        "answers" : [ ],
        "active" : true
      },
      "displayOrder" : 2.0,
      "type" : "SingleSelect",
      "rule" : "'use strict';\n({params, imports}) => {\n  const programEnrolment = params.entity;\n  const moment = imports.moment;\n  const formElement = params.formElement;\n  const _ = imports.lodash;\n  let visibility = true;\n  let value = null;\n  let answersToSkip = [];\n  let validationErrors = [];\n  \n  const condition11 = new imports.rulesConfig.RuleCondition({programEnrolment, formElement}).when.valueInExit(\"a1ba07e5-8c46-4c05-998f-5e4aad40e59b\").containsAnswerConceptName(\"fee0efe2-7385-4db8-a529-1c8d5e937bad\").matches();\n  \n  visibility = condition11 ;\n  \n  return new imports.rulesConfig.FormElementStatus(formElement.uuid, visibility, value, answersToSkip, validationErrors);\n};",
      "declarativeRule" : [ {
        "actions" : [ {
          "actionType" : "showFormElement"
        }, { } ],
        "conditions" : [ {
          "compoundRule" : {
            "rules" : [ {
              "lhs" : {
                "type" : "concept",
                "scope" : "exit",
                "conceptName" : "Cause of Exit",
                "conceptUuid" : "a1ba07e5-8c46-4c05-998f-5e4aad40e59b",
                "conceptDataType" : "Coded"
              },
              "rhs" : {
                "type" : "answerConcept",
                "answerConceptNames" : [ "Other" ],
                "answerConceptUuids" : [ "fee0efe2-7385-4db8-a529-1c8d5e937bad" ]
              },
              "operator" : "containsAnswerConceptName"
            } ]
          }
        } ]
      } ],
      "mandatory" : true
    } ],
    "display" : "Exit Details",
    "timed" : false
  } ],
  "decisionRule" : "",
  "visitScheduleRule" : "",
  "validationRule" : "",
  "checklistsRule" : "",
  "decisionConcepts" : [ ]
}