{
  "name" : "Screening Encounter",
  "uuid" : "84941196-6e73-46f2-a4f4-7bf6c6970f6f",
  "formType" : "Encounter",
  "formElementGroups" : [ {
    "uuid" : "209cbaf1-242d-4ed3-ad1c-eaac92e796d2",
    "name" : "Screening Details",
    "displayOrder" : 1.0,
    "formElements" : [ {
      "name" : "Random Blood Sugar (RBS)",
      "uuid" : "9c11c3dc-6f7b-42b9-86e7-73d4dc9c2e17",
      "keyValues" : [ ],
      "concept" : {
        "name" : "Random Blood Sugar (RBS)",
        "uuid" : "6f8bb653-3ca5-4968-a46f-7cbfa432e065",
        "dataType" : "Numeric",
        "answers" : [ ],
        "lowAbsolute" : 0.0,
        "highAbsolute" : 500.0,
        "active" : true
      },
      "displayOrder" : 1.0,
      "type" : "SingleSelect",
      "mandatory" : false
    }, {
      "name" : "Random Blood Sugar (RBS) High?",
      "uuid" : "85004c47-4971-4619-9982-47b03b917200",
      "keyValues" : [ ],
      "concept" : {
        "name" : "Random Blood Sugar (RBS) High?",
        "uuid" : "098e0df9-5507-4dbc-86d1-9332064152c0",
        "dataType" : "Coded",
        "answers" : [ {
          "name" : "High",
          "uuid" : "bb512fbf-dbb8-437f-bbfe-0866e6d1690b",
          "dataType" : "NA",
          "answers" : [ ],
          "order" : 0.0,
          "unique" : true,
          "abnormal" : true,
          "active" : true
        } ],
        "active" : true
      },
      "displayOrder" : 2.0,
      "type" : "SingleSelect",
      "rule" : "'use strict';\n({params, imports}) => {\n  const encounter = params.entity;\n  const moment = imports.moment;\n  const formElement = params.formElement;\n  const _ = imports.lodash;\n  let visibility = true;\n  let value = null;\n  let answersToSkip = [];\n  let validationErrors = [];\n  \n  const condition11 = new imports.rulesConfig.RuleCondition({encounter, formElement}).when.valueInEncounter(\"6f8bb653-3ca5-4968-a46f-7cbfa432e065\").greaterThanOrEqualTo(200).matches();\n  \n  visibility = condition11 ;\n  \n  return new imports.rulesConfig.FormElementStatus(formElement.uuid, visibility, value, answersToSkip, validationErrors);\n};",
      "declarativeRule" : [ {
        "actions" : [ {
          "actionType" : "showFormElement"
        }, { } ],
        "conditions" : [ {
          "compoundRule" : {
            "rules" : [ {
              "lhs" : {
                "type" : "concept",
                "scope" : "encounter",
                "conceptName" : "Random Blood Sugar (RBS)",
                "conceptUuid" : "6f8bb653-3ca5-4968-a46f-7cbfa432e065",
                "conceptDataType" : "Numeric"
              },
              "rhs" : {
                "type" : "value",
                "value" : 200
              },
              "operator" : "greaterThanOrEqualTo"
            } ]
          }
        } ]
      } ],
      "mandatory" : true
    }, {
      "name" : "Fasting Blood Sugar (FBS)",
      "uuid" : "c9e4acbc-90cf-48b1-b9f2-3de6c94ec88d",
      "keyValues" : [ ],
      "concept" : {
        "name" : "Fasting Blood Sugar (FBS)",
        "uuid" : "ea5663a1-8ef2-4006-a0f6-258bbf0cbea7",
        "dataType" : "Numeric",
        "answers" : [ ],
        "lowAbsolute" : 0.0,
        "highAbsolute" : 1000.0,
        "active" : true
      },
      "displayOrder" : 3.0,
      "type" : "SingleSelect",
      "rule" : "'use strict';\n({params, imports}) => {\n  const encounter = params.entity;\n  const moment = imports.moment;\n  const formElement = params.formElement;\n  const _ = imports.lodash;\n  let visibility = true;\n  let value = null;\n  let answersToSkip = [];\n  let validationErrors = [];\n  \n  const condition11 = new imports.rulesConfig.RuleCondition({encounter, formElement}).when.valueInEncounter(\"6f8bb653-3ca5-4968-a46f-7cbfa432e065\").greaterThanOrEqualTo(200).matches();\n  \n  visibility = condition11 ;\n  \n  return new imports.rulesConfig.FormElementStatus(formElement.uuid, visibility, value, answersToSkip, validationErrors);\n};",
      "declarativeRule" : [ {
        "actions" : [ {
          "actionType" : "showFormElement"
        }, { } ],
        "conditions" : [ {
          "compoundRule" : {
            "rules" : [ {
              "lhs" : {
                "type" : "concept",
                "scope" : "encounter",
                "conceptName" : "Random Blood Sugar (RBS)",
                "conceptUuid" : "6f8bb653-3ca5-4968-a46f-7cbfa432e065",
                "conceptDataType" : "Numeric"
              },
              "rhs" : {
                "type" : "value",
                "value" : 200
              },
              "operator" : "greaterThanOrEqualTo"
            } ]
          }
        } ]
      } ],
      "mandatory" : false
    }, {
      "name" : "Fasting Blood Sugar (FBS) High?",
      "uuid" : "ee1a056d-af0f-4fe5-a5f6-ed4ee00280da",
      "keyValues" : [ ],
      "concept" : {
        "name" : "Fasting Blood Sugar (FBS) High?",
        "uuid" : "8283ffc6-a554-4282-aebf-348268b0d738",
        "dataType" : "Coded",
        "answers" : [ {
          "name" : "High",
          "uuid" : "bb512fbf-dbb8-437f-bbfe-0866e6d1690b",
          "dataType" : "NA",
          "answers" : [ ],
          "order" : 0.0,
          "unique" : true,
          "abnormal" : true,
          "active" : true
        } ],
        "active" : true
      },
      "displayOrder" : 4.0,
      "type" : "SingleSelect",
      "rule" : "'use strict';\n({params, imports}) => {\n  const encounter = params.entity;\n  const moment = imports.moment;\n  const formElement = params.formElement;\n  const _ = imports.lodash;\n  let visibility = true;\n  let value = null;\n  let answersToSkip = [];\n  let validationErrors = [];\n  \n  const condition11 = new imports.rulesConfig.RuleCondition({encounter, formElement}).when.valueInEncounter(\"ea5663a1-8ef2-4006-a0f6-258bbf0cbea7\").greaterThanOrEqualTo(200).matches();\n  \n  visibility = condition11 ;\n  \n  return new imports.rulesConfig.FormElementStatus(formElement.uuid, visibility, value, answersToSkip, validationErrors);\n};",
      "declarativeRule" : [ {
        "actions" : [ {
          "actionType" : "showFormElement"
        }, { } ],
        "conditions" : [ {
          "compoundRule" : {
            "rules" : [ {
              "lhs" : {
                "type" : "concept",
                "scope" : "encounter",
                "conceptName" : "Fasting Blood Sugar (FBS)",
                "conceptUuid" : "ea5663a1-8ef2-4006-a0f6-258bbf0cbea7",
                "conceptDataType" : "Numeric"
              },
              "rhs" : {
                "type" : "value",
                "value" : 200
              },
              "operator" : "greaterThanOrEqualTo"
            } ],
            "conjunction" : "and"
          }
        } ]
      } ],
      "mandatory" : true
    }, {
      "name" : "Post Prandial Blood Sugar (PPBS)",
      "uuid" : "1056c6c0-297a-4a48-8fba-5c7bb072b230",
      "keyValues" : [ ],
      "concept" : {
        "name" : "Post Prandial Blood Sugar (PPBS)",
        "uuid" : "abc11ade-28a2-4c23-a1ec-3169d5d1109c",
        "dataType" : "Numeric",
        "answers" : [ ],
        "lowAbsolute" : 0.0,
        "highAbsolute" : 1000.0,
        "active" : true
      },
      "displayOrder" : 5.0,
      "type" : "SingleSelect",
      "rule" : "'use strict';\n({params, imports}) => {\n  const encounter = params.entity;\n  const moment = imports.moment;\n  const formElement = params.formElement;\n  const _ = imports.lodash;\n  let visibility = true;\n  let value = null;\n  let answersToSkip = [];\n  let validationErrors = [];\n  \n  const condition11 = new imports.rulesConfig.RuleCondition({encounter, formElement}).when.valueInEncounter(\"6f8bb653-3ca5-4968-a46f-7cbfa432e065\").greaterThanOrEqualTo(200).matches();\n  \n  visibility = condition11 ;\n  \n  return new imports.rulesConfig.FormElementStatus(formElement.uuid, visibility, value, answersToSkip, validationErrors);\n};",
      "declarativeRule" : [ {
        "actions" : [ {
          "actionType" : "showFormElement"
        }, { } ],
        "conditions" : [ {
          "compoundRule" : {
            "rules" : [ {
              "lhs" : {
                "type" : "concept",
                "scope" : "encounter",
                "conceptName" : "Random Blood Sugar (RBS)",
                "conceptUuid" : "6f8bb653-3ca5-4968-a46f-7cbfa432e065",
                "conceptDataType" : "Numeric"
              },
              "rhs" : {
                "type" : "value",
                "value" : 200
              },
              "operator" : "greaterThanOrEqualTo"
            } ]
          }
        } ]
      } ],
      "mandatory" : false
    }, {
      "name" : "Post Prandial Blood Sugar (PPBS) High?",
      "uuid" : "28556661-1dc1-493b-a9dd-442d09a72b24",
      "keyValues" : [ ],
      "concept" : {
        "name" : "Post Prandial Blood Sugar (PPBS) High?",
        "uuid" : "ee4a5b3c-6125-4d35-8d4f-11ff198c83e7",
        "dataType" : "Coded",
        "answers" : [ {
          "name" : "High",
          "uuid" : "bb512fbf-dbb8-437f-bbfe-0866e6d1690b",
          "dataType" : "NA",
          "answers" : [ ],
          "order" : 0.0,
          "unique" : true,
          "abnormal" : true,
          "active" : true
        } ],
        "active" : true
      },
      "displayOrder" : 6.0,
      "type" : "SingleSelect",
      "rule" : "'use strict';\n({params, imports}) => {\n  const encounter = params.entity;\n  const moment = imports.moment;\n  const formElement = params.formElement;\n  const _ = imports.lodash;\n  let visibility = true;\n  let value = null;\n  let answersToSkip = [];\n  let validationErrors = [];\n  \n  const condition11 = new imports.rulesConfig.RuleCondition({encounter, formElement}).when.valueInEncounter(\"abc11ade-28a2-4c23-a1ec-3169d5d1109c\").greaterThanOrEqualTo(200).matches();\n  \n  visibility = condition11 ;\n  \n  return new imports.rulesConfig.FormElementStatus(formElement.uuid, visibility, value, answersToSkip, validationErrors);\n};",
      "declarativeRule" : [ {
        "actions" : [ {
          "actionType" : "showFormElement"
        }, { } ],
        "conditions" : [ {
          "compoundRule" : {
            "rules" : [ {
              "lhs" : {
                "type" : "concept",
                "scope" : "encounter",
                "conceptName" : "Post Prandial Blood Sugar (PPBS)",
                "conceptUuid" : "abc11ade-28a2-4c23-a1ec-3169d5d1109c",
                "conceptDataType" : "Numeric"
              },
              "rhs" : {
                "type" : "value",
                "value" : 200
              },
              "operator" : "greaterThanOrEqualTo"
            } ]
          }
        } ]
      } ],
      "mandatory" : true
    }, {
      "name" : "Systolic Blood Pressure",
      "uuid" : "0c4ea014-7e4a-4ea9-bf3b-4c174adfa1ed",
      "keyValues" : [ ],
      "concept" : {
        "name" : "Systolic Blood Pressure",
        "uuid" : "ea23b660-a68f-4d6f-a192-21008a730263",
        "dataType" : "Numeric",
        "answers" : [ ],
        "lowAbsolute" : 0.0,
        "highAbsolute" : 250.0,
        "highNormal" : 140.0,
        "active" : true
      },
      "displayOrder" : 7.0,
      "type" : "SingleSelect",
      "mandatory" : true
    }, {
      "name" : "Diastolic Blood Pressure",
      "uuid" : "1607a0fb-9f6c-4a21-9176-d0dbdac190b3",
      "keyValues" : [ ],
      "concept" : {
        "name" : "Diastolic Blood Pressure",
        "uuid" : "216f3c3a-b414-4eab-abbd-a43af4e562ef",
        "dataType" : "Numeric",
        "answers" : [ ],
        "lowAbsolute" : 0.0,
        "highAbsolute" : 250.0,
        "highNormal" : 90.0,
        "active" : true
      },
      "displayOrder" : 8.0,
      "type" : "SingleSelect",
      "mandatory" : true
    }, {
      "name" : "Behaviour change for more than 15 days observed?",
      "uuid" : "564b7e8a-5d3d-4d02-982f-de9952382838",
      "keyValues" : [ ],
      "concept" : {
        "name" : "Behaviour change for more than 15 days observed?",
        "uuid" : "a9254b91-f8b8-48f4-a334-0cc7374a770e",
        "dataType" : "Coded",
        "answers" : [ {
          "name" : "Yes",
          "uuid" : "1bc21eb3-f2f3-4d85-bdc0-ec1ae0e56672",
          "dataType" : "NA",
          "answers" : [ ],
          "order" : 0.0,
          "active" : true
        }, {
          "name" : "No",
          "uuid" : "a6a7e47d-c258-4e4e-840c-d8bd6cefc7b4",
          "dataType" : "NA",
          "answers" : [ ],
          "order" : 1.0,
          "active" : true
        } ],
        "active" : true
      },
      "displayOrder" : 9.0,
      "type" : "SingleSelect",
      "mandatory" : true
    }, {
      "name" : "Behaviour change for more than 15 days",
      "uuid" : "8ff019a2-e3f8-4663-a33f-f2f5add4190e",
      "keyValues" : [ ],
      "concept" : {
        "name" : "Behaviour change for more than 15 days",
        "uuid" : "3617d1ee-6811-4771-b4fc-5fdb0bafb8a5",
        "dataType" : "Coded",
        "answers" : [ {
          "name" : "Does not do daily activities",
          "uuid" : "1439b003-3ab0-4bea-9fc2-c102d10ec47a",
          "dataType" : "NA",
          "answers" : [ ],
          "order" : 34.0,
          "abnormal" : true,
          "active" : true
        }, {
          "name" : "Cries without reason",
          "uuid" : "fdd4d8c1-b6ba-4231-8839-f6a4ade7c449",
          "dataType" : "NA",
          "answers" : [ ],
          "order" : 15.0,
          "abnormal" : true,
          "active" : true
        }, {
          "name" : "Talks unintelligibly and lots",
          "uuid" : "f76f4daf-8b9a-4a28-a357-60378fd12dfe",
          "dataType" : "NA",
          "answers" : [ ],
          "order" : 9.0,
          "abnormal" : true,
          "active" : true
        }, {
          "name" : "Loss of appetite",
          "uuid" : "ad72c299-06ba-477a-a726-c7bd69d8edd9",
          "dataType" : "NA",
          "answers" : [ ],
          "order" : 23.0,
          "abnormal" : true,
          "active" : true
        }, {
          "name" : "Behaving offensively/ Inappropriate",
          "uuid" : "15ee580e-9785-4e26-8a56-ad4e007fbfd4",
          "dataType" : "NA",
          "answers" : [ ],
          "order" : 33.0,
          "abnormal" : true,
          "active" : true
        }, {
          "name" : "Uncontrollable anger",
          "uuid" : "d2a39740-da65-428e-9585-f0704c031a73",
          "dataType" : "NA",
          "answers" : [ ],
          "order" : 0.0,
          "abnormal" : true,
          "active" : true
        }, {
          "name" : "Laughs without reason",
          "uuid" : "826ce58a-1ea8-4700-96ce-824ae40cca9b",
          "dataType" : "NA",
          "answers" : [ ],
          "order" : 13.0,
          "abnormal" : true,
          "active" : true
        }, {
          "name" : "Sits silent for long hours",
          "uuid" : "f18cb81a-8dca-4b07-969d-0f3393dbbde5",
          "dataType" : "NA",
          "answers" : [ ],
          "order" : 8.0,
          "abnormal" : true,
          "active" : true
        }, {
          "name" : "Not interested in any work",
          "uuid" : "6cdd08f3-42ad-4fe5-9617-bb5a12e55899",
          "dataType" : "NA",
          "answers" : [ ],
          "order" : 5.0,
          "abnormal" : true,
          "active" : true
        }, {
          "name" : "Talks alone",
          "uuid" : "88e983a3-fba8-4305-95bc-d5648bc7355f",
          "dataType" : "NA",
          "answers" : [ ],
          "order" : 7.0,
          "abnormal" : true,
          "active" : true
        }, {
          "name" : "Fights with friends & relatives",
          "uuid" : "3d1fb7e1-f182-41e0-b1f3-a365172ac3d1",
          "dataType" : "NA",
          "answers" : [ ],
          "order" : 30.0,
          "abnormal" : true,
          "active" : true
        }, {
          "name" : "Untidy",
          "uuid" : "ffeec5e0-63d5-4b92-ab00-86165168d921",
          "dataType" : "NA",
          "answers" : [ ],
          "order" : 21.0,
          "abnormal" : true,
          "active" : true
        }, {
          "name" : "Tires easily",
          "uuid" : "c4647a1d-8cf1-489d-8e1b-566c9b51ed19",
          "dataType" : "NA",
          "answers" : [ ],
          "order" : 36.0,
          "abnormal" : true,
          "active" : true
        }, {
          "name" : "Disinterested in work",
          "uuid" : "b7b96253-12a7-459c-af9f-1695db562a5a",
          "dataType" : "NA",
          "answers" : [ ],
          "order" : 35.0,
          "abnormal" : true,
          "active" : true
        }, {
          "name" : "Gets angry without reason",
          "uuid" : "b34255d3-1ce7-4ad2-b268-20c1173c453c",
          "dataType" : "NA",
          "answers" : [ ],
          "order" : 14.0,
          "abnormal" : true,
          "active" : true
        }, {
          "name" : "No control on personal body  functions",
          "uuid" : "a1cec4be-3dfe-4cc1-81a9-1455c29b1f71",
          "dataType" : "NA",
          "answers" : [ ],
          "order" : 22.0,
          "abnormal" : true,
          "active" : true
        }, {
          "name" : "Suicidal thoughts",
          "uuid" : "9bf40cb1-2814-4a0c-a36a-97c748f7f7b0",
          "dataType" : "NA",
          "answers" : [ ],
          "order" : 16.0,
          "abnormal" : true,
          "active" : true
        }, {
          "name" : "Hallucinations",
          "uuid" : "fd50067a-5a85-4bbb-8109-665d5fe227fc",
          "dataType" : "NA",
          "answers" : [ ],
          "order" : 18.0,
          "abnormal" : true,
          "active" : true
        }, {
          "name" : "Loss of sleep",
          "uuid" : "3fed8de2-497f-4271-a6ab-088585dffafb",
          "dataType" : "NA",
          "answers" : [ ],
          "order" : 24.0,
          "abnormal" : true,
          "active" : true
        }, {
          "name" : "Does not maintain social relations",
          "uuid" : "9990a457-d68d-4476-8565-1df7d9823ff2",
          "dataType" : "NA",
          "answers" : [ ],
          "order" : 31.0,
          "abnormal" : true,
          "active" : true
        }, {
          "name" : "Does not focus on work",
          "uuid" : "a69fde12-657c-4022-8f57-4464c60b56a5",
          "dataType" : "NA",
          "answers" : [ ],
          "order" : 37.0,
          "abnormal" : true,
          "active" : true
        }, {
          "name" : "Sits alone for hours/ days?",
          "uuid" : "43873aeb-ebd3-47fa-a159-604665449d55",
          "dataType" : "NA",
          "answers" : [ ],
          "order" : 6.0,
          "abnormal" : true,
          "active" : true
        }, {
          "name" : "Not doing their occupational work",
          "uuid" : "d999219a-7940-4abd-8dc2-5167123b3456",
          "dataType" : "NA",
          "answers" : [ ],
          "order" : 38.0,
          "abnormal" : true,
          "active" : true
        }, {
          "name" : "Restless, wanders aimlessly",
          "uuid" : "4d6d1155-3c44-49b2-abf6-0faa3603e7fd",
          "dataType" : "NA",
          "answers" : [ ],
          "order" : 3.0,
          "abnormal" : true,
          "active" : true
        }, {
          "name" : "Sad and upset without any reason",
          "uuid" : "5653c395-5524-4b16-86f8-caaf0288334c",
          "dataType" : "NA",
          "answers" : [ ],
          "order" : 12.0,
          "abnormal" : true,
          "active" : true
        }, {
          "name" : "Panics, with perspiration, palpitations etc",
          "uuid" : "5781b284-5d7d-4e54-b2e9-f1101d6fdbfa",
          "dataType" : "NA",
          "answers" : [ ],
          "order" : 10.0,
          "abnormal" : true,
          "active" : true
        }, {
          "name" : "Improper behaviour",
          "uuid" : "5fc3cf70-3be9-487c-9e9f-dd4bdbaeb949",
          "dataType" : "NA",
          "answers" : [ ],
          "order" : 1.0,
          "abnormal" : true,
          "active" : true
        }, {
          "name" : "Argues and fights",
          "uuid" : "6fe93938-41c7-4efe-b722-fc52685a89fe",
          "dataType" : "NA",
          "answers" : [ ],
          "order" : 4.0,
          "abnormal" : true,
          "active" : true
        }, {
          "name" : "Does not participate in social events",
          "uuid" : "4d04330e-ef7b-4ccb-817e-fb70d184d8e5",
          "dataType" : "NA",
          "answers" : [ ],
          "order" : 32.0,
          "abnormal" : true,
          "active" : true
        }, {
          "name" : "Does some activities obsessively",
          "uuid" : "ff6fd169-3289-4e6f-8c14-dd2776e64ff6",
          "dataType" : "NA",
          "answers" : [ ],
          "order" : 28.0,
          "abnormal" : true,
          "active" : true
        }, {
          "name" : "Is in happy mood and excited without any reason",
          "uuid" : "7bef54ab-e32d-4bf1-9a9e-d369d56d715c",
          "dataType" : "NA",
          "answers" : [ ],
          "order" : 11.0,
          "abnormal" : true,
          "active" : true
        }, {
          "name" : "Eats voraciously",
          "uuid" : "99bbb2fd-4aa6-4f8c-8821-6d61856a36ee",
          "dataType" : "NA",
          "answers" : [ ],
          "order" : 25.0,
          "abnormal" : true,
          "active" : true
        }, {
          "name" : "High risk behaviour",
          "uuid" : "911ca790-0ee0-49d2-bea1-74809d08675f",
          "dataType" : "NA",
          "answers" : [ ],
          "order" : 2.0,
          "abnormal" : true,
          "active" : true
        }, {
          "name" : "Increase sexual drive",
          "uuid" : "e7bc7a2e-8647-4198-b237-d2d1751bca81",
          "dataType" : "NA",
          "answers" : [ ],
          "order" : 27.0,
          "abnormal" : true,
          "active" : true
        }, {
          "name" : "Hears voices and converses with them",
          "uuid" : "011078c6-b913-4818-85aa-9d13f56207f9",
          "dataType" : "NA",
          "answers" : [ ],
          "order" : 17.0,
          "abnormal" : true,
          "active" : true
        }, {
          "name" : "Sleeps a lot",
          "uuid" : "880031a1-547f-4ec2-b896-80e7405c8f52",
          "dataType" : "NA",
          "answers" : [ ],
          "order" : 26.0,
          "abnormal" : true,
          "active" : true
        }, {
          "name" : "Cires, laughs, gets angry with the hallucinatory voices and images",
          "uuid" : "afc6c599-3ead-45b7-902b-c7b10be833d1",
          "dataType" : "NA",
          "answers" : [ ],
          "order" : 19.0,
          "abnormal" : true,
          "active" : true
        }, {
          "name" : "Misbehaves with other members of the house",
          "uuid" : "06d45872-13e7-4981-bcb3-084dd6783800",
          "dataType" : "NA",
          "answers" : [ ],
          "order" : 29.0,
          "abnormal" : true,
          "active" : true
        }, {
          "name" : "Is suspicious",
          "uuid" : "8140c799-483a-499c-aa5e-24a423c291d8",
          "dataType" : "NA",
          "answers" : [ ],
          "order" : 20.0,
          "abnormal" : true,
          "active" : true
        }, {
          "name" : "Does not do any house chores",
          "uuid" : "60e9c3d7-a128-4940-bbe3-9b89a2a015e1",
          "dataType" : "NA",
          "answers" : [ ],
          "order" : 39.0,
          "abnormal" : true,
          "active" : true
        } ],
        "active" : true
      },
      "displayOrder" : 10.0,
      "type" : "MultiSelect",
      "rule" : "'use strict';\n({params, imports}) => {\n  const encounter = params.entity;\n  const moment = imports.moment;\n  const formElement = params.formElement;\n  const _ = imports.lodash;\n  let visibility = true;\n  let value = null;\n  let answersToSkip = [];\n  let validationErrors = [];\n  \n  const condition11 = new imports.rulesConfig.RuleCondition({encounter, formElement}).when.valueInEncounter(\"a9254b91-f8b8-48f4-a334-0cc7374a770e\").containsAnswerConceptName(\"1bc21eb3-f2f3-4d85-bdc0-ec1ae0e56672\").matches();\n  \n  visibility = condition11 ;\n  \n  return new imports.rulesConfig.FormElementStatus(formElement.uuid, visibility, value, answersToSkip, validationErrors);\n};",
      "declarativeRule" : [ {
        "actions" : [ {
          "actionType" : "showFormElement"
        }, { } ],
        "conditions" : [ {
          "compoundRule" : {
            "rules" : [ {
              "lhs" : {
                "type" : "concept",
                "scope" : "encounter",
                "conceptName" : "Behaviour change for more than 15 days observed?",
                "conceptUuid" : "a9254b91-f8b8-48f4-a334-0cc7374a770e",
                "conceptDataType" : "Coded"
              },
              "rhs" : {
                "type" : "answerConcept",
                "answerConceptNames" : [ "Yes" ],
                "answerConceptUuids" : [ "1bc21eb3-f2f3-4d85-bdc0-ec1ae0e56672" ]
              },
              "operator" : "containsAnswerConceptName"
            } ]
          }
        } ]
      } ],
      "mandatory" : true
    }, {
      "name" : "Pallor",
      "uuid" : "670b3f80-d1c8-4900-a4f5-17f94f91a9a9",
      "keyValues" : [ ],
      "concept" : {
        "name" : "Pallor",
        "uuid" : "5f24ab15-3058-43ab-b15b-4199b75fe70f",
        "dataType" : "Coded",
        "answers" : [ {
          "name" : "Normal",
          "uuid" : "722371f5-3cb7-493e-8334-aa3c9cc88b86",
          "dataType" : "NA",
          "answers" : [ ],
          "order" : 2.0,
          "active" : true
        }, {
          "name" : "Severely pale",
          "uuid" : "34206771-512c-4f99-8d09-a6e611046607",
          "dataType" : "NA",
          "answers" : [ ],
          "order" : 1.0,
          "abnormal" : true,
          "active" : true
        }, {
          "name" : "Pale",
          "uuid" : "43e92896-7c04-418e-bdd4-4088d25a2cc0",
          "dataType" : "NA",
          "answers" : [ ],
          "order" : 0.0,
          "abnormal" : true,
          "active" : true
        } ],
        "active" : true
      },
      "displayOrder" : 11.0,
      "type" : "SingleSelect",
      "mandatory" : true
    } ],
    "display" : "Screening Details",
    "timed" : false
  }, {
    "uuid" : "b4d1673c-7714-446c-8849-49fadfa53689",
    "name" : "Next follow up",
    "displayOrder" : 2.0,
    "formElements" : [ {
      "name" : "Next home visit date",
      "uuid" : "c5a9ce6a-7a08-4046-921e-bffa1ed66c34",
      "keyValues" : [ ],
      "concept" : {
        "name" : "Next home visit date",
        "uuid" : "fbf6eee4-ed36-4570-a305-e97eacd50136",
        "dataType" : "Date",
        "answers" : [ ],
        "active" : true
      },
      "displayOrder" : 1.0,
      "type" : "SingleSelect",
      "rule" : "'use strict';\n({params, imports}) => {\n  const encounter = params.entity;\n  const moment = imports.moment;\n  const formElement = params.formElement;\n  const _ = imports.lodash;\n  let visibility = true;\n  let value = null;\n  let answersToSkip = [];\n  let validationErrors = [];\n  \n  let encDateTime = encounter.encounterDateTime;\n  \n  value = moment(encDateTime).add(15, 'days').format(\"YYYY-MM-DD\");\n  \n  let selectedDate = encounter.getObservationReadableValue(\"fbf6eee4-ed36-4570-a305-e97eacd50136\");\n\n  if (!selectedDate) {\n    return new imports.rulesConfig.FormElementStatus(formElement.uuid, visibility, value, answersToSkip, validationErrors);\n  }\n\n  const currentDate = moment().startOf('day');\n  selectedDate = moment(selectedDate, \"YYYY-MM-DD\", true).startOf('day');\n\n  if (selectedDate.isValid()) {\n    if (selectedDate.isBefore(currentDate)) {\n      validationErrors.push(\"Invalid date: Past dates are not allowed for the next home visit date.\");\n    } else if (selectedDate.isSame(currentDate)) {\n      validationErrors.push(\"Invalid date: Today's date is not allowed for the next home visit date.\");\n    }\n  }\n  \n  \n  return new imports.rulesConfig.FormElementStatus(formElement.uuid, visibility, value, answersToSkip, validationErrors);\n};",
      "mandatory" : true
    } ],
    "display" : "Next follow up",
    "timed" : false
  }, {
    "uuid" : "c8f587df-2f7d-48e2-9848-e6e73e5c1736",
    "name" : "Advice",
    "displayOrder" : 3.0,
    "formElements" : [ {
      "name" : "If Random Blood Sugar (RBS) ≥ 200 mg/dL, then do Fasting Blood Sugar (FBS) and Postprandial Blood Sugar (PPBS) testing the next day.",
      "uuid" : "773322e7-05ab-4cff-b0c1-f0fbead8d12b",
      "keyValues" : [ {
        "key" : "editable",
        "value" : false
      }, {
        "key" : "ExcludedAnswers",
        "value" : [ "None" ]
      } ],
      "concept" : {
        "name" : "screening_advice1",
        "uuid" : "e7962ccb-c5ca-43c8-92e5-6c3a0cb57df6",
        "dataType" : "Coded",
        "answers" : [ {
          "name" : "None",
          "uuid" : "82a42f48-df66-423e-8d5b-b9b33604896a",
          "dataType" : "NA",
          "answers" : [ ],
          "order" : 0.0,
          "active" : true
        } ],
        "active" : true
      },
      "displayOrder" : 1.0,
      "type" : "SingleSelect",
      "mandatory" : false
    }, {
      "name" : "If RBS ≥ 200 mg/dL or FBS > 110 mg/dL and PPBS > 140 mg/dL, advise the patient to visit the nearest health centre asap for confirmation.",
      "uuid" : "85fb5aa1-594d-4fc2-9a28-fc389c8eb288",
      "keyValues" : [ {
        "key" : "editable",
        "value" : false
      }, {
        "key" : "ExcludedAnswers",
        "value" : [ "None" ]
      } ],
      "concept" : {
        "name" : "screening_advice2",
        "uuid" : "63efafcc-4189-4c61-8214-d13203e788b7",
        "dataType" : "Coded",
        "answers" : [ {
          "name" : "None",
          "uuid" : "82a42f48-df66-423e-8d5b-b9b33604896a",
          "dataType" : "NA",
          "answers" : [ ],
          "order" : 0.0,
          "active" : true
        } ],
        "active" : true
      },
      "displayOrder" : 2.0,
      "type" : "SingleSelect",
      "mandatory" : false
    }, {
      "name" : "If patient is under 60 years of age and Systolic Blood Pressure (SBP) ≥ 140 mmHg, repeat the reading after one week. If still elevated, advise the patient to go to health centre asap for confirmation.",
      "uuid" : "cc7d2715-3a68-444a-a9bd-782c581ebc8b",
      "keyValues" : [ {
        "key" : "ExcludedAnswers",
        "value" : [ "None" ]
      }, {
        "key" : "editable",
        "value" : false
      } ],
      "concept" : {
        "name" : "screening_advice3",
        "uuid" : "1cb42d80-1ab5-458e-b96d-678f787c9175",
        "dataType" : "Coded",
        "answers" : [ {
          "name" : "None",
          "uuid" : "82a42f48-df66-423e-8d5b-b9b33604896a",
          "dataType" : "NA",
          "answers" : [ ],
          "order" : 0.0,
          "active" : true
        } ],
        "active" : true
      },
      "displayOrder" : 3.0,
      "type" : "SingleSelect",
      "mandatory" : false
    }, {
      "name" : "If patient is 60 years or older and SBP ≥ 150 mmHg, repeat the reading after one week. If still elevated, advise the patient to go to health centre asap for confirmation.",
      "uuid" : "55179c74-1ddc-438d-8f01-1eff24e325ef",
      "keyValues" : [ {
        "key" : "ExcludedAnswers",
        "value" : [ "None" ]
      }, {
        "key" : "editable",
        "value" : false
      } ],
      "concept" : {
        "name" : "screening_advice4",
        "uuid" : "9bf1d618-9c85-4fdb-a8af-864de8f88dbc",
        "dataType" : "Coded",
        "answers" : [ {
          "name" : "None",
          "uuid" : "82a42f48-df66-423e-8d5b-b9b33604896a",
          "dataType" : "NA",
          "answers" : [ ],
          "order" : 0.0,
          "active" : true
        } ],
        "active" : true
      },
      "displayOrder" : 4.0,
      "type" : "SingleSelect",
      "mandatory" : false
    }, {
      "name" : "If Diastolic Blood Pressure (DBP) ≥ 90 mmHg, repeat the reading after one week. If still elevated, advise the patient to go to health centre asap for confirmation.",
      "uuid" : "ee4ca821-c7b9-42e2-abf5-fa8d1e5ad758",
      "keyValues" : [ {
        "key" : "editable",
        "value" : false
      }, {
        "key" : "ExcludedAnswers",
        "value" : [ "None" ]
      } ],
      "concept" : {
        "name" : "screening_advice5",
        "uuid" : "f4b89fd0-c65d-4416-bc18-c946fb79b4ca",
        "dataType" : "Coded",
        "answers" : [ {
          "name" : "None",
          "uuid" : "82a42f48-df66-423e-8d5b-b9b33604896a",
          "dataType" : "NA",
          "answers" : [ ],
          "order" : 0.0,
          "active" : true
        } ],
        "active" : true
      },
      "displayOrder" : 5.0,
      "type" : "SingleSelect",
      "mandatory" : false
    }, {
      "name" : "If any behavioural change is observed and persists for 15 days or more, refer the patient to a higher centre for evaluation and confirmation.",
      "uuid" : "62f509f4-5a0e-4dec-9ad5-494818894eee",
      "keyValues" : [ {
        "key" : "editable",
        "value" : false
      }, {
        "key" : "ExcludedAnswers",
        "value" : [ "None" ]
      } ],
      "concept" : {
        "name" : "screening_advice6",
        "uuid" : "92b94bee-6e95-426e-a067-211fe299b140",
        "dataType" : "Coded",
        "answers" : [ {
          "name" : "None",
          "uuid" : "82a42f48-df66-423e-8d5b-b9b33604896a",
          "dataType" : "NA",
          "answers" : [ ],
          "order" : 0.0,
          "active" : true
        } ],
        "active" : true
      },
      "displayOrder" : 6.0,
      "type" : "SingleSelect",
      "mandatory" : false
    }, {
      "name" : "If person is pale or severly pale then advise the patient to go to health centre for confirmation",
      "uuid" : "ca437c16-f5ec-47f3-9dc4-9380ec6bf7b0",
      "keyValues" : [ {
        "key" : "editable",
        "value" : false
      } ],
      "concept" : {
        "name" : "screening_advice7",
        "uuid" : "46c617dd-983f-4e30-a9ca-80345588ed2a",
        "dataType" : "Coded",
        "answers" : [ {
          "name" : "None",
          "uuid" : "82a42f48-df66-423e-8d5b-b9b33604896a",
          "dataType" : "NA",
          "answers" : [ ],
          "order" : 0.0,
          "active" : true
        } ],
        "active" : true
      },
      "displayOrder" : 7.0,
      "type" : "SingleSelect",
      "mandatory" : false
    }, {
      "name" : "Follow up of all referred patient within 15 days",
      "uuid" : "2c4642b3-5969-4940-8694-cad2f4489051",
      "keyValues" : [ {
        "key" : "editable",
        "value" : false
      }, {
        "key" : "ExcludedAnswers",
        "value" : [ "None" ]
      } ],
      "concept" : {
        "name" : "screening_advice8",
        "uuid" : "08d707bf-1c93-48de-8feb-197633f52c89",
        "dataType" : "Coded",
        "answers" : [ {
          "name" : "None",
          "uuid" : "82a42f48-df66-423e-8d5b-b9b33604896a",
          "dataType" : "NA",
          "answers" : [ ],
          "order" : 0.0,
          "active" : true
        } ],
        "active" : true
      },
      "displayOrder" : 8.0,
      "type" : "SingleSelect",
      "mandatory" : false
    } ],
    "display" : "Advice",
    "timed" : false
  } ],
  "decisionRule" : "",
  "visitScheduleRule" : "\"use strict\";\n({ params, imports }) => {\n  const encounter = params.entity;\n  const moment = imports.moment;\n  const scheduleBuilder = new imports.rulesConfig.VisitScheduleBuilder({encounter});\n  \n  const condition11 = new imports.rulesConfig.RuleCondition({encounter}).when.ageInYears.greaterThan(6).matches();\n  \n  if(condition11 ){\n    const earliestDate = moment(encounter.getObservationReadableValue('fbf6eee4-ed36-4570-a305-e97eacd50136')).add(0, 'days').startOf('day').toDate();\n    const maxDate = moment(encounter.getObservationReadableValue('fbf6eee4-ed36-4570-a305-e97eacd50136')).add(30, 'days').endOf('day').toDate();\n    scheduleBuilder.add({name: \"Screening Followup\", encounterType: \"Screening Followup\", earliestDate, maxDate});  \n}\n  \n  return scheduleBuilder.getAll();\n};",
  "validationRule" : "",
  "checklistsRule" : "",
  "decisionConcepts" : [ ]
}