{
  "name" : "Screening Followup Encounter",
  "uuid" : "7ec4eede-428b-430a-b62d-eee1794a93ed",
  "formType" : "Encounter",
  "formElementGroups" : [ {
    "uuid" : "5dc8cbe3-ea5b-4254-8452-ced24e5962e3",
    "name" : "Visit Details",
    "displayOrder" : 1.0,
    "formElements" : [ {
      "name" : "Do you want to cancel this visit?",
      "uuid" : "16a578d2-016d-4b23-be35-09e467dedee7",
      "keyValues" : [ ],
      "concept" : {
        "name" : "Do you want to cancel this visit",
        "uuid" : "a3ef5831-4073-463e-9cef-2403167f7d8d",
        "dataType" : "Coded",
        "answers" : [ {
          "name" : "Yes",
          "uuid" : "1bc21eb3-f2f3-4d85-bdc0-ec1ae0e56672",
          "dataType" : "NA",
          "answers" : [ ],
          "order" : 0.0,
          "active" : true
        }, {
          "name" : "No",
          "uuid" : "a6a7e47d-c258-4e4e-840c-d8bd6cefc7b4",
          "dataType" : "NA",
          "answers" : [ ],
          "order" : 1.0,
          "active" : true
        } ],
        "active" : true
      },
      "displayOrder" : 1.0,
      "type" : "SingleSelect",
      "rule" : "'use strict';\n({params, imports}) => {\n    const encounter = params.entity;\n    const moment = imports.moment;\n    const formElement = params.formElement;\n    const _ = imports.lodash;\n    let visibility = true;\n    let value = null;\n    let answersToSkip = [];\n    let validationErrors = [];\n    \n    const hasValueAlreadyDefined = new imports.rulesConfig.RuleCondition({encounter, formElement}).when.valueInEncounter(\"a3ef5831-4073-463e-9cef-2403167f7d8d\").defined.matches();\n    \n    if(!hasValueAlreadyDefined) {\n        value = \"No\";  \n    }\n    \n    //value = \"No\";\n    \n    return new imports.rulesConfig.FormElementStatus(formElement.uuid, visibility, value, answersToSkip, validationErrors);\n};",
      "mandatory" : true
    }, {
      "name" : "Reason for Cancellation",
      "uuid" : "c0fbcc8a-5398-4179-ab69-099b3e82e8d1",
      "keyValues" : [ ],
      "concept" : {
        "name" : "Reason for Cancellation",
        "uuid" : "cacfcfe3-f309-439b-8211-64220e78e050",
        "dataType" : "Coded",
        "answers" : [ {
          "name" : "Patient not available",
          "uuid" : "1d53d4ae-9c05-4c49-9b60-81db44bb3724",
          "dataType" : "NA",
          "answers" : [ ],
          "order" : 1.0,
          "active" : true
        }, {
          "name" : "Other",
          "uuid" : "fee0efe2-7385-4db8-a529-1c8d5e937bad",
          "dataType" : "NA",
          "answers" : [ ],
          "order" : 3.0,
          "active" : true
        }, {
          "name" : "The visit did not happened",
          "uuid" : "5ac77f39-5831-49f2-9433-038f25c1a488",
          "dataType" : "NA",
          "answers" : [ ],
          "order" : 2.0,
          "active" : true
        }, {
          "name" : "Child not available",
          "uuid" : "81d621f4-e47f-464a-9ce9-85e5f97131f4",
          "dataType" : "NA",
          "answers" : [ ],
          "order" : 0.0,
          "active" : true
        } ],
        "active" : true
      },
      "displayOrder" : 2.0,
      "type" : "SingleSelect",
      "rule" : "'use strict';\n({params, imports}) => {\n  const encounter = params.entity;\n  const moment = imports.moment;\n  const formElement = params.formElement;\n  const _ = imports.lodash;\n  let visibility = true;\n  let value = null;\n  let answersToSkip = [];\n  let validationErrors = [];\n  \n  const condition11 = new imports.rulesConfig.RuleCondition({encounter, formElement}).when.valueInEncounter(\"a3ef5831-4073-463e-9cef-2403167f7d8d\").containsAnswerConceptName(\"1bc21eb3-f2f3-4d85-bdc0-ec1ae0e56672\").matches();\n  \n  visibility = condition11 ;\n  \n  return new imports.rulesConfig.FormElementStatus(formElement.uuid, visibility, value, answersToSkip, validationErrors);\n};",
      "declarativeRule" : [ {
        "actions" : [ {
          "actionType" : "showFormElement"
        }, { } ],
        "conditions" : [ {
          "compoundRule" : {
            "rules" : [ {
              "lhs" : {
                "type" : "concept",
                "scope" : "encounter",
                "conceptName" : "Do you want to cancel this visit",
                "conceptUuid" : "a3ef5831-4073-463e-9cef-2403167f7d8d",
                "conceptDataType" : "Coded"
              },
              "rhs" : {
                "type" : "answerConcept",
                "answerConceptNames" : [ "Yes" ],
                "answerConceptUuids" : [ "1bc21eb3-f2f3-4d85-bdc0-ec1ae0e56672" ]
              },
              "operator" : "containsAnswerConceptName"
            } ]
          }
        } ]
      } ],
      "mandatory" : true
    }, {
      "name" : "Other reason for cancellation, please specify",
      "uuid" : "ccb996f2-3c27-4893-9027-b38ca65223c8",
      "keyValues" : [ ],
      "concept" : {
        "name" : "Other reason for cancellation, please specify",
        "uuid" : "8f583935-884e-4b5e-9c3d-a10f0320422b",
        "dataType" : "Text",
        "answers" : [ ],
        "active" : true
      },
      "displayOrder" : 3.0,
      "type" : "SingleSelect",
      "rule" : "'use strict';\n({params, imports}) => {\n  const encounter = params.entity;\n  const moment = imports.moment;\n  const formElement = params.formElement;\n  const _ = imports.lodash;\n  let visibility = true;\n  let value = null;\n  let answersToSkip = [];\n  let validationErrors = [];\n  \n  const condition11 = new imports.rulesConfig.RuleCondition({encounter, formElement}).when.valueInEncounter(\"cacfcfe3-f309-439b-8211-64220e78e050\").containsAnswerConceptName(\"fee0efe2-7385-4db8-a529-1c8d5e937bad\").matches();\n  \n  visibility = condition11 ;\n  \n  return new imports.rulesConfig.FormElementStatus(formElement.uuid, visibility, value, answersToSkip, validationErrors);\n};",
      "declarativeRule" : [ {
        "actions" : [ {
          "actionType" : "showFormElement"
        }, { } ],
        "conditions" : [ {
          "compoundRule" : {
            "rules" : [ {
              "lhs" : {
                "type" : "concept",
                "scope" : "encounter",
                "conceptName" : "Reason for Cancellation",
                "conceptUuid" : "cacfcfe3-f309-439b-8211-64220e78e050",
                "conceptDataType" : "Coded"
              },
              "rhs" : {
                "type" : "answerConcept",
                "answerConceptNames" : [ "Other" ],
                "answerConceptUuids" : [ "fee0efe2-7385-4db8-a529-1c8d5e937bad" ]
              },
              "operator" : "containsAnswerConceptName"
            } ],
            "conjunction" : "and"
          }
        } ]
      } ],
      "mandatory" : true
    } ],
    "display" : "Visit Details",
    "timed" : false
  }, {
    "uuid" : "8b6b7993-b7d7-45a1-b79b-baa8a16052ca",
    "name" : "Screening Followup",
    "displayOrder" : 2.0,
    "formElements" : [ {
      "name" : "Did you visit health facility",
      "uuid" : "da6716cb-e1b1-4567-a19f-d88ba94d2200",
      "keyValues" : [ ],
      "concept" : {
        "name" : "Screening Followup",
        "uuid" : "5284fe93-ac37-4d2c-ae68-6d9aae9ed4bb",
        "dataType" : "Coded",
        "answers" : [ {
          "name" : "No",
          "uuid" : "a6a7e47d-c258-4e4e-840c-d8bd6cefc7b4",
          "dataType" : "NA",
          "answers" : [ ],
          "order" : 1.0,
          "active" : true
        }, {
          "name" : "Yes",
          "uuid" : "1bc21eb3-f2f3-4d85-bdc0-ec1ae0e56672",
          "dataType" : "NA",
          "answers" : [ ],
          "order" : 0.0,
          "active" : true
        } ],
        "active" : true
      },
      "displayOrder" : 1.0,
      "type" : "SingleSelect",
      "voided" : true,
      "mandatory" : true
    }, {
      "name" : "Did you visit health facility",
      "uuid" : "1c8eeaf0-d636-4921-8013-819001c8851b",
      "keyValues" : [ ],
      "concept" : {
        "name" : "Did you visit health facility",
        "uuid" : "b5d0a3d6-c39f-49ad-8e49-d0be09116c21",
        "dataType" : "Coded",
        "answers" : [ {
          "name" : "Yes",
          "uuid" : "1bc21eb3-f2f3-4d85-bdc0-ec1ae0e56672",
          "dataType" : "NA",
          "answers" : [ ],
          "order" : 0.0,
          "active" : true
        }, {
          "name" : "No",
          "uuid" : "a6a7e47d-c258-4e4e-840c-d8bd6cefc7b4",
          "dataType" : "NA",
          "answers" : [ ],
          "order" : 1.0,
          "active" : true
        } ],
        "active" : true
      },
      "displayOrder" : 2.0,
      "type" : "SingleSelect",
      "mandatory" : true
    }, {
      "name" : "Conditions confirmed",
      "uuid" : "ef190145-67c0-41d0-a855-f55abfc407b9",
      "keyValues" : [ ],
      "concept" : {
        "name" : "Conditions confirmed",
        "uuid" : "3a822fa1-c524-4d6d-afba-998f516f42e3",
        "dataType" : "Coded",
        "answers" : [ {
          "name" : "Malnutrition",
          "uuid" : "300a3eaf-ed73-4945-8ead-e9a72eb257fc",
          "dataType" : "NA",
          "answers" : [ ],
          "order" : 6.0,
          "active" : true
        }, {
          "name" : "Anaemia",
          "uuid" : "eba4304b-7856-4ffd-8125-fb18a25e51c2",
          "dataType" : "NA",
          "answers" : [ ],
          "order" : 5.0,
          "abnormal" : true,
          "active" : true
        }, {
          "name" : "Any Other",
          "uuid" : "bd97d01d-6501-470f-8e98-a75fd26dbbd1",
          "dataType" : "NA",
          "answers" : [ ],
          "order" : 7.0,
          "abnormal" : true,
          "active" : true
        }, {
          "name" : "Mental Health",
          "uuid" : "47530641-1ca9-4b72-8352-07a00f74aa56",
          "dataType" : "NA",
          "answers" : [ ],
          "order" : 4.0,
          "abnormal" : true,
          "active" : true
        }, {
          "name" : "Diabetes & HTN",
          "uuid" : "be6e3012-9a19-41df-9bdb-13182a2dd862",
          "dataType" : "NA",
          "answers" : [ ],
          "order" : 3.0,
          "abnormal" : true,
          "active" : true
        }, {
          "name" : "Normal",
          "uuid" : "722371f5-3cb7-493e-8334-aa3c9cc88b86",
          "dataType" : "NA",
          "answers" : [ ],
          "order" : 0.0,
          "unique" : true,
          "active" : true
        }, {
          "name" : "HTN",
          "uuid" : "f6c5a8f3-d881-46ff-9304-01186a5bf5d7",
          "dataType" : "NA",
          "answers" : [ ],
          "order" : 2.0,
          "abnormal" : true,
          "active" : true
        }, {
          "name" : "Diabetes",
          "uuid" : "f42712e6-8a42-4728-a8f9-7af6039eb2b3",
          "dataType" : "NA",
          "answers" : [ ],
          "order" : 1.0,
          "abnormal" : true,
          "active" : true
        } ],
        "active" : true
      },
      "displayOrder" : 3.0,
      "type" : "MultiSelect",
      "rule" : "'use strict';\n({params, imports}) => {\n  const encounter = params.entity;\n  const moment = imports.moment;\n  const formElement = params.formElement;\n  const _ = imports.lodash;\n  let visibility = true;\n  let value = null;\n  let answersToSkip = [];\n  let validationErrors = [];\n  \n  const condition11 = new imports.rulesConfig.RuleCondition({encounter, formElement}).when.valueInEncounter(\"b5d0a3d6-c39f-49ad-8e49-d0be09116c21\").containsAnswerConceptName(\"1bc21eb3-f2f3-4d85-bdc0-ec1ae0e56672\").matches();\n  \n  visibility = condition11 ;\n  \n  return new imports.rulesConfig.FormElementStatus(formElement.uuid, visibility, value, answersToSkip, validationErrors);\n};",
      "declarativeRule" : [ {
        "actions" : [ {
          "actionType" : "showFormElement"
        }, { } ],
        "conditions" : [ {
          "compoundRule" : {
            "rules" : [ {
              "lhs" : {
                "type" : "concept",
                "scope" : "encounter",
                "conceptName" : "Did you visit health facility",
                "conceptUuid" : "b5d0a3d6-c39f-49ad-8e49-d0be09116c21",
                "conceptDataType" : "Coded"
              },
              "rhs" : {
                "type" : "answerConcept",
                "answerConceptNames" : [ "Yes" ],
                "answerConceptUuids" : [ "1bc21eb3-f2f3-4d85-bdc0-ec1ae0e56672" ]
              },
              "operator" : "containsAnswerConceptName"
            } ]
          }
        } ]
      } ],
      "mandatory" : true
    }, {
      "name" : "Conditions confirmed",
      "uuid" : "bead7e74-01dd-4192-a032-8d5b8d503487",
      "keyValues" : [ ],
      "concept" : {
        "name" : "Conditions confirmed",
        "uuid" : "3a822fa1-c524-4d6d-afba-998f516f42e3",
        "dataType" : "Coded",
        "answers" : [ {
          "name" : "Malnutrition",
          "uuid" : "300a3eaf-ed73-4945-8ead-e9a72eb257fc",
          "dataType" : "NA",
          "answers" : [ ],
          "order" : 6.0,
          "active" : true
        }, {
          "name" : "Anaemia",
          "uuid" : "eba4304b-7856-4ffd-8125-fb18a25e51c2",
          "dataType" : "NA",
          "answers" : [ ],
          "order" : 5.0,
          "abnormal" : true,
          "active" : true
        }, {
          "name" : "Any Other",
          "uuid" : "bd97d01d-6501-470f-8e98-a75fd26dbbd1",
          "dataType" : "NA",
          "answers" : [ ],
          "order" : 7.0,
          "abnormal" : true,
          "active" : true
        }, {
          "name" : "Mental Health",
          "uuid" : "47530641-1ca9-4b72-8352-07a00f74aa56",
          "dataType" : "NA",
          "answers" : [ ],
          "order" : 4.0,
          "abnormal" : true,
          "active" : true
        }, {
          "name" : "Diabetes & HTN",
          "uuid" : "be6e3012-9a19-41df-9bdb-13182a2dd862",
          "dataType" : "NA",
          "answers" : [ ],
          "order" : 3.0,
          "abnormal" : true,
          "active" : true
        }, {
          "name" : "Normal",
          "uuid" : "722371f5-3cb7-493e-8334-aa3c9cc88b86",
          "dataType" : "NA",
          "answers" : [ ],
          "order" : 0.0,
          "unique" : true,
          "active" : true
        }, {
          "name" : "HTN",
          "uuid" : "f6c5a8f3-d881-46ff-9304-01186a5bf5d7",
          "dataType" : "NA",
          "answers" : [ ],
          "order" : 2.0,
          "abnormal" : true,
          "active" : true
        }, {
          "name" : "Diabetes",
          "uuid" : "f42712e6-8a42-4728-a8f9-7af6039eb2b3",
          "dataType" : "NA",
          "answers" : [ ],
          "order" : 1.0,
          "abnormal" : true,
          "active" : true
        } ],
        "active" : true
      },
      "displayOrder" : 4.0,
      "type" : "MultiSelect",
      "rule" : "'use strict';\n({params, imports}) => {\n  const encounter = params.entity;\n  const moment = imports.moment;\n  const formElement = params.formElement;\n  const _ = imports.lodash;\n  let visibility = true;\n  let value = null;\n  let answersToSkip = [];\n  let validationErrors = [];\n  \n  visibility = true;\n  \n  return new imports.rulesConfig.FormElementStatus(formElement.uuid, visibility, value, answersToSkip, validationErrors);\n};",
      "declarativeRule" : [ {
        "actions" : [ {
          "actionType" : "showFormElement"
        }, { } ],
        "conditions" : [ {
          "compoundRule" : {
            "rules" : [ {
              "lhs" : { },
              "rhs" : { }
            } ]
          }
        } ]
      } ],
      "voided" : true,
      "mandatory" : true
    }, {
      "name" : "Any other condition",
      "uuid" : "06b6bc44-22a2-4b0e-aa67-c3b9587c8430",
      "keyValues" : [ ],
      "concept" : {
        "name" : "Any other condition",
        "uuid" : "4aaa37ad-6931-4b2f-9f60-71e4d25f7a94",
        "dataType" : "Text",
        "answers" : [ ],
        "active" : true
      },
      "displayOrder" : 5.0,
      "type" : "SingleSelect",
      "rule" : "'use strict';\n({params, imports}) => {\n  const encounter = params.entity;\n  const moment = imports.moment;\n  const formElement = params.formElement;\n  const _ = imports.lodash;\n  let visibility = true;\n  let value = null;\n  let answersToSkip = [];\n  let validationErrors = [];\n  \n  const condition11 = new imports.rulesConfig.RuleCondition({encounter, formElement}).when.valueInEncounter(\"3a822fa1-c524-4d6d-afba-998f516f42e3\").containsAnswerConceptName(\"bd97d01d-6501-470f-8e98-a75fd26dbbd1\").matches();\n  \n  visibility = condition11 ;\n  \n  return new imports.rulesConfig.FormElementStatus(formElement.uuid, visibility, value, answersToSkip, validationErrors);\n};",
      "declarativeRule" : [ {
        "actions" : [ {
          "actionType" : "showFormElement"
        }, { } ],
        "conditions" : [ {
          "compoundRule" : {
            "rules" : [ {
              "lhs" : {
                "type" : "concept",
                "scope" : "encounter",
                "conceptName" : "Conditions confirmed",
                "conceptUuid" : "3a822fa1-c524-4d6d-afba-998f516f42e3",
                "conceptDataType" : "Coded"
              },
              "rhs" : {
                "type" : "answerConcept",
                "answerConceptNames" : [ "Any Other" ],
                "answerConceptUuids" : [ "bd97d01d-6501-470f-8e98-a75fd26dbbd1" ]
              },
              "operator" : "containsAnswerConceptName"
            } ]
          }
        } ]
      } ],
      "mandatory" : true
    } ],
    "rule" : "'use strict';\n({params, imports}) => {\n    const encounter = params.entity;\n    const moment = imports.moment;\n    const formElementGroup = params.formElementGroup;\n    const _ = imports.lodash;\n    let visibility = true;\n    return formElementGroup.formElements.map((formElement) => {\n        \n  const condition11 = new imports.rulesConfig.RuleCondition({encounter, formElement}).when.valueInEncounter(\"a3ef5831-4073-463e-9cef-2403167f7d8d\").containsAnswerConceptName(\"1bc21eb3-f2f3-4d85-bdc0-ec1ae0e56672\").matches();\n  \n        visibility = !(condition11 );\n  \n        return new imports.rulesConfig.FormElementStatus(formElement.uuid, visibility, null);\n    });\n};",
    "declarativeRule" : [ {
      "actions" : [ {
        "actionType" : "hideFormElementGroup"
      }, { } ],
      "conditions" : [ {
        "compoundRule" : {
          "rules" : [ {
            "lhs" : {
              "type" : "concept",
              "scope" : "encounter",
              "conceptName" : "Do you want to cancel this visit",
              "conceptUuid" : "a3ef5831-4073-463e-9cef-2403167f7d8d",
              "conceptDataType" : "Coded"
            },
            "rhs" : {
              "type" : "answerConcept",
              "answerConceptNames" : [ "Yes" ],
              "answerConceptUuids" : [ "1bc21eb3-f2f3-4d85-bdc0-ec1ae0e56672" ]
            },
            "operator" : "containsAnswerConceptName"
          } ]
        }
      } ]
    } ],
    "display" : "Screening Followup",
    "timed" : false
  }, {
    "uuid" : "59fe2935-45d5-4168-b416-22b1e23e5e60",
    "name" : "Next follow up",
    "displayOrder" : 3.0,
    "formElements" : [ {
      "name" : "Next check up",
      "uuid" : "6f4ce2ac-ca2e-40ce-abfa-b61c2018c782",
      "keyValues" : [ ],
      "concept" : {
        "name" : "Next check up",
        "uuid" : "ad2ba2fb-01d3-478f-9d85-7e01dc862a66",
        "dataType" : "Date",
        "answers" : [ ],
        "active" : true
      },
      "displayOrder" : 1.0,
      "type" : "SingleSelect",
      "rule" : "'use strict';\n({params, imports}) => {\n  const encounter = params.entity;\n  const moment = imports.moment;\n  const formElement = params.formElement;\n  const _ = imports.lodash;\n\n  let visibility = true;\n  let value = null;\n  let answersToSkip = [];\n  let validationErrors = [];\n\n  let selectedDate = encounter.getObservationReadableValue(\"ad2ba2fb-01d3-478f-9d85-7e01dc862a66\");\n\n  if (!selectedDate) {\n    return new imports.rulesConfig.FormElementStatus(formElement.uuid, visibility, value, answersToSkip, validationErrors);\n  }\n\n  const currentDate = moment().startOf('day');\n  selectedDate = moment(selectedDate, \"YYYY-MM-DD\", true).startOf('day');\n\n  if (selectedDate.isValid()) {\n    if (selectedDate.isBefore(currentDate)) {\n      validationErrors.push(\"Invalid date: Past dates are not allowed for the next check-up date.\");\n    } else if (selectedDate.isSame(currentDate)) {\n      validationErrors.push(\"Invalid date: Today's date is not allowed for the next check-up date.\");\n    }\n  }\n  return new imports.rulesConfig.FormElementStatus(formElement.uuid, visibility, value, answersToSkip, validationErrors);\n};",
      "voided" : true,
      "mandatory" : false
    }, {
      "name" : "Next home visit date",
      "uuid" : "f3c0f2c3-e852-4fd3-9eab-1ae063e148cd",
      "keyValues" : [ ],
      "concept" : {
        "name" : "Next home visit date",
        "uuid" : "fbf6eee4-ed36-4570-a305-e97eacd50136",
        "dataType" : "Date",
        "answers" : [ ],
        "active" : true
      },
      "displayOrder" : 2.0,
      "type" : "SingleSelect",
      "rule" : "'use strict';\n({params, imports}) => {\n  const encounter = params.entity;\n  const moment = imports.moment;\n  const formElement = params.formElement;\n  const _ = imports.lodash;\n\n  let visibility = true;\n  let value = null;\n  let answersToSkip = [];\n  let validationErrors = [];\n  \n  let encDateTime = encounter.encounterDateTime;\n  \n  let conditionConfirmed = encounter.getObservationValue(\"3a822fa1-c524-4d6d-afba-998f516f42e3\");\n  let visitHealthFacility = encounter.getObservationReadableValue(\"b5d0a3d6-c39f-49ad-8e49-d0be09116c21\");\n  let cancelFollowup = encounter.getObservationReadableValue(\"a3ef5831-4073-463e-9cef-2403167f7d8d\");\n  \n  if(cancelFollowup === 'Yes' || visitHealthFacility === 'No') {\n    value = moment(encDateTime).add(7, 'days').format(\"YYYY-MM-DD\");\n  } else if(visitHealthFacility === 'Yes' && conditionConfirmed === 'Normal') {\n    value = moment(encDateTime).add(365, 'days').format(\"YYYY-MM-DD\");\n  }\n  \n  let selectedDate = encounter.getObservationReadableValue(\"fbf6eee4-ed36-4570-a305-e97eacd50136\");\n\n  if(!selectedDate) {\n    return new imports.rulesConfig.FormElementStatus(formElement.uuid, visibility, value, answersToSkip, validationErrors);\n  }\n\n  const currentDate = moment().startOf('day');\n  selectedDate = moment(selectedDate, \"YYYY-MM-DD\", true).startOf('day');\n\n  if(selectedDate.isValid()) {\n    if (selectedDate.isBefore(currentDate)) {\n      validationErrors.push(\"Invalid date: Past dates are not allowed for the next home visit date.\");\n    } else if (selectedDate.isSame(currentDate)) {\n      validationErrors.push(\"Invalid date: Today's date is not allowed for the next home visit date.\");\n    }\n  }\n  return new imports.rulesConfig.FormElementStatus(formElement.uuid, visibility, value, answersToSkip, validationErrors);\n};",
      "mandatory" : false
    } ],
    "rule" : "'use strict';\n({params, imports}) => {\n    const encounter = params.entity;\n    const moment = imports.moment;\n    const formElementGroup = params.formElementGroup;\n    const _ = imports.lodash;\n    let visibility = true;\n    return formElementGroup.formElements.map((formElement) => {\n        \n  const condition11 = new imports.rulesConfig.RuleCondition({encounter, formElement}).when.valueInEncounter(\"a3ef5831-4073-463e-9cef-2403167f7d8d\").containsAnswerConceptName(\"1bc21eb3-f2f3-4d85-bdc0-ec1ae0e56672\").matches();\n  \n  const condition21 = new imports.rulesConfig.RuleCondition({encounter, formElement}).when.valueInEncounter(\"b5d0a3d6-c39f-49ad-8e49-d0be09116c21\").containsAnswerConceptName(\"a6a7e47d-c258-4e4e-840c-d8bd6cefc7b4\").matches();\n  \n        visibility = condition11 || condition21 ;\n  \n        return new imports.rulesConfig.FormElementStatus(formElement.uuid, visibility, null);\n    });\n};",
    "declarativeRule" : [ {
      "actions" : [ {
        "actionType" : "showFormElementGroup"
      }, { } ],
      "conditions" : [ {
        "conjunction" : "or",
        "compoundRule" : {
          "rules" : [ {
            "lhs" : {
              "type" : "concept",
              "scope" : "encounter",
              "conceptName" : "Do you want to cancel this visit",
              "conceptUuid" : "a3ef5831-4073-463e-9cef-2403167f7d8d",
              "conceptDataType" : "Coded"
            },
            "rhs" : {
              "type" : "answerConcept",
              "answerConceptNames" : [ "Yes" ],
              "answerConceptUuids" : [ "1bc21eb3-f2f3-4d85-bdc0-ec1ae0e56672" ]
            },
            "operator" : "containsAnswerConceptName"
          } ]
        }
      }, {
        "compoundRule" : {
          "rules" : [ {
            "lhs" : {
              "type" : "concept",
              "scope" : "encounter",
              "conceptName" : "Did you visit health facility",
              "conceptUuid" : "b5d0a3d6-c39f-49ad-8e49-d0be09116c21",
              "conceptDataType" : "Coded"
            },
            "rhs" : {
              "type" : "answerConcept",
              "answerConceptNames" : [ "No" ],
              "answerConceptUuids" : [ "a6a7e47d-c258-4e4e-840c-d8bd6cefc7b4" ]
            },
            "operator" : "containsAnswerConceptName"
          } ]
        }
      } ]
    } ],
    "display" : "Next follow up",
    "timed" : false
  }, {
    "uuid" : "6fb1cd9b-533f-4280-b5c6-e15d02df7aae",
    "name" : "Advice",
    "displayOrder" : 4.0,
    "formElements" : [ {
      "name" : "Enrol the Client into Diabetes",
      "uuid" : "22bbc28b-3d0f-4089-a5f8-148294df9a72",
      "keyValues" : [ {
        "key" : "editable",
        "value" : false
      }, {
        "key" : "ExcludedAnswers",
        "value" : [ "None" ]
      } ],
      "concept" : {
        "name" : "diabetes_advice",
        "uuid" : "6042cf9f-bf2a-478e-8064-cf23e1d55342",
        "dataType" : "Coded",
        "answers" : [ {
          "name" : "None",
          "uuid" : "82a42f48-df66-423e-8d5b-b9b33604896a",
          "dataType" : "NA",
          "answers" : [ ],
          "order" : 0.0,
          "active" : true
        } ],
        "active" : true
      },
      "displayOrder" : 1.0,
      "type" : "SingleSelect",
      "rule" : "'use strict';\n({params, imports}) => {\n  const encounter = params.entity;\n  const moment = imports.moment;\n  const formElement = params.formElement;\n  const _ = imports.lodash;\n  let visibility = true;\n  let value = null;\n  let answersToSkip = [];\n  let validationErrors = [];\n  \n  const condition11 = new imports.rulesConfig.RuleCondition({encounter, formElement}).when.valueInEncounter(\"3a822fa1-c524-4d6d-afba-998f516f42e3\").containsAnyAnswerConceptName(\"be6e3012-9a19-41df-9bdb-13182a2dd862\",\"f42712e6-8a42-4728-a8f9-7af6039eb2b3\",\"f6c5a8f3-d881-46ff-9304-01186a5bf5d7\").matches();\n  \n  visibility = condition11 ;\n  \n  return new imports.rulesConfig.FormElementStatus(formElement.uuid, visibility, value, answersToSkip, validationErrors);\n};",
      "declarativeRule" : [ {
        "actions" : [ {
          "actionType" : "showFormElement"
        }, { } ],
        "conditions" : [ {
          "compoundRule" : {
            "rules" : [ {
              "lhs" : {
                "type" : "concept",
                "scope" : "encounter",
                "conceptName" : "Conditions confirmed",
                "conceptUuid" : "3a822fa1-c524-4d6d-afba-998f516f42e3",
                "conceptDataType" : "Coded"
              },
              "rhs" : {
                "type" : "answerConcept",
                "answerConceptNames" : [ "Diabetes & HTN", "Diabetes", "HTN" ],
                "answerConceptUuids" : [ "be6e3012-9a19-41df-9bdb-13182a2dd862", "f42712e6-8a42-4728-a8f9-7af6039eb2b3", "f6c5a8f3-d881-46ff-9304-01186a5bf5d7" ]
              },
              "operator" : "containsAnyAnswerConceptName"
            } ]
          }
        } ]
      } ],
      "mandatory" : false
    }, {
      "name" : "Enrol the Client into Anaemia",
      "uuid" : "e86a1850-a6c7-434c-b8d6-34e25a1248cb",
      "keyValues" : [ {
        "key" : "editable",
        "value" : false
      }, {
        "key" : "ExcludedAnswers",
        "value" : [ "None" ]
      } ],
      "concept" : {
        "name" : "anaemia_advise",
        "uuid" : "91a40284-a6e9-4c39-89fe-fff2c1c1b747",
        "dataType" : "Coded",
        "answers" : [ {
          "name" : "None",
          "uuid" : "82a42f48-df66-423e-8d5b-b9b33604896a",
          "dataType" : "NA",
          "answers" : [ ],
          "order" : 0.0,
          "active" : true
        } ],
        "active" : true
      },
      "displayOrder" : 2.0,
      "type" : "SingleSelect",
      "rule" : "'use strict';\n({params, imports}) => {\n  const encounter = params.entity;\n  const moment = imports.moment;\n  const formElement = params.formElement;\n  const _ = imports.lodash;\n  let visibility = true;\n  let value = null;\n  let answersToSkip = [];\n  let validationErrors = [];\n  \n  const condition11 = new imports.rulesConfig.RuleCondition({encounter, formElement}).when.valueInEncounter(\"3a822fa1-c524-4d6d-afba-998f516f42e3\").containsAnswerConceptName(\"eba4304b-7856-4ffd-8125-fb18a25e51c2\").matches();\n  \n  visibility = condition11 ;\n  \n  return new imports.rulesConfig.FormElementStatus(formElement.uuid, visibility, value, answersToSkip, validationErrors);\n};",
      "declarativeRule" : [ {
        "actions" : [ {
          "actionType" : "showFormElement"
        }, { } ],
        "conditions" : [ {
          "compoundRule" : {
            "rules" : [ {
              "lhs" : {
                "type" : "concept",
                "scope" : "encounter",
                "conceptName" : "Conditions confirmed",
                "conceptUuid" : "3a822fa1-c524-4d6d-afba-998f516f42e3",
                "conceptDataType" : "Coded"
              },
              "rhs" : {
                "type" : "answerConcept",
                "answerConceptNames" : [ "Anaemia" ],
                "answerConceptUuids" : [ "eba4304b-7856-4ffd-8125-fb18a25e51c2" ]
              },
              "operator" : "containsAnswerConceptName"
            } ]
          }
        } ]
      } ],
      "mandatory" : false
    }, {
      "name" : "Enrol the Client into Mental Health",
      "uuid" : "194e7453-fbb7-41eb-9d0f-5076e4bbaa59",
      "keyValues" : [ {
        "key" : "editable",
        "value" : false
      }, {
        "key" : "ExcludedAnswers",
        "value" : [ "None" ]
      } ],
      "concept" : {
        "name" : "mentalhealth_advise",
        "uuid" : "3b85563a-e097-4a09-ac51-8899e86dbf20",
        "dataType" : "Coded",
        "answers" : [ {
          "name" : "None",
          "uuid" : "82a42f48-df66-423e-8d5b-b9b33604896a",
          "dataType" : "NA",
          "answers" : [ ],
          "order" : 0.0,
          "active" : true
        } ],
        "active" : true
      },
      "displayOrder" : 3.0,
      "type" : "SingleSelect",
      "rule" : "'use strict';\n({params, imports}) => {\n  const encounter = params.entity;\n  const moment = imports.moment;\n  const formElement = params.formElement;\n  const _ = imports.lodash;\n  let visibility = true;\n  let value = null;\n  let answersToSkip = [];\n  let validationErrors = [];\n  \n  const condition11 = new imports.rulesConfig.RuleCondition({encounter, formElement}).when.valueInEncounter(\"3a822fa1-c524-4d6d-afba-998f516f42e3\").containsAnswerConceptName(\"47530641-1ca9-4b72-8352-07a00f74aa56\").matches();\n  \n  visibility = condition11 ;\n  \n  return new imports.rulesConfig.FormElementStatus(formElement.uuid, visibility, value, answersToSkip, validationErrors);\n};",
      "declarativeRule" : [ {
        "actions" : [ {
          "actionType" : "showFormElement"
        }, { } ],
        "conditions" : [ {
          "compoundRule" : {
            "rules" : [ {
              "lhs" : {
                "type" : "concept",
                "scope" : "encounter",
                "conceptName" : "Conditions confirmed",
                "conceptUuid" : "3a822fa1-c524-4d6d-afba-998f516f42e3",
                "conceptDataType" : "Coded"
              },
              "rhs" : {
                "type" : "answerConcept",
                "answerConceptNames" : [ "Mental Health" ],
                "answerConceptUuids" : [ "47530641-1ca9-4b72-8352-07a00f74aa56" ]
              },
              "operator" : "containsAnswerConceptName"
            } ]
          }
        } ]
      } ],
      "mandatory" : false
    }, {
      "name" : "All children aged less than 6 years to be enrolled in malnutrition project",
      "uuid" : "49a7e28e-407f-4a90-b63d-083b183676ad",
      "keyValues" : [ {
        "key" : "editable",
        "value" : false
      }, {
        "key" : "ExcludedAnswers",
        "value" : [ "None" ]
      } ],
      "concept" : {
        "name" : "screeningfollowup_advice",
        "uuid" : "1ffabffd-e837-45d4-ae1c-a25a4807aac6",
        "dataType" : "Coded",
        "answers" : [ {
          "name" : "None",
          "uuid" : "82a42f48-df66-423e-8d5b-b9b33604896a",
          "dataType" : "NA",
          "answers" : [ ],
          "order" : 0.0,
          "active" : true
        } ],
        "active" : true
      },
      "displayOrder" : 4.0,
      "type" : "SingleSelect",
      "mandatory" : false
    } ],
    "display" : "Advice",
    "timed" : false
  } ],
  "decisionRule" : "",
  "visitScheduleRule" : "\"use strict\";\n({ params, imports }) => {\n  const encounter = params.entity;\n  const moment = imports.moment;\n  const scheduleBuilder = new imports.rulesConfig.VisitScheduleBuilder({encounter});\n  \n  const condition11 = new imports.rulesConfig.RuleCondition({encounter}).when.ageInYears.greaterThan(6).and.when.valueInEncounter(\"3a822fa1-c524-4d6d-afba-998f516f42e3\").containsAnswerConceptName(\"722371f5-3cb7-493e-8334-aa3c9cc88b86\").matches();\n    \n  const condition12 = new imports.rulesConfig.RuleCondition({encounter}).when.valueInEncounter(\"a3ef5831-4073-463e-9cef-2403167f7d8d\").containsAnswerConceptName(\"1bc21eb3-f2f3-4d85-bdc0-ec1ae0e56672\").or.when.valueInEncounter(\"b5d0a3d6-c39f-49ad-8e49-d0be09116c21\").containsAnswerConceptName(\"a6a7e47d-c258-4e4e-840c-d8bd6cefc7b4\").matches();\n  \n  const condition22 = new imports.rulesConfig.RuleCondition({encounter}).when.ageInYears.greaterThan(6).matches();\n  \n  if(condition11 ){\n    const earliestDate = moment(encounter.encounterDateTime).add(365, 'days').startOf('day').toDate();\n    const maxDate = moment(encounter.encounterDateTime).add(395, 'days').endOf('day').toDate();\n    scheduleBuilder.add({name: \"Screening\", encounterType: \"Screening\", earliestDate, maxDate});  \n}\n    if(condition12 && condition22 ){\n    const earliestDate = moment(encounter.getObservationReadableValue('fbf6eee4-ed36-4570-a305-e97eacd50136')).add(0, 'days').startOf('day').toDate();\n    const maxDate = moment(encounter.getObservationReadableValue('fbf6eee4-ed36-4570-a305-e97eacd50136')).add(30, 'days').endOf('day').toDate();\n    scheduleBuilder.add({name: \"Screening Followup\", encounterType: \"Screening Followup\", earliestDate, maxDate});  \n}\n  \n  return scheduleBuilder.getAll();\n};",
  "validationRule" : "",
  "checklistsRule" : "",
  "decisionConcepts" : [ ]
}