{
  "name" : "Worker Monthly Reporting",
  "uuid" : "9d9312ef-36ed-4c83-bc31-3a6903cc3744",
  "formType" : "Encounter",
  "formElementGroups" : [ {
    "uuid" : "742c7303-f5a8-472d-935f-3874b30b2ef9",
    "name" : "Details",
    "displayOrder" : 1.0,
    "formElements" : [ {
      "name" : "Reporting For?",
      "uuid" : "cfc7cc99-1230-441b-9baa-9ac5528f2a9b",
      "keyValues" : [ ],
      "concept" : {
        "name" : "Reporting For?",
        "uuid" : "004ad849-f598-4410-b10d-172e83d72c65",
        "dataType" : "Coded",
        "answers" : [ {
          "name" : "Gram Seva Diwas",
          "uuid" : "9f1a4ed1-4a6e-4d4c-ac5f-8c3a49418f9e",
          "dataType" : "NA",
          "answers" : [ ],
          "order" : 1.0,
          "active" : true
        }, {
          "name" : "Meetings",
          "uuid" : "9f29adf7-3330-4349-8c1a-c9a8abe3b998",
          "dataType" : "NA",
          "answers" : [ ],
          "order" : 0.0,
          "active" : true
        }, {
          "name" : "Mobile Clinics/ Tele medicine clinics",
          "uuid" : "5b87312b-7f38-4a6e-8a5a-c69e376cd308",
          "dataType" : "NA",
          "answers" : [ ],
          "order" : 2.0,
          "active" : true
        } ],
        "active" : true
      },
      "displayOrder" : 1.0,
      "type" : "MultiSelect",
      "mandatory" : true
    }, {
      "name" : "Address",
      "uuid" : "ab012881-a171-419a-8628-c0a26616ff7d",
      "keyValues" : [ ],
      "concept" : {
        "name" : "Address",
        "uuid" : "6a26fb9d-b51f-41de-b2d2-2f440e1be9ba",
        "dataType" : "Location",
        "answers" : [ ],
        "active" : true,
        "keyValues" : [ {
          "key" : "isWithinCatchment",
          "value" : true
        }, {
          "key" : "lowestAddressLevelTypeUUIDs",
          "value" : [ "f7c543f1-052d-4806-8fb6-77d5dca46dee" ]
        }, {
          "key" : "highestAddressLevelTypeUUID",
          "value" : "ca7b1ec3-11ea-48bd-a701-fea0ef0ee4ac"
        } ]
      },
      "displayOrder" : 2.0,
      "type" : "SingleSelect",
      "mandatory" : false
    } ],
    "display" : "Details",
    "timed" : false
  }, {
    "uuid" : "e3748b37-c748-489e-8e17-1c11ff9ce81d",
    "name" : "Meetings",
    "displayOrder" : 2.0,
    "formElements" : [ {
      "name" : "Date of the meeting",
      "uuid" : "3ed1ae7b-a12c-41d2-bc37-62dbbaef8215",
      "keyValues" : [ {
        "key" : "datePickerMode",
        "value" : "calendar"
      } ],
      "concept" : {
        "name" : "Date of the meeting",
        "uuid" : "b4ec36fb-3109-4962-a645-9bc465aa17e3",
        "dataType" : "Date",
        "answers" : [ ],
        "active" : true
      },
      "displayOrder" : 1.0,
      "type" : "SingleSelect",
      "mandatory" : true
    }, {
      "name" : "Topic of meeting",
      "uuid" : "d75c929a-6949-4b23-8f1c-35e872991493",
      "keyValues" : [ ],
      "concept" : {
        "name" : "Topic of meeting",
        "uuid" : "069e4c8a-9305-4088-8fd0-6f79ff439aa9",
        "dataType" : "Text",
        "answers" : [ ],
        "active" : true
      },
      "displayOrder" : 2.0,
      "type" : "SingleSelect",
      "mandatory" : true
    }, {
      "name" : "Number of people attended the meeting",
      "uuid" : "6be3f88d-0260-43c2-936e-561e17b10363",
      "keyValues" : [ ],
      "concept" : {
        "name" : "Number of people attended the meeting",
        "uuid" : "dc746de8-ced6-465c-8f01-4efab38d92b5",
        "dataType" : "Numeric",
        "answers" : [ ],
        "lowAbsolute" : 0.0,
        "active" : true
      },
      "displayOrder" : 3.0,
      "type" : "SingleSelect",
      "mandatory" : true
    }, {
      "name" : "Photograph of the meeting",
      "uuid" : "6ede613b-4e7c-4055-b8e6-5ceefdb865a0",
      "keyValues" : [ ],
      "concept" : {
        "name" : "Photographs of the meeting",
        "uuid" : "477dac19-ddd3-42c3-8467-69bbba2a827d",
        "dataType" : "QuestionGroup",
        "answers" : [ ],
        "active" : true
      },
      "displayOrder" : 4.0,
      "type" : "SingleSelect",
      "mandatory" : false
    }, {
      "name" : "Photograph",
      "uuid" : "73ff1122-8210-4899-8103-ef6efbcee165",
      "keyValues" : [ ],
      "concept" : {
        "name" : "Photo 1",
        "uuid" : "d2e33ed2-a09e-4642-8399-1b58c2a98bc6",
        "dataType" : "Image",
        "answers" : [ ],
        "active" : true
      },
      "displayOrder" : 5.0,
      "type" : "MultiSelect",
      "parentFormElementUuid" : "6ede613b-4e7c-4055-b8e6-5ceefdb865a0",
      "mandatory" : true
    } ],
    "rule" : "'use strict';\n({params, imports}) => {\n    const encounter = params.entity;\n    const moment = imports.moment;\n    const formElementGroup = params.formElementGroup;\n    const _ = imports.lodash;\n    let visibility = true;\n    return formElementGroup.formElements.map((formElement) => {\n        \n  const condition11 = new imports.rulesConfig.RuleCondition({encounter, formElement}).when.valueInEncounter(\"004ad849-f598-4410-b10d-172e83d72c65\").containsAnswerConceptName(\"9f29adf7-3330-4349-8c1a-c9a8abe3b998\").matches();\n  \n        visibility = condition11 ;\n  \n        return new imports.rulesConfig.FormElementStatus(formElement.uuid, visibility, null);\n    });\n};",
    "declarativeRule" : [ {
      "actions" : [ {
        "actionType" : "showFormElementGroup"
      }, { } ],
      "conditions" : [ {
        "compoundRule" : {
          "rules" : [ {
            "lhs" : {
              "type" : "concept",
              "scope" : "encounter",
              "conceptName" : "Reporting For?",
              "conceptUuid" : "004ad849-f598-4410-b10d-172e83d72c65",
              "conceptDataType" : "Coded"
            },
            "rhs" : {
              "type" : "answerConcept",
              "answerConceptNames" : [ "Meetings" ],
              "answerConceptUuids" : [ "9f29adf7-3330-4349-8c1a-c9a8abe3b998" ]
            },
            "operator" : "containsAnswerConceptName"
          } ]
        }
      } ]
    } ],
    "display" : "Meetings",
    "timed" : false
  }, {
    "uuid" : "584e572a-f804-4596-94f3-ef5db1daf8e1",
    "name" : "Gram Seva Diwas",
    "displayOrder" : 3.0,
    "formElements" : [ {
      "name" : "Date of Gram Seva Diwas",
      "uuid" : "1ddf4b1e-690e-4cbe-bf0a-a4a2b004dc86",
      "keyValues" : [ {
        "key" : "datePickerMode",
        "value" : "calendar"
      } ],
      "concept" : {
        "name" : "Date of Gram Seva Diwas",
        "uuid" : "20a3ba4d-4f25-47b3-bd31-8b32a3880928",
        "dataType" : "Date",
        "answers" : [ ],
        "active" : true
      },
      "displayOrder" : 1.0,
      "type" : "SingleSelect",
      "mandatory" : true
    }, {
      "name" : "No. of HTN patient visited",
      "uuid" : "e007f252-b0fa-4a3d-82c6-b379b7b8a732",
      "keyValues" : [ ],
      "concept" : {
        "name" : "No. of HTN patient visited",
        "uuid" : "0e05e2a0-6c7c-49e6-820c-5a1b83352bdd",
        "dataType" : "Numeric",
        "answers" : [ ],
        "lowAbsolute" : 0.0,
        "active" : true
      },
      "displayOrder" : 2.0,
      "type" : "SingleSelect",
      "mandatory" : true
    }, {
      "name" : "No. of Diabetes patients visited",
      "uuid" : "a54970d2-9d19-4d54-a819-732c433d5387",
      "keyValues" : [ ],
      "concept" : {
        "name" : "No. of Diabetes patients visited",
        "uuid" : "eba9bd90-c153-4c7c-8d04-1d3bf0cfd2e1",
        "dataType" : "Numeric",
        "answers" : [ ],
        "lowAbsolute" : 0.0,
        "active" : true
      },
      "displayOrder" : 3.0,
      "type" : "SingleSelect",
      "mandatory" : true
    }, {
      "name" : "No. of Mental health patients visited",
      "uuid" : "a07a98b6-d361-42a1-b6dc-af02eb0850cd",
      "keyValues" : [ ],
      "concept" : {
        "name" : "No. of Mental health patients visited",
        "uuid" : "4f95eb76-ee30-404b-93c9-a8a866792765",
        "dataType" : "Numeric",
        "answers" : [ ],
        "lowAbsolute" : 0.0,
        "active" : true
      },
      "displayOrder" : 4.0,
      "type" : "SingleSelect",
      "mandatory" : true
    }, {
      "name" : "No. of Anaemia patients visited",
      "uuid" : "3aed9676-f3a3-402c-8ee5-40649d2699dd",
      "keyValues" : [ ],
      "concept" : {
        "name" : "No. of Anaemia patients visited",
        "uuid" : "5f560eca-ff29-4ac5-8141-e886ef0b96a7",
        "dataType" : "Numeric",
        "answers" : [ ],
        "lowAbsolute" : 0.0,
        "active" : true
      },
      "displayOrder" : 5.0,
      "type" : "SingleSelect",
      "mandatory" : true
    }, {
      "name" : "No. of Children in red zone visited",
      "uuid" : "9c77cc4f-f1c5-4909-aa4e-601a7f7410c9",
      "keyValues" : [ ],
      "concept" : {
        "name" : "No. of Children in red zone visited",
        "uuid" : "b6622243-4f08-4e22-8db2-bd46824a03ba",
        "dataType" : "Numeric",
        "answers" : [ ],
        "lowAbsolute" : 0.0,
        "active" : true
      },
      "displayOrder" : 6.0,
      "type" : "SingleSelect",
      "mandatory" : true
    }, {
      "name" : "No. of Children in yellow zone visited",
      "uuid" : "af9eede7-b6bb-4d8c-9774-f596840699db",
      "keyValues" : [ ],
      "concept" : {
        "name" : "No. of Children in yellow zone visited",
        "uuid" : "3c159aa0-ca85-40d7-a831-7c625e965b44",
        "dataType" : "Numeric",
        "answers" : [ ],
        "lowAbsolute" : 0.0,
        "active" : true
      },
      "displayOrder" : 7.0,
      "type" : "SingleSelect",
      "mandatory" : true
    }, {
      "name" : "No. of 6m to 1 year children visited",
      "uuid" : "bd139557-5486-4b34-815e-a43ec1c93c0a",
      "keyValues" : [ ],
      "concept" : {
        "name" : "No. of 6m to 1 year children visited",
        "uuid" : "b4d33b3d-5efd-4fdc-8e14-c5c03497e489",
        "dataType" : "Numeric",
        "answers" : [ ],
        "lowAbsolute" : 0.0,
        "active" : true
      },
      "displayOrder" : 8.0,
      "type" : "SingleSelect",
      "mandatory" : true
    }, {
      "name" : "Other activity",
      "uuid" : "30c8506e-4297-421f-b0f0-a26cf13d3b8b",
      "keyValues" : [ ],
      "concept" : {
        "name" : "Other activity",
        "uuid" : "f7cbec14-2791-4dce-b58d-b1c6e81dc76b",
        "dataType" : "Text",
        "answers" : [ ],
        "active" : true
      },
      "displayOrder" : 9.0,
      "type" : "SingleSelect",
      "mandatory" : true
    }, {
      "name" : "Photograph Gram Seva Diwas",
      "uuid" : "0a98b12c-3e3e-4195-a9d7-982b9207f214",
      "keyValues" : [ ],
      "concept" : {
        "name" : "Photograph Gram Seva Diwas",
        "uuid" : "64e095dc-027a-43a9-b59c-ebfc9c34e1cc",
        "dataType" : "QuestionGroup",
        "answers" : [ ],
        "active" : true
      },
      "displayOrder" : 10.0,
      "type" : "SingleSelect",
      "mandatory" : false
    }, {
      "name" : "Photographs",
      "uuid" : "4b9fa480-b965-4c31-9998-0c40d1d8b8d0",
      "keyValues" : [ ],
      "concept" : {
        "name" : "Photographs of Gram Seva Diwas",
        "uuid" : "8fbb51d0-34bd-49d4-aef3-0dc42a3b9375",
        "dataType" : "Image",
        "answers" : [ ],
        "active" : true
      },
      "displayOrder" : 11.0,
      "type" : "MultiSelect",
      "parentFormElementUuid" : "0a98b12c-3e3e-4195-a9d7-982b9207f214",
      "mandatory" : true
    } ],
    "rule" : "'use strict';\n({params, imports}) => {\n    const encounter = params.entity;\n    const moment = imports.moment;\n    const formElementGroup = params.formElementGroup;\n    const _ = imports.lodash;\n    let visibility = true;\n    return formElementGroup.formElements.map((formElement) => {\n        \n  const condition11 = new imports.rulesConfig.RuleCondition({encounter, formElement}).when.valueInEncounter(\"004ad849-f598-4410-b10d-172e83d72c65\").containsAnswerConceptName(\"9f1a4ed1-4a6e-4d4c-ac5f-8c3a49418f9e\").matches();\n  \n        visibility = condition11 ;\n  \n        return new imports.rulesConfig.FormElementStatus(formElement.uuid, visibility, null);\n    });\n};",
    "declarativeRule" : [ {
      "actions" : [ {
        "actionType" : "showFormElementGroup"
      }, { } ],
      "conditions" : [ {
        "compoundRule" : {
          "rules" : [ {
            "lhs" : {
              "type" : "concept",
              "scope" : "encounter",
              "conceptName" : "Reporting For?",
              "conceptUuid" : "004ad849-f598-4410-b10d-172e83d72c65",
              "conceptDataType" : "Coded"
            },
            "rhs" : {
              "type" : "answerConcept",
              "answerConceptNames" : [ "Gram Seva Diwas" ],
              "answerConceptUuids" : [ "9f1a4ed1-4a6e-4d4c-ac5f-8c3a49418f9e" ]
            },
            "operator" : "containsAnswerConceptName"
          } ]
        }
      } ]
    } ],
    "display" : "Gram Seva Diwas",
    "timed" : false
  }, {
    "uuid" : "4b16a456-e938-44df-80c2-41dde32c87dd",
    "name" : "Mobile Clinics/ Tele medicine clinics",
    "displayOrder" : 4.0,
    "formElements" : [ {
      "name" : "Date of Mobile clinic/Tele medicine clinic",
      "uuid" : "19d81637-7f30-478a-8877-242806c0e9e2",
      "keyValues" : [ {
        "key" : "datePickerMode",
        "value" : "calendar"
      } ],
      "concept" : {
        "name" : "Date of Mobile clinic/Tele medicine clinic",
        "uuid" : "9ded5860-4bff-47f9-9850-319c5922c57c",
        "dataType" : "Date",
        "answers" : [ ],
        "active" : true
      },
      "displayOrder" : 1.0,
      "type" : "SingleSelect",
      "mandatory" : true
    }, {
      "name" : "No.of HTN patients visited",
      "uuid" : "bd0a1df8-9a4a-4c79-9287-802888b7f2e1",
      "keyValues" : [ ],
      "concept" : {
        "name" : "No.of HTN patients",
        "uuid" : "8cd6627f-d148-4376-ac14-67c111cc91dc",
        "dataType" : "Numeric",
        "answers" : [ ],
        "lowAbsolute" : 0.0,
        "active" : true
      },
      "displayOrder" : 2.0,
      "type" : "SingleSelect",
      "mandatory" : true
    }, {
      "name" : "No. of Diabetes patients visited",
      "uuid" : "a5147dc4-d21a-4821-b710-2f938398540d",
      "keyValues" : [ ],
      "concept" : {
        "name" : "No. of DM",
        "uuid" : "8b32e086-e2fc-4825-b37a-40d74d835d6c",
        "dataType" : "Numeric",
        "answers" : [ ],
        "lowAbsolute" : 0.0,
        "active" : true
      },
      "displayOrder" : 3.0,
      "type" : "SingleSelect",
      "mandatory" : true
    }, {
      "name" : "No. of Anaemia patients visited",
      "uuid" : "f3bd0862-b7ba-49e6-ae05-4e3252753f30",
      "keyValues" : [ ],
      "concept" : {
        "name" : "No. of Anaemia patients",
        "uuid" : "e5ec0806-4800-4b6c-83aa-549eac9cf8fa",
        "dataType" : "Numeric",
        "answers" : [ ],
        "lowAbsolute" : 0.0,
        "active" : true
      },
      "displayOrder" : 4.0,
      "type" : "SingleSelect",
      "mandatory" : true
    }, {
      "name" : "No. of 0 to 6 year old children visited",
      "uuid" : "a2ac4254-2d3c-4f7f-97d3-7150574354f2",
      "keyValues" : [ ],
      "concept" : {
        "name" : "No. of 0 to 6 year old children",
        "uuid" : "821f670b-92fe-44d6-812d-da90d937be7b",
        "dataType" : "Numeric",
        "answers" : [ ],
        "lowAbsolute" : 0.0,
        "active" : true
      },
      "displayOrder" : 5.0,
      "type" : "SingleSelect",
      "mandatory" : true
    }, {
      "name" : "No. of other patients visited",
      "uuid" : "4bd36a38-9e92-4f13-8f36-ccef388e0845",
      "keyValues" : [ ],
      "concept" : {
        "name" : "No. of other patients",
        "uuid" : "ea516105-3252-438d-9b96-86feb2f599eb",
        "dataType" : "Numeric",
        "answers" : [ ],
        "lowAbsolute" : 0.0,
        "active" : true
      },
      "displayOrder" : 6.0,
      "type" : "SingleSelect",
      "mandatory" : true
    }, {
      "name" : "No. of patients referred",
      "uuid" : "b618d661-b966-4601-a59e-d2ad061d7d46",
      "keyValues" : [ ],
      "concept" : {
        "name" : "No. of patients referred",
        "uuid" : "306c6436-d551-407d-9eda-995b990bcd0a",
        "dataType" : "Numeric",
        "answers" : [ ],
        "lowAbsolute" : 0.0,
        "active" : true
      },
      "displayOrder" : 7.0,
      "type" : "SingleSelect",
      "mandatory" : true
    }, {
      "name" : "Photograph of clinic",
      "uuid" : "b70b8009-dd4c-4872-92e0-5bc069a14e3b",
      "keyValues" : [ ],
      "concept" : {
        "name" : "Photograph of clinic",
        "uuid" : "7dac6ea8-427d-44a8-8efc-e5dd4a62c452",
        "dataType" : "QuestionGroup",
        "answers" : [ ],
        "active" : true
      },
      "displayOrder" : 8.0,
      "type" : "SingleSelect",
      "mandatory" : false
    }, {
      "name" : "Photographs",
      "uuid" : "89eaa5df-ae01-4068-b4de-12e24f0de5b8",
      "keyValues" : [ ],
      "concept" : {
        "name" : "Photographs of clinic",
        "uuid" : "1f5b065a-c2a0-4120-922f-6ccd3e022f28",
        "dataType" : "Image",
        "answers" : [ ],
        "active" : true
      },
      "displayOrder" : 9.0,
      "type" : "MultiSelect",
      "parentFormElementUuid" : "b70b8009-dd4c-4872-92e0-5bc069a14e3b",
      "mandatory" : true
    } ],
    "rule" : "'use strict';\n({params, imports}) => {\n    const encounter = params.entity;\n    const moment = imports.moment;\n    const formElementGroup = params.formElementGroup;\n    const _ = imports.lodash;\n    let visibility = true;\n    return formElementGroup.formElements.map((formElement) => {\n        \n  const condition11 = new imports.rulesConfig.RuleCondition({encounter, formElement}).when.valueInEncounter(\"004ad849-f598-4410-b10d-172e83d72c65\").containsAnswerConceptName(\"5b87312b-7f38-4a6e-8a5a-c69e376cd308\").matches();\n  \n        visibility = condition11 ;\n  \n        return new imports.rulesConfig.FormElementStatus(formElement.uuid, visibility, null);\n    });\n};",
    "declarativeRule" : [ {
      "actions" : [ {
        "actionType" : "showFormElementGroup"
      }, { } ],
      "conditions" : [ {
        "compoundRule" : {
          "rules" : [ {
            "lhs" : {
              "type" : "concept",
              "scope" : "encounter",
              "conceptName" : "Reporting For?",
              "conceptUuid" : "004ad849-f598-4410-b10d-172e83d72c65",
              "conceptDataType" : "Coded"
            },
            "rhs" : {
              "type" : "answerConcept",
              "answerConceptNames" : [ "Mobile Clinics/ Tele medicine clinics" ],
              "answerConceptUuids" : [ "5b87312b-7f38-4a6e-8a5a-c69e376cd308" ]
            },
            "operator" : "containsAnswerConceptName"
          } ]
        }
      } ]
    } ],
    "display" : "Mobile Clinics/ Tele medicine clinics",
    "timed" : false
  } ],
  "decisionRule" : "",
  "visitScheduleRule" : "",
  "validationRule" : "",
  "checklistsRule" : "",
  "decisionConcepts" : [ ]
}