{
  "name" : "Worker Monthly Reporting Form Registration",
  "uuid" : "2291d63b-5a6b-4a68-b9d8-45cf8b6e5057",
  "formType" : "IndividualProfile",
  "formElementGroups" : [ {
    "uuid" : "707f3b7a-2f45-4e71-b70b-7df667185ac0",
    "name" : "Details",
    "displayOrder" : 1.0,
    "formElements" : [ {
      "name" : "Address",
      "uuid" : "e37fb6c0-5ac5-420f-88ee-dd34fd5d2c27",
      "keyValues" : [ ],
      "concept" : {
        "name" : "Address",
        "uuid" : "6a26fb9d-b51f-41de-b2d2-2f440e1be9ba",
        "dataType" : "Location",
        "answers" : [ ],
        "active" : true,
        "keyValues" : [ {
          "key" : "isWithinCatchment",
          "value" : true
        }, {
          "key" : "lowestAddressLevelTypeUUIDs",
          "value" : [ "f7c543f1-052d-4806-8fb6-77d5dca46dee" ]
        }, {
          "key" : "highestAddressLevelTypeUUID",
          "value" : "ca7b1ec3-11ea-48bd-a701-fea0ef0ee4ac"
        } ]
      },
      "displayOrder" : 1.0,
      "type" : "SingleSelect",
      "voided" : true,
      "mandatory" : false
    } ],
    "display" : "Details",
    "timed" : false
  } ],
  "decisionRule" : "",
  "visitScheduleRule" : "",
  "validationRule" : "",
  "checklistsRule" : "",
  "decisionConcepts" : [ ]
}