[ {
  "uuid" : "09002439-80a0-4913-b5df-d0bda4856607",
  "id" : 14,
  "name" : "State",
  "level" : 5.0
}, {
  "uuid" : "8e476f3e-57d9-48fb-856f-4434c289bef2",
  "id" : 15,
  "name" : "District",
  "level" : 4.0,
  "parent" : {
    "uuid" : "09002439-80a0-4913-b5df-d0bda4856607"
  }
}, {
  "uuid" : "fb6e39d4-b788-4a5a-8d18-473f289583f1",
  "id" : 18,
  "name" : "Mandal",
  "level" : 3.0,
  "parent" : {
    "uuid" : "8e476f3e-57d9-48fb-856f-4434c289bef2"
  }
}, {
  "uuid" : "d737ec70-6d49-498f-a31e-d5cc688a04f2",
  "id" : 16,
  "name" : "Complex",
  "level" : 2.0,
  "parent" : {
    "uuid" : "fb6e39d4-b788-4a5a-8d18-473f289583f1"
  }
}, {
  "uuid" : "3071d38a-690a-4b1c-8b6c-c13fb3968c8c",
  "id" : 17,
  "name" : "School",
  "level" : 1.0,
  "parent" : {
    "uuid" : "d737ec70-6d49-498f-a31e-d5cc688a04f2"
  }
} ]