[ {
  "uuid" : "a8476496-38c4-4da0-b363-9c94bcf94652",
  "id" : 19,
  "formUUID" : "05be8e9f-0adc-4f0d-b216-4bec1e8a4d10",
  "subjectTypeUUID" : "39a2cced-c000-4e4d-a956-4b88e825f4c6",
  "formType" : "IndividualProfile",
  "formName" : "Teacher Registration",
  "enableApproval" : false,
  "voided" : true
}, {
  "uuid" : "5d4b5c8a-5c49-49eb-b92a-d9bee0156310",
  "id" : 21,
  "formUUID" : "ed2c239a-00ca-439c-8f2b-76543fdc55cf",
  "encounterTypeUUID" : "7664eab2-446e-4fc8-ac52-a77c4306893e",
  "subjectTypeUUID" : "39a2cced-c000-4e4d-a956-4b88e825f4c6",
  "formType" : "Encounter",
  "formName" : "Observation Encounter",
  "enableApproval" : false,
  "voided" : true
}, {
  "uuid" : "2e3d6983-71e8-4639-a182-16b3194536e9",
  "id" : 22,
  "formUUID" : "08bb48ea-4c07-4c9c-8ecc-8362737b6087",
  "encounterTypeUUID" : "7664eab2-446e-4fc8-ac52-a77c4306893e",
  "subjectTypeUUID" : "39a2cced-c000-4e4d-a956-4b88e825f4c6",
  "formType" : "IndividualEncounterCancellation",
  "formName" : "Observation Encounter Cancellation",
  "enableApproval" : false,
  "voided" : true
}, {
  "uuid" : "940d860a-aa5b-46e3-88cf-5202912872bd",
  "id" : 23,
  "formUUID" : "ed2c239a-00ca-439c-8f2b-76543fdc55cf",
  "encounterTypeUUID" : "7664eab2-446e-4fc8-ac52-a77c4306893e",
  "subjectTypeUUID" : "39a2cced-c000-4e4d-a956-4b88e825f4c6",
  "formType" : "Encounter",
  "formName" : "Observation Encounter",
  "enableApproval" : false,
  "voided" : true
}, {
  "uuid" : "4a788051-1479-4dee-bfc8-229bb52c3fc9",
  "id" : 25,
  "formUUID" : "08bb48ea-4c07-4c9c-8ecc-8362737b6087",
  "encounterTypeUUID" : "7664eab2-446e-4fc8-ac52-a77c4306893e",
  "subjectTypeUUID" : "39a2cced-c000-4e4d-a956-4b88e825f4c6",
  "formType" : "IndividualEncounterCancellation",
  "formName" : "Observation Encounter Cancellation",
  "enableApproval" : false,
  "voided" : true
}, {
  "uuid" : "bb4373ea-4aa4-4e75-9747-5ea70660bf7f",
  "id" : 20,
  "formUUID" : "05be8e9f-0adc-4f0d-b216-4bec1e8a4d10",
  "subjectTypeUUID" : "39a2cced-c000-4e4d-a956-4b88e825f4c6",
  "formType" : "IndividualProfile",
  "formName" : "Teacher Registration",
  "enableApproval" : false,
  "voided" : true
}, {
  "uuid" : "f9e82b70-16d0-49b7-b6f5-60e49db76b51",
  "id" : 27,
  "formUUID" : "05be8e9f-0adc-4f0d-b216-4bec1e8a4d10",
  "subjectTypeUUID" : "39a2cced-c000-4e4d-a956-4b88e825f4c6",
  "formType" : "IndividualProfile",
  "formName" : "Teacher Registration",
  "enableApproval" : false,
  "voided" : true
}, {
  "uuid" : "a80e1a3f-cef8-4d61-bc34-584c598fbe69",
  "id" : 24,
  "formUUID" : "ed2c239a-00ca-439c-8f2b-76543fdc55cf",
  "encounterTypeUUID" : "7664eab2-446e-4fc8-ac52-a77c4306893e",
  "subjectTypeUUID" : "39a2cced-c000-4e4d-a956-4b88e825f4c6",
  "formType" : "Encounter",
  "formName" : "Observation Encounter",
  "enableApproval" : false,
  "voided" : true
}, {
  "uuid" : "e8d66d99-92fe-4783-8785-327b72221a38",
  "id" : 26,
  "formUUID" : "08bb48ea-4c07-4c9c-8ecc-8362737b6087",
  "encounterTypeUUID" : "7664eab2-446e-4fc8-ac52-a77c4306893e",
  "subjectTypeUUID" : "39a2cced-c000-4e4d-a956-4b88e825f4c6",
  "formType" : "IndividualEncounterCancellation",
  "formName" : "Observation Encounter Cancellation",
  "enableApproval" : false,
  "voided" : true
}, {
  "uuid" : "b2bc9c94-809c-44b2-946b-e2d2ba8b9c95",
  "id" : 59,
  "formUUID" : "08bb48ea-4c07-4c9c-8ecc-8362737b6087",
  "encounterTypeUUID" : "7664eab2-446e-4fc8-ac52-a77c4306893e",
  "subjectTypeUUID" : "39a2cced-c000-4e4d-a956-4b88e825f4c6",
  "formType" : "IndividualEncounterCancellation",
  "formName" : "Observation Encounter Cancellation",
  "enableApproval" : false
}, {
  "uuid" : "ac82ae8e-719a-444a-9f32-a8eeb0789cbf",
  "id" : 57,
  "formUUID" : "08bb48ea-4c07-4c9c-8ecc-8362737b6087",
  "encounterTypeUUID" : "7664eab2-446e-4fc8-ac52-a77c4306893e",
  "subjectTypeUUID" : "39a2cced-c000-4e4d-a956-4b88e825f4c6",
  "formType" : "IndividualEncounterCancellation",
  "formName" : "Observation Encounter Cancellation",
  "enableApproval" : false
}, {
  "uuid" : "98b5d1f6-4e1e-4eb0-9dc3-c1da2b4198e1",
  "id" : 87,
  "formUUID" : "05be8e9f-0adc-4f0d-b216-4bec1e8a4d10",
  "subjectTypeUUID" : "39a2cced-c000-4e4d-a956-4b88e825f4c6",
  "formType" : "IndividualProfile",
  "formName" : "Teacher Registration",
  "enableApproval" : false,
  "voided" : true
}, {
  "uuid" : "492e2c01-34c3-4f1d-bb56-72c9c6b528ef",
  "id" : 88,
  "formUUID" : "05be8e9f-0adc-4f0d-b216-4bec1e8a4d10",
  "subjectTypeUUID" : "39a2cced-c000-4e4d-a956-4b88e825f4c6",
  "formType" : "IndividualProfile",
  "formName" : "Teacher Registration",
  "enableApproval" : false,
  "voided" : true
}, {
  "uuid" : "38d20fcc-e628-401e-a6ca-f70019aa470f",
  "id" : 89,
  "formUUID" : "05be8e9f-0adc-4f0d-b216-4bec1e8a4d10",
  "subjectTypeUUID" : "39a2cced-c000-4e4d-a956-4b88e825f4c6",
  "formType" : "IndividualProfile",
  "formName" : "Teacher Registration",
  "enableApproval" : false
}, {
  "uuid" : "0fe1b049-0f50-46ca-8e6c-c34bd3670775",
  "id" : 58,
  "formUUID" : "ed2c239a-00ca-439c-8f2b-76543fdc55cf",
  "encounterTypeUUID" : "7664eab2-446e-4fc8-ac52-a77c4306893e",
  "subjectTypeUUID" : "39a2cced-c000-4e4d-a956-4b88e825f4c6",
  "formType" : "Encounter",
  "formName" : "Observation Encounter",
  "enableApproval" : false,
  "voided" : true
}, {
  "uuid" : "936f5039-36bd-4188-986b-21ac24534d58",
  "id" : 56,
  "formUUID" : "ed2c239a-00ca-439c-8f2b-76543fdc55cf",
  "encounterTypeUUID" : "7664eab2-446e-4fc8-ac52-a77c4306893e",
  "subjectTypeUUID" : "39a2cced-c000-4e4d-a956-4b88e825f4c6",
  "formType" : "Encounter",
  "formName" : "Observation Encounter",
  "enableApproval" : false
} ]