[ {
  "uuid" : "d8d34d28-05c8-4226-9569-cce97154fc4e",
  "groupUUID" : "57942b59-b221-49fa-8400-0d7832c1d2da",
  "privilegeUUID" : "67410e50-8b40-4735-bfb4-135b13580027",
  "subjectTypeUUID" : "39a2cced-c000-4e4d-a956-4b88e825f4c6",
  "allow" : true,
  "notEveryoneGroup" : true,
  "voided" : false
}, {
  "uuid" : "9269197c-a203-4a17-9019-2bd98c175534",
  "groupUUID" : "57942b59-b221-49fa-8400-0d7832c1d2da",
  "privilegeUUID" : "46c3aa38-1ef5-4639-a406-d0b4f9bcb420",
  "subjectTypeUUID" : "39a2cced-c000-4e4d-a956-4b88e825f4c6",
  "allow" : true,
  "notEveryoneGroup" : true,
  "voided" : false
}, {
  "uuid" : "005fe773-94c6-4816-93b7-e34e8f4df510",
  "groupUUID" : "57942b59-b221-49fa-8400-0d7832c1d2da",
  "privilegeUUID" : "9f2a3495-93b7-47c3-8560-d572b6a9fc61",
  "subjectTypeUUID" : "39a2cced-c000-4e4d-a956-4b88e825f4c6",
  "encounterTypeUUID" : "7664eab2-446e-4fc8-ac52-a77c4306893e",
  "allow" : true,
  "notEveryoneGroup" : true,
  "voided" : false
}, {
  "uuid" : "85b94c24-71cf-462d-bd98-924ba21e8977",
  "groupUUID" : "57942b59-b221-49fa-8400-0d7832c1d2da",
  "privilegeUUID" : "867d5de9-0bf3-434c-9cb1-bd09a05250af",
  "subjectTypeUUID" : "39a2cced-c000-4e4d-a956-4b88e825f4c6",
  "encounterTypeUUID" : "7664eab2-446e-4fc8-ac52-a77c4306893e",
  "allow" : true,
  "notEveryoneGroup" : true,
  "voided" : false
}, {
  "uuid" : "842f704b-2106-4233-a0be-3954e6d556d5",
  "groupUUID" : "57942b59-b221-49fa-8400-0d7832c1d2da",
  "privilegeUUID" : "e3352a23-f478-4166-af11-e949cc69e1cc",
  "subjectTypeUUID" : "39a2cced-c000-4e4d-a956-4b88e825f4c6",
  "encounterTypeUUID" : "7664eab2-446e-4fc8-ac52-a77c4306893e",
  "allow" : true,
  "notEveryoneGroup" : true,
  "voided" : false
}, {
  "uuid" : "c0daf2b9-6ed6-450f-ad27-087c3ebb6e98",
  "groupUUID" : "1ec7b757-5067-458d-bcc8-c0c1cc2cc14d",
  "privilegeUUID" : "67410e50-8b40-4735-bfb4-135b13580027",
  "subjectTypeUUID" : "39a2cced-c000-4e4d-a956-4b88e825f4c6",
  "allow" : true,
  "notEveryoneGroup" : false,
  "voided" : false
}, {
  "uuid" : "e02f20b9-4154-41be-902b-0a66da0ba590",
  "groupUUID" : "1ec7b757-5067-458d-bcc8-c0c1cc2cc14d",
  "privilegeUUID" : "db791f27-0c04-4060-8938-6f18fb4069ee",
  "subjectTypeUUID" : "39a2cced-c000-4e4d-a956-4b88e825f4c6",
  "allow" : true,
  "notEveryoneGroup" : false,
  "voided" : false
}, {
  "uuid" : "e5f38e6f-9176-4dde-a87a-20c652c937b9",
  "groupUUID" : "1ec7b757-5067-458d-bcc8-c0c1cc2cc14d",
  "privilegeUUID" : "9f2a3495-93b7-47c3-8560-d572b6a9fc61",
  "subjectTypeUUID" : "39a2cced-c000-4e4d-a956-4b88e825f4c6",
  "encounterTypeUUID" : "7664eab2-446e-4fc8-ac52-a77c4306893e",
  "allow" : true,
  "notEveryoneGroup" : false,
  "voided" : false
}, {
  "uuid" : "be90bdcb-96b7-4c6f-883b-1c0b0ca19e27",
  "groupUUID" : "1ec7b757-5067-458d-bcc8-c0c1cc2cc14d",
  "privilegeUUID" : "867d5de9-0bf3-434c-9cb1-bd09a05250af",
  "subjectTypeUUID" : "39a2cced-c000-4e4d-a956-4b88e825f4c6",
  "encounterTypeUUID" : "7664eab2-446e-4fc8-ac52-a77c4306893e",
  "allow" : true,
  "notEveryoneGroup" : false,
  "voided" : false
}, {
  "uuid" : "47e20852-c30d-4bc5-a214-19f1eea9605e",
  "groupUUID" : "1ec7b757-5067-458d-bcc8-c0c1cc2cc14d",
  "privilegeUUID" : "e3352a23-f478-4166-af11-e949cc69e1cc",
  "subjectTypeUUID" : "39a2cced-c000-4e4d-a956-4b88e825f4c6",
  "encounterTypeUUID" : "7664eab2-446e-4fc8-ac52-a77c4306893e",
  "allow" : true,
  "notEveryoneGroup" : false,
  "voided" : false
}, {
  "uuid" : "133e7624-8df3-467a-b751-a663be17753d",
  "groupUUID" : "1ec7b757-5067-458d-bcc8-c0c1cc2cc14d",
  "privilegeUUID" : "85ce5ed4-1490-4980-8c64-63fb423b5f14",
  "subjectTypeUUID" : "39a2cced-c000-4e4d-a956-4b88e825f4c6",
  "encounterTypeUUID" : "7664eab2-446e-4fc8-ac52-a77c4306893e",
  "allow" : true,
  "notEveryoneGroup" : false,
  "voided" : false
}, {
  "uuid" : "a674630c-0aba-49e0-a5ff-848c62be7636",
  "groupUUID" : "1ec7b757-5067-458d-bcc8-c0c1cc2cc14d",
  "privilegeUUID" : "51fa8342-3228-4945-88eb-4b41970fa425",
  "subjectTypeUUID" : "39a2cced-c000-4e4d-a956-4b88e825f4c6",
  "encounterTypeUUID" : "7664eab2-446e-4fc8-ac52-a77c4306893e",
  "allow" : false,
  "notEveryoneGroup" : false,
  "voided" : false
}, {
  "uuid" : "209ada03-3c89-4b9f-bafa-272257020531",
  "groupUUID" : "1ec7b757-5067-458d-bcc8-c0c1cc2cc14d",
  "privilegeUUID" : "46c3aa38-1ef5-4639-a406-d0b4f9bcb420",
  "subjectTypeUUID" : "39a2cced-c000-4e4d-a956-4b88e825f4c6",
  "allow" : false,
  "notEveryoneGroup" : false,
  "voided" : false
}, {
  "uuid" : "2dac2f8b-8799-4f2a-951c-fa6c68fde7c2",
  "groupUUID" : "57942b59-b221-49fa-8400-0d7832c1d2da",
  "privilegeUUID" : "db791f27-0c04-4060-8938-6f18fb4069ee",
  "subjectTypeUUID" : "39a2cced-c000-4e4d-a956-4b88e825f4c6",
  "allow" : false,
  "notEveryoneGroup" : true,
  "voided" : false
}, {
  "uuid" : "1fadb35e-f800-4752-a82e-6837368cf580",
  "groupUUID" : "57942b59-b221-49fa-8400-0d7832c1d2da",
  "privilegeUUID" : "85ce5ed4-1490-4980-8c64-63fb423b5f14",
  "subjectTypeUUID" : "39a2cced-c000-4e4d-a956-4b88e825f4c6",
  "encounterTypeUUID" : "7664eab2-446e-4fc8-ac52-a77c4306893e",
  "allow" : true,
  "notEveryoneGroup" : true,
  "voided" : false
}, {
  "uuid" : "2a70c58c-97b4-4005-a2b8-61392070b5e9",
  "groupUUID" : "5c061300-6e34-4e77-b811-491c69fa654a",
  "privilegeUUID" : "bcd31165-0a04-4df2-bc2b-eebab6111d82",
  "allow" : false,
  "notEveryoneGroup" : true,
  "voided" : false
}, {
  "uuid" : "b329ca95-8f59-4b81-b27a-44ae1e97637c",
  "groupUUID" : "5c061300-6e34-4e77-b811-491c69fa654a",
  "privilegeUUID" : "0af68a43-ee47-463e-bdcb-5b7889733937",
  "allow" : false,
  "notEveryoneGroup" : true,
  "voided" : false
}, {
  "uuid" : "8b1f3988-1348-4a27-a1f3-fa0d9f187463",
  "groupUUID" : "5c061300-6e34-4e77-b811-491c69fa654a",
  "privilegeUUID" : "81de9dc8-2729-476e-ad61-24ad6ede58c3",
  "allow" : false,
  "notEveryoneGroup" : true,
  "voided" : false
}, {
  "uuid" : "8736b28b-63eb-49b7-bfd7-37d2453bd2ca",
  "groupUUID" : "5c061300-6e34-4e77-b811-491c69fa654a",
  "privilegeUUID" : "071bfd93-9eab-4a23-911b-aac8baa79d64",
  "allow" : false,
  "notEveryoneGroup" : true,
  "voided" : false
}, {
  "uuid" : "b7344ed9-b845-458a-891d-49286f3ca334",
  "groupUUID" : "5c061300-6e34-4e77-b811-491c69fa654a",
  "privilegeUUID" : "a968c5a1-cfaf-4b2c-bdd0-41eef7af3062",
  "allow" : false,
  "notEveryoneGroup" : true,
  "voided" : false
}, {
  "uuid" : "49237b34-a92b-4794-87e5-642339abff53",
  "groupUUID" : "5c061300-6e34-4e77-b811-491c69fa654a",
  "privilegeUUID" : "b320a75b-928c-42f5-adc9-1d61a4a7c3b2",
  "allow" : false,
  "notEveryoneGroup" : true,
  "voided" : false
}, {
  "uuid" : "d06ff923-5abf-4584-be25-1ad010e8d2ee",
  "groupUUID" : "5c061300-6e34-4e77-b811-491c69fa654a",
  "privilegeUUID" : "aaf75de9-080b-43d4-a9c2-bd91f493f651",
  "allow" : false,
  "notEveryoneGroup" : true,
  "voided" : false
}, {
  "uuid" : "02417722-ebdd-401e-a88b-fc7f1cc15397",
  "groupUUID" : "5c061300-6e34-4e77-b811-491c69fa654a",
  "privilegeUUID" : "92c08ca1-11af-4f9e-84d3-7afff9e8a616",
  "allow" : false,
  "notEveryoneGroup" : true,
  "voided" : false
}, {
  "uuid" : "532f47f2-7415-43f5-92a4-02a4f219e54f",
  "groupUUID" : "5c061300-6e34-4e77-b811-491c69fa654a",
  "privilegeUUID" : "7d0f30fe-e22f-423f-8416-2f6c7eed9e1d",
  "allow" : false,
  "notEveryoneGroup" : true,
  "voided" : false
}, {
  "uuid" : "c15d9c0d-e059-4cfc-892b-030d122cbd16",
  "groupUUID" : "5c061300-6e34-4e77-b811-491c69fa654a",
  "privilegeUUID" : "0e76a2a6-4f91-4cda-a367-75e7355d5d64",
  "allow" : false,
  "notEveryoneGroup" : true,
  "voided" : false
}, {
  "uuid" : "3b17d326-11ae-4ae5-9257-89d04ab1955b",
  "groupUUID" : "5c061300-6e34-4e77-b811-491c69fa654a",
  "privilegeUUID" : "a50bef7c-cf19-46cf-a21e-e5c2cd8a9b1c",
  "allow" : false,
  "notEveryoneGroup" : true,
  "voided" : false
}, {
  "uuid" : "c3dc1d52-ce68-4143-a872-dbe4cbae67d6",
  "groupUUID" : "5c061300-6e34-4e77-b811-491c69fa654a",
  "privilegeUUID" : "19a5db3d-fe13-46ae-9e48-85904d162b20",
  "allow" : false,
  "notEveryoneGroup" : true,
  "voided" : false
}, {
  "uuid" : "42aafa4d-139b-4237-be80-6762dab59741",
  "groupUUID" : "5c061300-6e34-4e77-b811-491c69fa654a",
  "privilegeUUID" : "896fbf4d-4023-4f52-8391-c4e4edf1d5f4",
  "allow" : false,
  "notEveryoneGroup" : true,
  "voided" : false
}, {
  "uuid" : "e323a3db-bb71-45bf-9090-9c04a7b0ef2b",
  "groupUUID" : "5c061300-6e34-4e77-b811-491c69fa654a",
  "privilegeUUID" : "95ffabde-db6f-4ccf-b277-c4263661e22d",
  "allow" : false,
  "notEveryoneGroup" : true,
  "voided" : false
}, {
  "uuid" : "3c314fb4-8fa4-41db-961e-c7d48433691a",
  "groupUUID" : "5c061300-6e34-4e77-b811-491c69fa654a",
  "privilegeUUID" : "194059ea-6091-4009-b981-3c558de52278",
  "allow" : false,
  "notEveryoneGroup" : true,
  "voided" : false
}, {
  "uuid" : "099f6e51-f5fc-41c0-a3ed-5d0a10f157a6",
  "groupUUID" : "5c061300-6e34-4e77-b811-491c69fa654a",
  "privilegeUUID" : "5c379af1-21e9-4dae-acf8-d5087a1445d8",
  "allow" : false,
  "notEveryoneGroup" : true,
  "voided" : false
}, {
  "uuid" : "b6b126de-9330-40fc-9e12-93cbe3e3b443",
  "groupUUID" : "5c061300-6e34-4e77-b811-491c69fa654a",
  "privilegeUUID" : "b42c39df-ad1a-4a44-abcc-4ca5ae97dda5",
  "allow" : false,
  "notEveryoneGroup" : true,
  "voided" : false
}, {
  "uuid" : "2e21eb12-e8f2-4576-b5de-42834286733e",
  "groupUUID" : "5c061300-6e34-4e77-b811-491c69fa654a",
  "privilegeUUID" : "875e7fb3-6eaa-4f68-a6f3-547f06101709",
  "allow" : false,
  "notEveryoneGroup" : true,
  "voided" : false
}, {
  "uuid" : "12ebaa43-2107-4e7a-b465-82aca300b982",
  "groupUUID" : "5c061300-6e34-4e77-b811-491c69fa654a",
  "privilegeUUID" : "e56bc511-02d8-48f3-9ebe-feb7929b9021",
  "allow" : false,
  "notEveryoneGroup" : true,
  "voided" : false
}, {
  "uuid" : "1aaa7c35-b1af-4e4b-bf9a-3581d1b0f18d",
  "groupUUID" : "5c061300-6e34-4e77-b811-491c69fa654a",
  "privilegeUUID" : "31c46c8a-728f-4e92-8f3c-d30a7f1f96c1",
  "allow" : false,
  "notEveryoneGroup" : true,
  "voided" : false
}, {
  "uuid" : "62cc1360-00f1-4173-842d-7ef33d98e390",
  "groupUUID" : "5c061300-6e34-4e77-b811-491c69fa654a",
  "privilegeUUID" : "bc826b6f-2394-41eb-945f-640d600271ae",
  "allow" : false,
  "notEveryoneGroup" : true,
  "voided" : false
}, {
  "uuid" : "7f0bb91b-2237-43c8-995c-fc3ff0f1aa9c",
  "groupUUID" : "5c061300-6e34-4e77-b811-491c69fa654a",
  "privilegeUUID" : "103593b8-48ca-4b88-b7b3-7447fbb6333c",
  "allow" : false,
  "notEveryoneGroup" : true,
  "voided" : false
}, {
  "uuid" : "d8ab08db-6981-4bf6-8246-d46ff43e0696",
  "groupUUID" : "5c061300-6e34-4e77-b811-491c69fa654a",
  "privilegeUUID" : "f9bb7527-dd04-42f1-8ce0-c4d458f5b6d0",
  "allow" : false,
  "notEveryoneGroup" : true,
  "voided" : false
}, {
  "uuid" : "45011133-2008-40d3-a700-6432a856c672",
  "groupUUID" : "5c061300-6e34-4e77-b811-491c69fa654a",
  "privilegeUUID" : "93ce84de-d093-4030-9aef-2404c2c5afc3",
  "allow" : false,
  "notEveryoneGroup" : true,
  "voided" : false
}, {
  "uuid" : "192c3953-1c49-4566-985f-3e08996bc408",
  "groupUUID" : "5c061300-6e34-4e77-b811-491c69fa654a",
  "privilegeUUID" : "de15869d-fbc2-459f-8fa7-43ad021308ef",
  "allow" : false,
  "notEveryoneGroup" : true,
  "voided" : false
}, {
  "uuid" : "4e311b60-0a41-4282-b3c4-9da8aad20d61",
  "groupUUID" : "5c061300-6e34-4e77-b811-491c69fa654a",
  "privilegeUUID" : "634077e6-614f-4668-82b0-29a1b5c488ad",
  "allow" : false,
  "notEveryoneGroup" : true,
  "voided" : false
}, {
  "uuid" : "0ee456ed-aa57-496e-a91f-9c465231b20b",
  "groupUUID" : "5c061300-6e34-4e77-b811-491c69fa654a",
  "privilegeUUID" : "fe20ef34-5543-43ef-8a4c-c110328f854e",
  "allow" : false,
  "notEveryoneGroup" : true,
  "voided" : false
}, {
  "uuid" : "f23576cd-a776-40ef-b60e-dc40c425c88b",
  "groupUUID" : "5c061300-6e34-4e77-b811-491c69fa654a",
  "privilegeUUID" : "120eba9f-d1f0-4ed9-ab2d-51fc889cfc29",
  "allow" : false,
  "notEveryoneGroup" : true,
  "voided" : false
}, {
  "uuid" : "d3336032-0ae2-45cc-b59a-ab6155253dc0",
  "groupUUID" : "5c061300-6e34-4e77-b811-491c69fa654a",
  "privilegeUUID" : "769e5adf-87ab-49ff-9d05-20307499024c",
  "allow" : false,
  "notEveryoneGroup" : true,
  "voided" : false
}, {
  "uuid" : "3d1393cc-149f-4820-aebc-2176dd722e84",
  "groupUUID" : "5c061300-6e34-4e77-b811-491c69fa654a",
  "privilegeUUID" : "5b9126b3-1a92-4b16-81af-d50eafb87441",
  "subjectTypeUUID" : "39a2cced-c000-4e4d-a956-4b88e825f4c6",
  "allow" : true,
  "notEveryoneGroup" : true,
  "voided" : false
}, {
  "uuid" : "869c6bd0-c2ff-406a-af7b-2a8391ac45f4",
  "groupUUID" : "5c061300-6e34-4e77-b811-491c69fa654a",
  "privilegeUUID" : "67410e50-8b40-4735-bfb4-135b13580027",
  "subjectTypeUUID" : "39a2cced-c000-4e4d-a956-4b88e825f4c6",
  "allow" : true,
  "notEveryoneGroup" : true,
  "voided" : false
}, {
  "uuid" : "6530364a-c78d-4249-9372-434962dcfabc",
  "groupUUID" : "5c061300-6e34-4e77-b811-491c69fa654a",
  "privilegeUUID" : "46c3aa38-1ef5-4639-a406-d0b4f9bcb420",
  "subjectTypeUUID" : "39a2cced-c000-4e4d-a956-4b88e825f4c6",
  "allow" : true,
  "notEveryoneGroup" : true,
  "voided" : false
}, {
  "uuid" : "45374d20-585e-44cc-a451-eff571c41c1b",
  "groupUUID" : "5c061300-6e34-4e77-b811-491c69fa654a",
  "privilegeUUID" : "db791f27-0c04-4060-8938-6f18fb4069ee",
  "subjectTypeUUID" : "39a2cced-c000-4e4d-a956-4b88e825f4c6",
  "allow" : true,
  "notEveryoneGroup" : true,
  "voided" : false
}, {
  "uuid" : "04aef4e6-1eb2-40c0-8a16-417ed3864c8d",
  "groupUUID" : "5c061300-6e34-4e77-b811-491c69fa654a",
  "privilegeUUID" : "088a30ca-9ce2-4ab3-a517-e249cc43a4bf",
  "subjectTypeUUID" : "39a2cced-c000-4e4d-a956-4b88e825f4c6",
  "allow" : true,
  "notEveryoneGroup" : true,
  "voided" : false
}, {
  "uuid" : "f54d95b8-2547-405e-892d-46128bf01a95",
  "groupUUID" : "5c061300-6e34-4e77-b811-491c69fa654a",
  "privilegeUUID" : "0843ee63-721c-49c5-8374-818b512caf82",
  "subjectTypeUUID" : "39a2cced-c000-4e4d-a956-4b88e825f4c6",
  "allow" : true,
  "notEveryoneGroup" : true,
  "voided" : false
}, {
  "uuid" : "d0bb7849-a8be-4b00-ad4f-ceaf1c7e4b1d",
  "groupUUID" : "5c061300-6e34-4e77-b811-491c69fa654a",
  "privilegeUUID" : "d9d7ae77-a67e-4644-8976-5b3551106a53",
  "subjectTypeUUID" : "39a2cced-c000-4e4d-a956-4b88e825f4c6",
  "allow" : true,
  "notEveryoneGroup" : true,
  "voided" : false
}, {
  "uuid" : "ef629d1e-7daa-407d-b527-f7828a33ec6e",
  "groupUUID" : "5c061300-6e34-4e77-b811-491c69fa654a",
  "privilegeUUID" : "f2915fc4-d2cb-492a-b9bc-88a7bae11b75",
  "subjectTypeUUID" : "39a2cced-c000-4e4d-a956-4b88e825f4c6",
  "allow" : true,
  "notEveryoneGroup" : true,
  "voided" : false
}, {
  "uuid" : "f391eedc-3639-4538-9f03-78dbf616aae3",
  "groupUUID" : "5c061300-6e34-4e77-b811-491c69fa654a",
  "privilegeUUID" : "37ae14f9-e6ac-4d24-951a-e457b0cdcf00",
  "subjectTypeUUID" : "39a2cced-c000-4e4d-a956-4b88e825f4c6",
  "allow" : true,
  "notEveryoneGroup" : true,
  "voided" : false
}, {
  "uuid" : "80985f20-77e1-4357-a5e3-354cee80ccfc",
  "groupUUID" : "5c061300-6e34-4e77-b811-491c69fa654a",
  "privilegeUUID" : "8a2e92c2-8af2-4f1c-896e-317c0bb4095f",
  "subjectTypeUUID" : "39a2cced-c000-4e4d-a956-4b88e825f4c6",
  "allow" : true,
  "notEveryoneGroup" : true,
  "voided" : false
}, {
  "uuid" : "7f56b54b-86c3-463e-90a8-c84e36169ef2",
  "groupUUID" : "5c061300-6e34-4e77-b811-491c69fa654a",
  "privilegeUUID" : "9f2a3495-93b7-47c3-8560-d572b6a9fc61",
  "subjectTypeUUID" : "39a2cced-c000-4e4d-a956-4b88e825f4c6",
  "encounterTypeUUID" : "7664eab2-446e-4fc8-ac52-a77c4306893e",
  "allow" : true,
  "notEveryoneGroup" : true,
  "voided" : false
}, {
  "uuid" : "9ae6db5b-b901-4d5b-ad5f-de48500b247a",
  "groupUUID" : "5c061300-6e34-4e77-b811-491c69fa654a",
  "privilegeUUID" : "867d5de9-0bf3-434c-9cb1-bd09a05250af",
  "subjectTypeUUID" : "39a2cced-c000-4e4d-a956-4b88e825f4c6",
  "encounterTypeUUID" : "7664eab2-446e-4fc8-ac52-a77c4306893e",
  "allow" : true,
  "notEveryoneGroup" : true,
  "voided" : false
}, {
  "uuid" : "fd4a0058-7324-4ef4-91bf-5926cf6c55d5",
  "groupUUID" : "5c061300-6e34-4e77-b811-491c69fa654a",
  "privilegeUUID" : "e3352a23-f478-4166-af11-e949cc69e1cc",
  "subjectTypeUUID" : "39a2cced-c000-4e4d-a956-4b88e825f4c6",
  "encounterTypeUUID" : "7664eab2-446e-4fc8-ac52-a77c4306893e",
  "allow" : true,
  "notEveryoneGroup" : true,
  "voided" : false
}, {
  "uuid" : "142ef169-6a3c-412a-b882-8c57d0f18f67",
  "groupUUID" : "5c061300-6e34-4e77-b811-491c69fa654a",
  "privilegeUUID" : "85ce5ed4-1490-4980-8c64-63fb423b5f14",
  "subjectTypeUUID" : "39a2cced-c000-4e4d-a956-4b88e825f4c6",
  "encounterTypeUUID" : "7664eab2-446e-4fc8-ac52-a77c4306893e",
  "allow" : true,
  "notEveryoneGroup" : true,
  "voided" : false
}, {
  "uuid" : "acd4b6dd-fcfe-40c7-b01b-21978f79bf63",
  "groupUUID" : "5c061300-6e34-4e77-b811-491c69fa654a",
  "privilegeUUID" : "51fa8342-3228-4945-88eb-4b41970fa425",
  "subjectTypeUUID" : "39a2cced-c000-4e4d-a956-4b88e825f4c6",
  "encounterTypeUUID" : "7664eab2-446e-4fc8-ac52-a77c4306893e",
  "allow" : true,
  "notEveryoneGroup" : true,
  "voided" : false
}, {
  "uuid" : "5c94fef1-1426-4709-9b4f-5cae2e36e7e0",
  "groupUUID" : "5c061300-6e34-4e77-b811-491c69fa654a",
  "privilegeUUID" : "7d725125-6b48-44d2-a53b-bf847ae8a3d0",
  "subjectTypeUUID" : "39a2cced-c000-4e4d-a956-4b88e825f4c6",
  "encounterTypeUUID" : "7664eab2-446e-4fc8-ac52-a77c4306893e",
  "allow" : true,
  "notEveryoneGroup" : true,
  "voided" : false
}, {
  "uuid" : "c45d8dc7-80a9-4387-a492-d060528371d6",
  "groupUUID" : "5c061300-6e34-4e77-b811-491c69fa654a",
  "privilegeUUID" : "ca4428e7-dc4c-4dad-8190-451d8ccd7402",
  "subjectTypeUUID" : "39a2cced-c000-4e4d-a956-4b88e825f4c6",
  "encounterTypeUUID" : "7664eab2-446e-4fc8-ac52-a77c4306893e",
  "allow" : true,
  "notEveryoneGroup" : true,
  "voided" : false
}, {
  "uuid" : "21a98640-926b-4e59-b4da-426c34540515",
  "groupUUID" : "5c061300-6e34-4e77-b811-491c69fa654a",
  "privilegeUUID" : "9819e574-a395-4f55-8985-c64ece79fbe8",
  "subjectTypeUUID" : "39a2cced-c000-4e4d-a956-4b88e825f4c6",
  "encounterTypeUUID" : "7664eab2-446e-4fc8-ac52-a77c4306893e",
  "allow" : true,
  "notEveryoneGroup" : true,
  "voided" : false
}, {
  "uuid" : "6ebf9524-253b-4c8d-98a2-0e387630d981",
  "groupUUID" : "5c061300-6e34-4e77-b811-491c69fa654a",
  "privilegeUUID" : "9f2a3495-93b7-47c3-8560-d572b6a9fc61",
  "subjectTypeUUID" : "39a2cced-c000-4e4d-a956-4b88e825f4c6",
  "encounterTypeUUID" : "7664eab2-446e-4fc8-ac52-a77c4306893e",
  "allow" : true,
  "notEveryoneGroup" : true,
  "voided" : false
}, {
  "uuid" : "2d0e72f7-3aa8-4472-81be-14843d8f7c04",
  "groupUUID" : "5c061300-6e34-4e77-b811-491c69fa654a",
  "privilegeUUID" : "9f2a3495-93b7-47c3-8560-d572b6a9fc61",
  "subjectTypeUUID" : "39a2cced-c000-4e4d-a956-4b88e825f4c6",
  "encounterTypeUUID" : "7664eab2-446e-4fc8-ac52-a77c4306893e",
  "allow" : true,
  "notEveryoneGroup" : true,
  "voided" : false
}, {
  "uuid" : "c9ce3850-a50d-4e18-8c7b-53a25c22e85f",
  "groupUUID" : "5c061300-6e34-4e77-b811-491c69fa654a",
  "privilegeUUID" : "867d5de9-0bf3-434c-9cb1-bd09a05250af",
  "subjectTypeUUID" : "39a2cced-c000-4e4d-a956-4b88e825f4c6",
  "encounterTypeUUID" : "7664eab2-446e-4fc8-ac52-a77c4306893e",
  "allow" : true,
  "notEveryoneGroup" : true,
  "voided" : false
}, {
  "uuid" : "d0e9a4b6-19ae-4d13-965d-0518d1ab4b7e",
  "groupUUID" : "5c061300-6e34-4e77-b811-491c69fa654a",
  "privilegeUUID" : "867d5de9-0bf3-434c-9cb1-bd09a05250af",
  "subjectTypeUUID" : "39a2cced-c000-4e4d-a956-4b88e825f4c6",
  "encounterTypeUUID" : "7664eab2-446e-4fc8-ac52-a77c4306893e",
  "allow" : true,
  "notEveryoneGroup" : true,
  "voided" : false
}, {
  "uuid" : "bb9dad18-623a-4079-8b55-713ca58a9a1d",
  "groupUUID" : "5c061300-6e34-4e77-b811-491c69fa654a",
  "privilegeUUID" : "e3352a23-f478-4166-af11-e949cc69e1cc",
  "subjectTypeUUID" : "39a2cced-c000-4e4d-a956-4b88e825f4c6",
  "encounterTypeUUID" : "7664eab2-446e-4fc8-ac52-a77c4306893e",
  "allow" : true,
  "notEveryoneGroup" : true,
  "voided" : false
}, {
  "uuid" : "ee6dc79e-3a16-46e4-864c-0d284844e46b",
  "groupUUID" : "5c061300-6e34-4e77-b811-491c69fa654a",
  "privilegeUUID" : "e3352a23-f478-4166-af11-e949cc69e1cc",
  "subjectTypeUUID" : "39a2cced-c000-4e4d-a956-4b88e825f4c6",
  "encounterTypeUUID" : "7664eab2-446e-4fc8-ac52-a77c4306893e",
  "allow" : true,
  "notEveryoneGroup" : true,
  "voided" : false
}, {
  "uuid" : "793bb22d-b793-48b5-b894-e6d1c636ee09",
  "groupUUID" : "5c061300-6e34-4e77-b811-491c69fa654a",
  "privilegeUUID" : "85ce5ed4-1490-4980-8c64-63fb423b5f14",
  "subjectTypeUUID" : "39a2cced-c000-4e4d-a956-4b88e825f4c6",
  "encounterTypeUUID" : "7664eab2-446e-4fc8-ac52-a77c4306893e",
  "allow" : true,
  "notEveryoneGroup" : true,
  "voided" : false
}, {
  "uuid" : "737cc17b-36c7-452d-b5b2-1896600515d4",
  "groupUUID" : "5c061300-6e34-4e77-b811-491c69fa654a",
  "privilegeUUID" : "85ce5ed4-1490-4980-8c64-63fb423b5f14",
  "subjectTypeUUID" : "39a2cced-c000-4e4d-a956-4b88e825f4c6",
  "encounterTypeUUID" : "7664eab2-446e-4fc8-ac52-a77c4306893e",
  "allow" : true,
  "notEveryoneGroup" : true,
  "voided" : false
}, {
  "uuid" : "a5560672-e772-48a3-a16e-29d69a83bb9f",
  "groupUUID" : "5c061300-6e34-4e77-b811-491c69fa654a",
  "privilegeUUID" : "51fa8342-3228-4945-88eb-4b41970fa425",
  "subjectTypeUUID" : "39a2cced-c000-4e4d-a956-4b88e825f4c6",
  "encounterTypeUUID" : "7664eab2-446e-4fc8-ac52-a77c4306893e",
  "allow" : true,
  "notEveryoneGroup" : true,
  "voided" : false
}, {
  "uuid" : "417dde5a-1769-40b6-bbb1-232968f2072b",
  "groupUUID" : "5c061300-6e34-4e77-b811-491c69fa654a",
  "privilegeUUID" : "51fa8342-3228-4945-88eb-4b41970fa425",
  "subjectTypeUUID" : "39a2cced-c000-4e4d-a956-4b88e825f4c6",
  "encounterTypeUUID" : "7664eab2-446e-4fc8-ac52-a77c4306893e",
  "allow" : true,
  "notEveryoneGroup" : true,
  "voided" : false
}, {
  "uuid" : "f7465a4c-1bee-4bbb-b39d-8d9c201c6c06",
  "groupUUID" : "5c061300-6e34-4e77-b811-491c69fa654a",
  "privilegeUUID" : "7d725125-6b48-44d2-a53b-bf847ae8a3d0",
  "subjectTypeUUID" : "39a2cced-c000-4e4d-a956-4b88e825f4c6",
  "encounterTypeUUID" : "7664eab2-446e-4fc8-ac52-a77c4306893e",
  "allow" : true,
  "notEveryoneGroup" : true,
  "voided" : false
}, {
  "uuid" : "e9cc774e-c6da-48d7-8fbf-e23316f67f14",
  "groupUUID" : "5c061300-6e34-4e77-b811-491c69fa654a",
  "privilegeUUID" : "7d725125-6b48-44d2-a53b-bf847ae8a3d0",
  "subjectTypeUUID" : "39a2cced-c000-4e4d-a956-4b88e825f4c6",
  "encounterTypeUUID" : "7664eab2-446e-4fc8-ac52-a77c4306893e",
  "allow" : true,
  "notEveryoneGroup" : true,
  "voided" : false
}, {
  "uuid" : "8158506d-d8e3-4a76-a2c2-0e1ef4ae0daa",
  "groupUUID" : "5c061300-6e34-4e77-b811-491c69fa654a",
  "privilegeUUID" : "ca4428e7-dc4c-4dad-8190-451d8ccd7402",
  "subjectTypeUUID" : "39a2cced-c000-4e4d-a956-4b88e825f4c6",
  "encounterTypeUUID" : "7664eab2-446e-4fc8-ac52-a77c4306893e",
  "allow" : true,
  "notEveryoneGroup" : true,
  "voided" : false
}, {
  "uuid" : "1f502db2-bc4b-4782-850d-b612f8558f00",
  "groupUUID" : "5c061300-6e34-4e77-b811-491c69fa654a",
  "privilegeUUID" : "ca4428e7-dc4c-4dad-8190-451d8ccd7402",
  "subjectTypeUUID" : "39a2cced-c000-4e4d-a956-4b88e825f4c6",
  "encounterTypeUUID" : "7664eab2-446e-4fc8-ac52-a77c4306893e",
  "allow" : true,
  "notEveryoneGroup" : true,
  "voided" : false
}, {
  "uuid" : "26f644ce-29ab-48df-b983-671d6b22ce13",
  "groupUUID" : "5c061300-6e34-4e77-b811-491c69fa654a",
  "privilegeUUID" : "9819e574-a395-4f55-8985-c64ece79fbe8",
  "subjectTypeUUID" : "39a2cced-c000-4e4d-a956-4b88e825f4c6",
  "encounterTypeUUID" : "7664eab2-446e-4fc8-ac52-a77c4306893e",
  "allow" : true,
  "notEveryoneGroup" : true,
  "voided" : false
}, {
  "uuid" : "340a2f6c-4e81-470d-87cf-85ff1ef4a2ca",
  "groupUUID" : "5c061300-6e34-4e77-b811-491c69fa654a",
  "privilegeUUID" : "9819e574-a395-4f55-8985-c64ece79fbe8",
  "subjectTypeUUID" : "39a2cced-c000-4e4d-a956-4b88e825f4c6",
  "encounterTypeUUID" : "7664eab2-446e-4fc8-ac52-a77c4306893e",
  "allow" : true,
  "notEveryoneGroup" : true,
  "voided" : false
} ]