[ {
  "uuid" : "c33dd899-166e-455f-ac11-99cff5f825c4",
  "id" : 6,
  "displayKey" : "Feedback",
  "type" : "Link",
  "icon" : "credit-card-plus-outline",
  "group" : "Support",
  "linkFunction" : "'use strict';\n  ({params}) => {return \"https://forms.gle/husw7oXAs9FTL9mCA\"}",
  "voided" : false
}, {
  "uuid" : "11b2d061-68d9-41ba-8d5f-a5e7e99c3d94",
  "id" : 5,
  "displayKey" : "Videos",
  "type" : "Link",
  "icon" : "youtube",
  "group" : "Support",
  "linkFunction" : "'use strict';\n  ({params}) => {return \"https://drive.google.com/drive/u/0/folders/1J0XprWCMh334lN9bJktGJKdPjpQOEsgq\"}",
  "voided" : false
} ]