{
  "uuid" : "7dd1dc03-1ce8-4827-bc14-c6614e3e9780",
  "settings" : {
    "extensions" : [ {
      "label" : "LFE Teach",
      "fileName" : "lfeteach.html",
      "extensionScope" : {
        "name" : "Field App Home Screen",
        "uuid" : "",
        "scopeType" : "Field App Home Screen"
      }
    }, {
      "label" : "LFE Teach",
      "fileName" : "lfeteach.html",
      "extensionScope" : {
        "name" : "Field App Home Screen",
        "uuid" : "",
        "scopeType" : "Field App Home Screen"
      }
    } ],
    "languages" : [ "en", "te_IN" ],
    "customRegistrationLocations" : [ ],
    "donotRequirePasswordChangeOnFirstLogin" : true,
    "saveDrafts" : false,
    "searchFilters" : [ {
      "type" : "Address",
      "titleKey" : "Address",
      "subjectTypeUUID" : "39a2cced-c000-4e4d-a956-4b88e825f4c6"
    } ],
    "skipRuleExecution" : true,
    "myDashboardFilters" : [ {
      "type" : "Address",
      "titleKey" : "Address",
      "subjectTypeUUID" : "39a2cced-c000-4e4d-a956-4b88e825f4c6"
    } ]
  },
  "worklistUpdationRule" : ""
}