[ {
  "uuid" : "4c3be8ff-c866-4c66-a3ce-1708480d6d68",
  "id" : 11,
  "name" : "Dashboard",
  "description" : "",
  "sections" : [ {
    "uuid" : "81021acf-d100-480c-a52f-05ba0faa843e",
    "id" : 19,
    "name" : "All Statistics",
    "description" : "Total data till date",
    "viewType" : "Tile",
    "displayOrder" : 3.0,
    "dashboardUUID" : "4c3be8ff-c866-4c66-a3ce-1708480d6d68",
    "cards" : [ {
      "uuid" : "90426f73-66bb-425a-99c6-91b3542f9594",
      "id" : 55,
      "name" : "Draft Observations",
      "query" : "// Documentation - https://docs.mongodb.com/realm-legacy/docs/javascript/latest/index.html#queries\n'use strict';\n({params, imports}) => {\n      const lineListFunction = function () {\n        return params.db.objects('DraftEncounter')\n          .map((encounter) => encounter.individual);\n      };\n      const calculateSumOfObservationValues = (params, imports) =>  {\n        return params.db.objects('DraftEncounter').length;     \n    };\n    return {\n        primaryValue: calculateSumOfObservationValues(params, imports),\n        lineListFunction\n    };\n};",
      "description" : "",
      "color" : "#ff0000",
      "displayOrder" : 5.0,
      "iconFileS3Key" : "",
      "voided" : false
    }, {
      "uuid" : "9104ce58-31fe-495c-b821-d05d45300e28",
      "id" : 62,
      "name" : "Total observation completed",
      "query" : "'use strict';\n({params, imports}) => {\n\n    const lineListFunction = () => {\n\n        return params.db.objects('Individual')\n            .filter((individual) => individual.voided === false && individual.subjectType.name === 'Teacher')\n            .filter((individual) => individual.getEncounters(true).filter((enc) => enc.voided==false && enc.encounterDateTime !=null).length > 0)\n            .sort((a,b) => {\n            let schoolA = a.lowestAddressLevel.name;\n            let schoolB = b.lowestAddressLevel.name;\n            \n            if (schoolA < schoolB) return -1;\n            if (schoolA > schoolB) return 1;\n            \n            return 0;\n            \n            });\n    };\n    \n    const calculateSumOfObservationValues = (params, imports) => {\n\n        return params.db.objects('Individual')\n            .filter((individual) => individual.voided === false && individual.subjectType.name === 'Teacher')\n            .reduce((acc,individual)=>acc+individual.getEncounters(true).filter((enc)=> enc.voided === false && enc.encounterDateTime !=null).length,0);\n    };\n    return {\n        primaryValue: calculateSumOfObservationValues(params, imports),\n        lineListFunction\n    };\n};",
      "description" : "",
      "color" : "#7fd048",
      "displayOrder" : 3.0,
      "iconFileS3Key" : "",
      "voided" : false
    }, {
      "uuid" : "74ad39e8-661b-40a9-a0b2-118ef0836cb6",
      "id" : 47,
      "name" : "All Teachers",
      "query" : "// Documentation - https://docs.mongodb.com/realm-legacy/docs/javascript/latest/index.html#queries\n'use strict';\n({params, imports}) => {\n    const individual = params.db.objects('Individual');\n    \n    //  console.log('------>',individual[0].lowestAddressLevel)\n     return params.db.objects('Individual')\n            .filter((individual) => individual.voided === false && individual.subjectType.name === 'Teacher')\n            .sort((a,b) => {\n            let schoolA = a.lowestAddressLevel.name;\n            let schoolB = b.lowestAddressLevel.name;\n            \n            if (schoolA < schoolB) return -1;\n            if (schoolA > schoolB) return 1;\n            \n            return 0;\n            \n            })\n};",
      "description" : "",
      "color" : "#ffdb58",
      "displayOrder" : 1.0,
      "iconFileS3Key" : "",
      "voided" : false
    }, {
      "uuid" : "12b0c96d-5a1d-4baf-8ab1-bd019607d2cb",
      "id" : 54,
      "name" : "Total teacher not observed",
      "query" : "'use strict';\n({params, imports}) => {\n    const lineListFunction = function () {\n        return params.db.objects('Individual')\n            .filter((individual) => individual.voided === false && individual.subjectType.name === 'Teacher')\n            .filter((individual) => individual.getEncounters(true).filter((enc) => enc.voided == false && enc.encounterDateTime != null).length === 0)\n            .sort((a,b) => {\n            let schoolA = a.lowestAddressLevel.name;\n            let schoolB = b.lowestAddressLevel.name;\n            \n            if (schoolA < schoolB) return -1;\n            if (schoolA > schoolB) return 1;\n            \n            return 0;\n            \n            });\n    };\n    const calculateSumOfObservationValues = (params, imports) => {\n\n        return params.db.objects('Individual')\n            .filter((individual) => individual.voided === false && individual.subjectType.name === 'Teacher')\n            .filter((individual) => individual.getEncounters(true).filter((enc) => enc.voided == false && enc.encounterDateTime != null).length === 0).length;\n    };\n    return {\n        primaryValue: calculateSumOfObservationValues(params, imports),\n        lineListFunction\n    };\n};",
      "description" : "",
      "color" : "#898bc1",
      "displayOrder" : 4.0,
      "iconFileS3Key" : "",
      "voided" : false
    }, {
      "uuid" : "e6813892-e824-41ca-b7b9-fd52905409f6",
      "id" : 52,
      "name" : "Total teacher observed",
      "query" : "// Documentation - https://docs.mongodb.com/realm-legacy/docs/javascript/latest/index.html#queries\n'use strict';\n({params, imports}) => {\n    const lineListFunction = function () {\n        return params.db.objects('Individual')\n            .filter((individual) => individual.voided === false && individual.subjectType.name === 'Teacher')\n            .filter((individual) => individual.getEncounters(true).filter((enc) => enc.voided == false && enc.encounterDateTime != null).length > 0)\n            .sort((a,b) => {\n            let schoolA = a.lowestAddressLevel.name;\n            let schoolB = b.lowestAddressLevel.name;\n            \n            if (schoolA < schoolB) return -1;\n            if (schoolA > schoolB) return 1;\n            \n            return 0;\n            \n            });\n    };\n    const calculateSumOfObservationValues = (params, imports) => {\n\n        return params.db.objects('Individual')\n            .filter((individual) => individual.voided === false && individual.subjectType.name === 'Teacher')\n            .filter((individual) => individual.getEncounters(true).filter((enc) => enc.voided == false && enc.encounterDateTime != null).length > 0).length;\n    };\n    return {\n        primaryValue: calculateSumOfObservationValues(params, imports),\n        lineListFunction\n    };\n};",
      "description" : "",
      "color" : "#8d2f96",
      "displayOrder" : 2.0,
      "iconFileS3Key" : "",
      "voided" : false
    } ],
    "dashboardSectionCardMappings" : [ {
      "uuid" : "a907809e-fee4-4f97-8225-de27c4c2bb7c",
      "dashboardSectionUUID" : "81021acf-d100-480c-a52f-05ba0faa843e",
      "reportCardUUID" : "90426f73-66bb-425a-99c6-91b3542f9594",
      "displayOrder" : 5.0,
      "voided" : false
    }, {
      "uuid" : "710165b5-61f0-4217-a6b5-228d48ef1d9c",
      "dashboardSectionUUID" : "81021acf-d100-480c-a52f-05ba0faa843e",
      "reportCardUUID" : "9104ce58-31fe-495c-b821-d05d45300e28",
      "displayOrder" : 3.0,
      "voided" : false
    }, {
      "uuid" : "30126bc8-ee07-4cab-8d50-d27382b1ca4d",
      "dashboardSectionUUID" : "81021acf-d100-480c-a52f-05ba0faa843e",
      "reportCardUUID" : "74ad39e8-661b-40a9-a0b2-118ef0836cb6",
      "displayOrder" : 1.0,
      "voided" : false
    }, {
      "uuid" : "8c256e17-d9c6-42ad-beb3-dc20861c51e3",
      "dashboardSectionUUID" : "81021acf-d100-480c-a52f-05ba0faa843e",
      "reportCardUUID" : "12b0c96d-5a1d-4baf-8ab1-bd019607d2cb",
      "displayOrder" : 4.0,
      "voided" : false
    }, {
      "uuid" : "5e97c54e-3ca4-40c0-be63-894fc141affe",
      "dashboardSectionUUID" : "81021acf-d100-480c-a52f-05ba0faa843e",
      "reportCardUUID" : "e6813892-e824-41ca-b7b9-fd52905409f6",
      "displayOrder" : 2.0,
      "voided" : false
    } ],
    "voided" : false
  }, {
    "uuid" : "ac976bf8-42a5-452b-9688-05f65b9c0e6a",
    "id" : 20,
    "name" : "Your task for the next 7 days",
    "description" : "",
    "viewType" : "Tile",
    "displayOrder" : 1.0,
    "dashboardUUID" : "4c3be8ff-c866-4c66-a3ce-1708480d6d68",
    "cards" : [ {
      "uuid" : "b1c394b2-9069-4176-8e37-ac070cdf0986",
      "id" : 50,
      "name" : "Overdue ",
      "query" : "'use strict';\n({params, imports}) => {\nconst moment = imports.moment;\n      const lineListFunction = function () {\n        return params.db.objects('Individual')\n            .filter((individual) => individual.voided === false && individual.subjectType.name === 'Teacher')\n            .filter((individual) => individual.getEncounters(true).find((enc) => _.isNil(enc.encounterDateTime) === true &&\n  moment().isSameOrAfter(moment(enc.maxVisitDateTime)) ))\n .sort((a,b) => {\n            let schoolA = a.lowestAddressLevel.name;\n            let schoolB = b.lowestAddressLevel.name;\n            \n            if (schoolA < schoolB) return -1;\n            if (schoolA > schoolB) return 1;\n            \n            return 0;\n            \n            });\n    }; \n    \n      const calculateSumOfObservationValues = (params, imports) =>  {\n        return params.db.objects('Individual')\n            .filter((individual) => individual.voided === false && individual.subjectType.name === 'Teacher')\n            .filter((individual) => individual.getEncounters(true).find((enc) => {\n            return _.isNil(enc.encounterDateTime) === true &&  moment().isSameOrAfter(moment(enc.maxVisitDateTime));           }\n            )).length;\n    };\n    return {\n        primaryValue: calculateSumOfObservationValues(params, imports),\n        lineListFunction\n        \n    };\n};",
      "description" : "",
      "color" : "#ff0000",
      "displayOrder" : 2.0,
      "iconFileS3Key" : "",
      "voided" : false
    }, {
      "uuid" : "da821cb3-fed4-4b88-82e7-803e21813841",
      "id" : 59,
      "name" : "Scheduled ",
      "query" : "'use strict';\n({params, imports}) => {\nconst moment = imports.moment;\n      const lineListFunction = function () {\n        return params.db.objects('Individual')\n            .filter((individual) => individual.voided === false && individual.subjectType.name === 'Teacher')\n            .filter((individual) => individual.getEncounters(true).find((enc) => _.isNil(enc.encounterDateTime) === true &&\n  moment().isSameOrBefore(moment(enc.maxVisitDateTime)) && moment().isSameOrAfter(moment(enc.earliestVisitDateTime)) ))\n .sort((a,b) => {\n            let schoolA = a.lowestAddressLevel.name;\n            let schoolB = b.lowestAddressLevel.name;\n            \n            if (schoolA < schoolB) return -1;\n            if (schoolA > schoolB) return 1;\n            \n            return 0;\n            \n            });\n    }; \n    \n      const calculateSumOfObservationValues = (params, imports) =>  {\n        return params.db.objects('Individual')\n            .filter((individual) => individual.voided === false && individual.subjectType.name === 'Teacher')\n            .filter((individual) => individual.getEncounters(true).find((enc) => {\n            return _.isNil(enc.encounterDateTime) === true &&  moment().isSameOrBefore(moment(enc.maxVisitDateTime)) && moment().isSameOrAfter(moment(enc.earliestVisitDateTime))           }\n            )).length;\n    };\n    return {\n        primaryValue: calculateSumOfObservationValues(params, imports),\n        lineListFunction\n        \n    };\n};",
      "description" : "",
      "color" : "#00a36c",
      "displayOrder" : 1.0,
      "iconFileS3Key" : "",
      "voided" : false
    } ],
    "dashboardSectionCardMappings" : [ {
      "uuid" : "96dd59f2-6fb5-4b77-9d60-2bc9a9fc4688",
      "dashboardSectionUUID" : "ac976bf8-42a5-452b-9688-05f65b9c0e6a",
      "reportCardUUID" : "b1c394b2-9069-4176-8e37-ac070cdf0986",
      "displayOrder" : 2.0,
      "voided" : false
    }, {
      "uuid" : "ab5b0411-5fdf-42e9-9116-0c5bcb83d7b6",
      "dashboardSectionUUID" : "ac976bf8-42a5-452b-9688-05f65b9c0e6a",
      "reportCardUUID" : "da821cb3-fed4-4b88-82e7-803e21813841",
      "displayOrder" : 1.0,
      "voided" : false
    } ],
    "voided" : false
  }, {
    "uuid" : "b1b92c58-e1a2-457c-98de-205b9a6bb349",
    "id" : 21,
    "name" : "Last 30 days statistics",
    "description" : "",
    "viewType" : "Tile",
    "displayOrder" : 2.0,
    "dashboardUUID" : "4c3be8ff-c866-4c66-a3ce-1708480d6d68",
    "cards" : [ {
      "uuid" : "1a31db6e-ffd6-4e58-aa76-4f3b9cc0c7f9",
      "id" : 69,
      "name" : "New teachers added",
      "query" : "// Documentation - https://docs.mongodb.com/realm-legacy/docs/javascript/latest/index.html#queries\n'use strict';\n({params, imports}) => {\n    \n      const lineListFunction = function () {\n        return params.db.objects('Individual')\n            .filter((individual) => individual.voided === false && individual.subjectType.name === 'Teacher')\n            .filter((individual) => \n             _.floor(imports.moment().diff(imports.moment(individual.registrationDate), 'days', true)) <= 30)\n             .sort((a,b) => {\n            let schoolA = a.lowestAddressLevel.name;\n            let schoolB = b.lowestAddressLevel.name;\n            \n            if (schoolA < schoolB) return -1;\n            if (schoolA > schoolB) return 1;\n            \n            return 0;\n            \n            });\n      };\n      const calculateSumOfObservationValues = (params, imports) =>  {\n        return params.db.objects('Individual')\n            .filter((individual) => individual.voided === false && individual.subjectType.name === 'Teacher')\n            .filter((individual) => \n             _.floor(imports.moment().diff(imports.moment(individual.registrationDate), 'days', true)) <= 30).length;\n            \n    };\n    return {\n        primaryValue: calculateSumOfObservationValues(params, imports),\n        lineListFunction\n    };\n};",
      "description" : "",
      "color" : "#70dbdb",
      "displayOrder" : 3.0,
      "iconFileS3Key" : "",
      "voided" : false
    }, {
      "uuid" : "61c22e74-b823-4a43-9c3a-9819ed25ca83",
      "id" : 63,
      "name" : "Teachers observed",
      "query" : "// Documentation - https://docs.mongodb.com/realm-legacy/docs/javascript/latest/index.html#queries\n'use strict';\n({params, imports}) => {\n     const lineListFunction = function () {\n        return params.db.objects('Individual')\n            .filter((individual) => individual.voided === false && individual.subjectType.name === 'Teacher')\n            .filter((individual) => individual.getEncounters(true).filter((enc) => \n_.floor(imports.moment().diff(imports.moment(enc.encounterDateTime), 'days', true))\n            <= 30 && enc.voided == false).length > 0)\n            .sort((a,b) => {\n            let schoolA = a.lowestAddressLevel.name;\n            let schoolB = b.lowestAddressLevel.name;\n            \n            if (schoolA < schoolB) return -1;\n            if (schoolA > schoolB) return 1;\n            \n            return 0;\n            \n            });\n      };\n      const calculateSumOfObservationValues = (params, imports) =>  {\n\n        return params.db.objects('Individual')\n            .filter((individual) => individual.voided === false && individual.subjectType.name === 'Teacher')\n            .filter((individual) => individual.getEncounters(true).filter((enc) => \n_.floor(imports.moment().diff(imports.moment(enc.encounterDateTime), 'days', true))\n            <= 30 && enc.voided == false).length > 0).length;\n    };\n    return {\n        primaryValue: calculateSumOfObservationValues(params, imports),\n        lineListFunction\n    };\n};",
      "description" : "",
      "color" : "#f7ad19",
      "displayOrder" : 2.0,
      "iconFileS3Key" : "",
      "voided" : false
    }, {
      "uuid" : "ffdd3a55-f2d3-43dd-9e14-143bf91c28af",
      "id" : 56,
      "name" : "Observations completed",
      "query" : "// Documentation - https://docs.mongodb.com/realm-legacy/docs/javascript/latest/index.html#queries\n'use strict';\n({params, imports}) => {\n    \n    const lineListFunction = () =>  {\n\n        return params.db.objects('Individual')\n            .filter((individual) => individual.voided === false && individual.subjectType.name === 'Teacher')\n            .filter((individual) => individual.getEncounters(true).filter((enc) => _.floor(imports.moment().diff(imports.moment(enc.encounterDateTime), 'days', true)) <= 30).length > 0)\n            .sort((a,b) => {\n            let schoolA = a.lowestAddressLevel.name;\n            let schoolB = b.lowestAddressLevel.name;\n            \n            if (schoolA < schoolB) return -1;\n            if (schoolA > schoolB) return 1;\n            \n            return 0;\n            \n            });\n\n    };\n    \n      const calculateSumOfObservationValues = (params, imports) =>  {\n\n        return params.db.objects('Individual')\n            .filter((individual) => individual.voided === false && individual.subjectType.name === 'Teacher')\n            .filter((individual) => individual.getEncounters(true).filter((enc) => _.floor(imports.moment().diff(imports.moment(enc.encounterDateTime), 'days', true)) <= 30).length > 0).length\n\n    };\n    return {\n        primaryValue: calculateSumOfObservationValues(params, imports),\n        lineListFunction\n    };\n};",
      "description" : "",
      "color" : "#d3d202",
      "displayOrder" : 1.0,
      "iconFileS3Key" : "",
      "voided" : false
    }, {
      "uuid" : "8f577a91-c613-4cc7-b3ee-8ac2ac6014c8",
      "id" : 53,
      "name" : " Teacher not observed",
      "query" : "// Documentation - https://docs.mongodb.com/realm-legacy/docs/javascript/latest/index.html#queries\n'use strict';\n({params, imports}) => {\n     const lineListFunction = function () {\n        return params.db.objects('Individual')\n            .filter((individual) => individual.voided === false && individual.subjectType.name === 'Teacher')\n            .filter((individual) => individual.getEncounters(true).filter((enc) => \n_.floor(imports.moment().diff(imports.moment(enc.encounterDateTime), 'days', true))\n            <= 30 && enc.voided == false).length === 0)\n            .sort((a,b) => {\n            let schoolA = a.lowestAddressLevel.name;\n            let schoolB = b.lowestAddressLevel.name;\n            \n            if (schoolA < schoolB) return -1;\n            if (schoolA > schoolB) return 1;\n            \n            return 0;\n            \n            });\n      };\n      const calculateSumOfObservationValues = (params, imports) =>  {\n\n        return params.db.objects('Individual')\n            .filter((individual) => individual.voided === false && individual.subjectType.name === 'Teacher')\n            .filter((individual) => individual.getEncounters(true).filter((enc) => \n_.floor(imports.moment().diff(imports.moment(enc.encounterDateTime), 'days', true))\n            <= 30 && enc.voided == false).length === 0).length;\n    };\n    return {\n        primaryValue: calculateSumOfObservationValues(params, imports),\n        lineListFunction\n    };\n};",
      "description" : "",
      "color" : "#488a99",
      "displayOrder" : 4.0,
      "iconFileS3Key" : "",
      "voided" : false
    } ],
    "dashboardSectionCardMappings" : [ {
      "uuid" : "6f17642b-0552-4a9f-be65-a2b929a47f50",
      "dashboardSectionUUID" : "b1b92c58-e1a2-457c-98de-205b9a6bb349",
      "reportCardUUID" : "1a31db6e-ffd6-4e58-aa76-4f3b9cc0c7f9",
      "displayOrder" : 3.0,
      "voided" : false
    }, {
      "uuid" : "4d96bb01-9501-4e13-8ebe-706544ea2657",
      "dashboardSectionUUID" : "b1b92c58-e1a2-457c-98de-205b9a6bb349",
      "reportCardUUID" : "61c22e74-b823-4a43-9c3a-9819ed25ca83",
      "displayOrder" : 2.0,
      "voided" : false
    }, {
      "uuid" : "7aa3a5d2-986b-4242-88af-a2e7c4b08d85",
      "dashboardSectionUUID" : "b1b92c58-e1a2-457c-98de-205b9a6bb349",
      "reportCardUUID" : "ffdd3a55-f2d3-43dd-9e14-143bf91c28af",
      "displayOrder" : 1.0,
      "voided" : false
    }, {
      "uuid" : "0eda0f48-1ce8-4c32-b607-63c773a33624",
      "dashboardSectionUUID" : "b1b92c58-e1a2-457c-98de-205b9a6bb349",
      "reportCardUUID" : "8f577a91-c613-4cc7-b3ee-8ac2ac6014c8",
      "displayOrder" : 4.0,
      "voided" : false
    } ],
    "voided" : false
  } ],
  "filters" : [ ],
  "voided" : false
}, {
  "uuid" : "02f79952-bc70-47c9-9bd5-cbf80d882618",
  "id" : 12,
  "name" : "LFE Dashboard",
  "description" : "",
  "sections" : [ {
    "uuid" : "484e5546-92b5-4d13-8859-98ee77917105",
    "id" : 22,
    "name" : "All Teachers",
    "description" : "",
    "viewType" : "Tile",
    "displayOrder" : 3.0,
    "dashboardUUID" : "02f79952-bc70-47c9-9bd5-cbf80d882618",
    "cards" : [ {
      "uuid" : "74ad39e8-661b-40a9-a0b2-118ef0836cb6",
      "id" : 47,
      "name" : "All Teachers",
      "query" : "// Documentation - https://docs.mongodb.com/realm-legacy/docs/javascript/latest/index.html#queries\n'use strict';\n({params, imports}) => {\n    const individual = params.db.objects('Individual');\n    \n    //  console.log('------>',individual[0].lowestAddressLevel)\n     return params.db.objects('Individual')\n            .filter((individual) => individual.voided === false && individual.subjectType.name === 'Teacher')\n            .sort((a,b) => {\n            let schoolA = a.lowestAddressLevel.name;\n            let schoolB = b.lowestAddressLevel.name;\n            \n            if (schoolA < schoolB) return -1;\n            if (schoolA > schoolB) return 1;\n            \n            return 0;\n            \n            })\n};",
      "description" : "",
      "color" : "#ffdb58",
      "displayOrder" : 1.0,
      "iconFileS3Key" : "",
      "voided" : false
    } ],
    "dashboardSectionCardMappings" : [ {
      "uuid" : "17cf33b0-3b98-4b72-9525-6bb7bdcdaed4",
      "dashboardSectionUUID" : "484e5546-92b5-4d13-8859-98ee77917105",
      "reportCardUUID" : "74ad39e8-661b-40a9-a0b2-118ef0836cb6",
      "displayOrder" : 1.0,
      "voided" : false
    } ],
    "voided" : false
  }, {
    "uuid" : "c8828d4a-5157-4134-99ee-46824047bfbe",
    "id" : 24,
    "name" : "Your task for the next 7 days",
    "description" : "",
    "viewType" : "Tile",
    "displayOrder" : 1.0,
    "dashboardUUID" : "02f79952-bc70-47c9-9bd5-cbf80d882618",
    "cards" : [ {
      "uuid" : "b1c394b2-9069-4176-8e37-ac070cdf0986",
      "id" : 50,
      "name" : "Overdue ",
      "query" : "'use strict';\n({params, imports}) => {\nconst moment = imports.moment;\n      const lineListFunction = function () {\n        return params.db.objects('Individual')\n            .filter((individual) => individual.voided === false && individual.subjectType.name === 'Teacher')\n            .filter((individual) => individual.getEncounters(true).find((enc) => _.isNil(enc.encounterDateTime) === true &&\n  moment().isSameOrAfter(moment(enc.maxVisitDateTime)) ))\n .sort((a,b) => {\n            let schoolA = a.lowestAddressLevel.name;\n            let schoolB = b.lowestAddressLevel.name;\n            \n            if (schoolA < schoolB) return -1;\n            if (schoolA > schoolB) return 1;\n            \n            return 0;\n            \n            });\n    }; \n    \n      const calculateSumOfObservationValues = (params, imports) =>  {\n        return params.db.objects('Individual')\n            .filter((individual) => individual.voided === false && individual.subjectType.name === 'Teacher')\n            .filter((individual) => individual.getEncounters(true).find((enc) => {\n            return _.isNil(enc.encounterDateTime) === true &&  moment().isSameOrAfter(moment(enc.maxVisitDateTime));           }\n            )).length;\n    };\n    return {\n        primaryValue: calculateSumOfObservationValues(params, imports),\n        lineListFunction\n        \n    };\n};",
      "description" : "",
      "color" : "#ff0000",
      "displayOrder" : 2.0,
      "iconFileS3Key" : "",
      "voided" : false
    }, {
      "uuid" : "da821cb3-fed4-4b88-82e7-803e21813841",
      "id" : 59,
      "name" : "Scheduled ",
      "query" : "'use strict';\n({params, imports}) => {\nconst moment = imports.moment;\n      const lineListFunction = function () {\n        return params.db.objects('Individual')\n            .filter((individual) => individual.voided === false && individual.subjectType.name === 'Teacher')\n            .filter((individual) => individual.getEncounters(true).find((enc) => _.isNil(enc.encounterDateTime) === true &&\n  moment().isSameOrBefore(moment(enc.maxVisitDateTime)) && moment().isSameOrAfter(moment(enc.earliestVisitDateTime)) ))\n .sort((a,b) => {\n            let schoolA = a.lowestAddressLevel.name;\n            let schoolB = b.lowestAddressLevel.name;\n            \n            if (schoolA < schoolB) return -1;\n            if (schoolA > schoolB) return 1;\n            \n            return 0;\n            \n            });\n    }; \n    \n      const calculateSumOfObservationValues = (params, imports) =>  {\n        return params.db.objects('Individual')\n            .filter((individual) => individual.voided === false && individual.subjectType.name === 'Teacher')\n            .filter((individual) => individual.getEncounters(true).find((enc) => {\n            return _.isNil(enc.encounterDateTime) === true &&  moment().isSameOrBefore(moment(enc.maxVisitDateTime)) && moment().isSameOrAfter(moment(enc.earliestVisitDateTime))           }\n            )).length;\n    };\n    return {\n        primaryValue: calculateSumOfObservationValues(params, imports),\n        lineListFunction\n        \n    };\n};",
      "description" : "",
      "color" : "#00a36c",
      "displayOrder" : 1.0,
      "iconFileS3Key" : "",
      "voided" : false
    } ],
    "dashboardSectionCardMappings" : [ {
      "uuid" : "5a6b9b4b-5a80-4467-a4a3-7e11aa532123",
      "dashboardSectionUUID" : "c8828d4a-5157-4134-99ee-46824047bfbe",
      "reportCardUUID" : "b1c394b2-9069-4176-8e37-ac070cdf0986",
      "displayOrder" : 2.0,
      "voided" : false
    }, {
      "uuid" : "aafce532-4058-4365-bd04-2ba912730878",
      "dashboardSectionUUID" : "c8828d4a-5157-4134-99ee-46824047bfbe",
      "reportCardUUID" : "da821cb3-fed4-4b88-82e7-803e21813841",
      "displayOrder" : 1.0,
      "voided" : false
    } ],
    "voided" : false
  }, {
    "uuid" : "4b2f00a3-6097-43d2-b209-b0c474941190",
    "id" : 23,
    "name" : "Last 30 days statistics",
    "description" : "",
    "viewType" : "Tile",
    "displayOrder" : 2.0,
    "dashboardUUID" : "02f79952-bc70-47c9-9bd5-cbf80d882618",
    "cards" : [ {
      "uuid" : "1a31db6e-ffd6-4e58-aa76-4f3b9cc0c7f9",
      "id" : 69,
      "name" : "New teachers added",
      "query" : "// Documentation - https://docs.mongodb.com/realm-legacy/docs/javascript/latest/index.html#queries\n'use strict';\n({params, imports}) => {\n    \n      const lineListFunction = function () {\n        return params.db.objects('Individual')\n            .filter((individual) => individual.voided === false && individual.subjectType.name === 'Teacher')\n            .filter((individual) => \n             _.floor(imports.moment().diff(imports.moment(individual.registrationDate), 'days', true)) <= 30)\n             .sort((a,b) => {\n            let schoolA = a.lowestAddressLevel.name;\n            let schoolB = b.lowestAddressLevel.name;\n            \n            if (schoolA < schoolB) return -1;\n            if (schoolA > schoolB) return 1;\n            \n            return 0;\n            \n            });\n      };\n      const calculateSumOfObservationValues = (params, imports) =>  {\n        return params.db.objects('Individual')\n            .filter((individual) => individual.voided === false && individual.subjectType.name === 'Teacher')\n            .filter((individual) => \n             _.floor(imports.moment().diff(imports.moment(individual.registrationDate), 'days', true)) <= 30).length;\n            \n    };\n    return {\n        primaryValue: calculateSumOfObservationValues(params, imports),\n        lineListFunction\n    };\n};",
      "description" : "",
      "color" : "#70dbdb",
      "displayOrder" : 3.0,
      "iconFileS3Key" : "",
      "voided" : false
    }, {
      "uuid" : "61c22e74-b823-4a43-9c3a-9819ed25ca83",
      "id" : 63,
      "name" : "Teachers observed",
      "query" : "// Documentation - https://docs.mongodb.com/realm-legacy/docs/javascript/latest/index.html#queries\n'use strict';\n({params, imports}) => {\n     const lineListFunction = function () {\n        return params.db.objects('Individual')\n            .filter((individual) => individual.voided === false && individual.subjectType.name === 'Teacher')\n            .filter((individual) => individual.getEncounters(true).filter((enc) => \n_.floor(imports.moment().diff(imports.moment(enc.encounterDateTime), 'days', true))\n            <= 30 && enc.voided == false).length > 0)\n            .sort((a,b) => {\n            let schoolA = a.lowestAddressLevel.name;\n            let schoolB = b.lowestAddressLevel.name;\n            \n            if (schoolA < schoolB) return -1;\n            if (schoolA > schoolB) return 1;\n            \n            return 0;\n            \n            });\n      };\n      const calculateSumOfObservationValues = (params, imports) =>  {\n\n        return params.db.objects('Individual')\n            .filter((individual) => individual.voided === false && individual.subjectType.name === 'Teacher')\n            .filter((individual) => individual.getEncounters(true).filter((enc) => \n_.floor(imports.moment().diff(imports.moment(enc.encounterDateTime), 'days', true))\n            <= 30 && enc.voided == false).length > 0).length;\n    };\n    return {\n        primaryValue: calculateSumOfObservationValues(params, imports),\n        lineListFunction\n    };\n};",
      "description" : "",
      "color" : "#f7ad19",
      "displayOrder" : 2.0,
      "iconFileS3Key" : "",
      "voided" : false
    }, {
      "uuid" : "8f577a91-c613-4cc7-b3ee-8ac2ac6014c8",
      "id" : 53,
      "name" : " Teacher not observed",
      "query" : "// Documentation - https://docs.mongodb.com/realm-legacy/docs/javascript/latest/index.html#queries\n'use strict';\n({params, imports}) => {\n     const lineListFunction = function () {\n        return params.db.objects('Individual')\n            .filter((individual) => individual.voided === false && individual.subjectType.name === 'Teacher')\n            .filter((individual) => individual.getEncounters(true).filter((enc) => \n_.floor(imports.moment().diff(imports.moment(enc.encounterDateTime), 'days', true))\n            <= 30 && enc.voided == false).length === 0)\n            .sort((a,b) => {\n            let schoolA = a.lowestAddressLevel.name;\n            let schoolB = b.lowestAddressLevel.name;\n            \n            if (schoolA < schoolB) return -1;\n            if (schoolA > schoolB) return 1;\n            \n            return 0;\n            \n            });\n      };\n      const calculateSumOfObservationValues = (params, imports) =>  {\n\n        return params.db.objects('Individual')\n            .filter((individual) => individual.voided === false && individual.subjectType.name === 'Teacher')\n            .filter((individual) => individual.getEncounters(true).filter((enc) => \n_.floor(imports.moment().diff(imports.moment(enc.encounterDateTime), 'days', true))\n            <= 30 && enc.voided == false).length === 0).length;\n    };\n    return {\n        primaryValue: calculateSumOfObservationValues(params, imports),\n        lineListFunction\n    };\n};",
      "description" : "",
      "color" : "#488a99",
      "displayOrder" : 4.0,
      "iconFileS3Key" : "",
      "voided" : false
    }, {
      "uuid" : "ffdd3a55-f2d3-43dd-9e14-143bf91c28af",
      "id" : 56,
      "name" : "Observations completed",
      "query" : "// Documentation - https://docs.mongodb.com/realm-legacy/docs/javascript/latest/index.html#queries\n'use strict';\n({params, imports}) => {\n    \n    const lineListFunction = () =>  {\n\n        return params.db.objects('Individual')\n            .filter((individual) => individual.voided === false && individual.subjectType.name === 'Teacher')\n            .filter((individual) => individual.getEncounters(true).filter((enc) => _.floor(imports.moment().diff(imports.moment(enc.encounterDateTime), 'days', true)) <= 30).length > 0)\n            .sort((a,b) => {\n            let schoolA = a.lowestAddressLevel.name;\n            let schoolB = b.lowestAddressLevel.name;\n            \n            if (schoolA < schoolB) return -1;\n            if (schoolA > schoolB) return 1;\n            \n            return 0;\n            \n            });\n\n    };\n    \n      const calculateSumOfObservationValues = (params, imports) =>  {\n\n        return params.db.objects('Individual')\n            .filter((individual) => individual.voided === false && individual.subjectType.name === 'Teacher')\n            .filter((individual) => individual.getEncounters(true).filter((enc) => _.floor(imports.moment().diff(imports.moment(enc.encounterDateTime), 'days', true)) <= 30).length > 0).length\n\n    };\n    return {\n        primaryValue: calculateSumOfObservationValues(params, imports),\n        lineListFunction\n    };\n};",
      "description" : "",
      "color" : "#d3d202",
      "displayOrder" : 1.0,
      "iconFileS3Key" : "",
      "voided" : false
    } ],
    "dashboardSectionCardMappings" : [ {
      "uuid" : "61867555-3bd4-4824-b14c-fc1a90601b34",
      "dashboardSectionUUID" : "4b2f00a3-6097-43d2-b209-b0c474941190",
      "reportCardUUID" : "1a31db6e-ffd6-4e58-aa76-4f3b9cc0c7f9",
      "displayOrder" : 3.0,
      "voided" : false
    }, {
      "uuid" : "89b3708b-21ef-4e39-8608-38c2635eeff6",
      "dashboardSectionUUID" : "4b2f00a3-6097-43d2-b209-b0c474941190",
      "reportCardUUID" : "61c22e74-b823-4a43-9c3a-9819ed25ca83",
      "displayOrder" : 2.0,
      "voided" : false
    }, {
      "uuid" : "2ec5e4bb-fae6-457f-b542-a91f66e3e023",
      "dashboardSectionUUID" : "4b2f00a3-6097-43d2-b209-b0c474941190",
      "reportCardUUID" : "8f577a91-c613-4cc7-b3ee-8ac2ac6014c8",
      "displayOrder" : 4.0,
      "voided" : false
    }, {
      "uuid" : "45773d83-7945-4e29-821e-930814290421",
      "dashboardSectionUUID" : "4b2f00a3-6097-43d2-b209-b0c474941190",
      "reportCardUUID" : "ffdd3a55-f2d3-43dd-9e14-143bf91c28af",
      "displayOrder" : 1.0,
      "voided" : false
    } ],
    "voided" : false
  } ],
  "filters" : [ ],
  "voided" : true
}, {
  "uuid" : "7062f3c1-559c-438a-a253-29ca16991ca7",
  "id" : 13,
  "name" : "Overall Overview",
  "description" : "",
  "sections" : [ {
    "uuid" : "25f97277-eadb-4ed8-8043-2de818378204",
    "id" : 25,
    "name" : "Average score card",
    "description" : "",
    "viewType" : "List",
    "displayOrder" : 1.0,
    "dashboardUUID" : "7062f3c1-559c-438a-a253-29ca16991ca7",
    "cards" : [ {
      "uuid" : "62ad3a70-7dac-4af7-b2db-4f371e4b9845",
      "id" : 60,
      "name" : "Lesson facilitation",
      "query" : "// Documentation - https://docs.mongodb.com/realm-legacy/docs/javascript/latest/index.html#queries\n'use strict';\n({params, imports}) => {\n    \n    const subjectCountFunction = (params) =>  {\n        return params.db.objects('Individual').filter((individual) => individual.voided === false && individual.subjectType.name === 'Teacher').length;\n    };\n    \n    const calculateSumOfObservationValues = (params, imports) =>  {\n\treturn params.db.objects('Individual')\n            .filter((individual) => individual.voided === false && individual.subjectType.name === 'Teacher')\n            .map((individual) => \n         {\n     const score1 = individual.findLatestObservationFromEncounters('Segment 1 - OVERALL LESSON FACILITATION SCORE');\n     const score2 = individual.findLatestObservationFromEncounters('Segment 2 - OVERALL LESSON FACILITATION SCORE');   \n      if(_.isNil(score1) || _.isNil(score2)) return 0;\n      else return _.mean( [_.toNumber(score1.getReadableValue()) , _.toNumber(score2.getReadableValue())] ) || 0;\n       }\n     ).reduce((total, val) => total + val, 0);\n    };\n    \n    const primaryValue =  (calculateSumOfObservationValues(params, imports)/subjectCountFunction(params)).toFixed(2);\n    return {\n        \n        primaryValue: primaryValue\n    };\n};",
      "description" : "",
      "color" : "#dbae58",
      "displayOrder" : 3.0,
      "iconFileS3Key" : "",
      "voided" : false
    }, {
      "uuid" : "f48db9d6-179e-45fc-a7fb-95e18f6d8342",
      "id" : 64,
      "name" : "Positive behavioural expectations",
      "query" : "// Documentation - https://docs.mongodb.com/realm-legacy/docs/javascript/latest/index.html#queries\n'use strict';\n({params, imports}) => {\n    \n    const subjectCountFunction = (params) =>  {\n        return params.db.objects('Individual').filter((individual) => individual.voided === false && individual.subjectType.name === 'Teacher').length;\n    };\n    \n    const calculateSumOfObservationValues = (params, imports) =>  {\n\treturn params.db.objects('Individual')\n            .filter((individual) => individual.voided === false && individual.subjectType.name === 'Teacher')\n            .map((individual) => \n         {\n    const score1 = individual.findLatestObservationFromEncounters('Segment 1 - OVERALL POSITIVE BEHAVIOURAL EXPECTATIONS SCORE');\n     const score2 = individual.findLatestObservationFromEncounters('Segment 2 - OVERALL POSITIVE BEHAVIOURAL EXPECTATIONS SCORE');   \n      if(_.isNil(score1) || _.isNil(score2)) return 0;\n      else return _.mean( [_.toNumber(score1.getReadableValue()) , _.toNumber(score2.getReadableValue())] ) || 0;\n       }\n     ).reduce((total, val) => total + val, 0);\n    };\n    \n    const primaryValue =  (calculateSumOfObservationValues(params, imports)/subjectCountFunction(params)).toFixed(2);\n    return {\n        \n        primaryValue: primaryValue\n    };\n};",
      "description" : "",
      "color" : "#0091d5",
      "displayOrder" : 2.0,
      "iconFileS3Key" : "",
      "voided" : false
    }, {
      "uuid" : "74cd4789-55b5-481c-90d4-1d7033519454",
      "id" : 65,
      "name" : "Checks for understanding",
      "query" : "// Documentation - https://docs.mongodb.com/realm-legacy/docs/javascript/latest/index.html#queries\n'use strict';\n({params, imports}) => {\n    \n    const subjectCountFunction = (params) =>  {\n        return params.db.objects('Individual').filter((individual) => individual.voided === false && individual.subjectType.name === 'Teacher').length;\n    };\n    \n    const calculateSumOfObservationValues = (params, imports) =>  {\n\treturn params.db.objects('Individual')\n            .filter((individual) => individual.voided === false && individual.subjectType.name === 'Teacher')\n            .map((individual) => \n         {\n     const score1 = individual.findLatestObservationFromEncounters('Segment 1 - OVERALL CHECKS FOR UNDERSTANDING SCORE');\n     const score2 = individual.findLatestObservationFromEncounters('Segment 2 - OVERALL CHECKS FOR UNDERSTANDING SCORE');   \n      if(_.isNil(score1) || _.isNil(score2)) return 0;\n      else return _.mean( [_.toNumber(score1.getReadableValue()) , _.toNumber(score2.getReadableValue())] ) || 0;\n      \n       }\n     ).reduce((total, val) => total + val, 0);\n    };\n    \n    const primaryValue =  (calculateSumOfObservationValues(params, imports)/subjectCountFunction(params)).toFixed(2);\n    return {\n        \n        primaryValue: primaryValue\n    };\n};",
      "description" : "",
      "color" : "#488a99",
      "displayOrder" : 4.0,
      "iconFileS3Key" : "",
      "voided" : false
    }, {
      "uuid" : "e625953c-bc1e-450b-b321-9c235ab54c46",
      "id" : 57,
      "name" : "Feedback",
      "query" : "// Documentation - https://docs.mongodb.com/realm-legacy/docs/javascript/latest/index.html#queries\n'use strict';\n({params, imports}) => {\n    \n    const subjectCountFunction = (params) =>  {\n        return params.db.objects('Individual').filter((individual) => individual.voided === false && individual.subjectType.name === 'Teacher').length;\n    };\n    \n    const calculateSumOfObservationValues = (params, imports) =>  {\n\treturn params.db.objects('Individual')\n            .filter((individual) => individual.voided === false && individual.subjectType.name === 'Teacher')\n            .map((individual) => \n         {\n     const score1 = individual.findLatestObservationFromEncounters('Segment 1 - OVERALL FEEDBACK SCORE');\n     const score2 = individual.findLatestObservationFromEncounters('Segment 2 - OVERALL FEEDBACK SCORE');   \n      if(_.isNil(score1) || _.isNil(score2)) return 0;\n      else return _.mean( [_.toNumber(score1.getReadableValue()) , _.toNumber(score2.getReadableValue())] ) || 0;\n   \n       }\n     ).reduce((total, val) => total + val, 0);\n    };\n    \n    const primaryValue =  (calculateSumOfObservationValues(params, imports)/subjectCountFunction(params)).toFixed(2);\n    return {\n        \n        primaryValue: primaryValue\n    };\n};",
      "description" : "",
      "color" : "#1c4e80",
      "displayOrder" : 5.0,
      "iconFileS3Key" : "",
      "voided" : false
    }, {
      "uuid" : "de890ee6-eba4-45df-9ede-a071e3d336c8",
      "id" : 66,
      "name" : "Perseverance",
      "query" : "// Documentation - https://docs.mongodb.com/realm-legacy/docs/javascript/latest/index.html#queries\n'use strict';\n({params, imports}) => {\n    \n    const subjectCountFunction = (params) =>  {\n        return params.db.objects('Individual').filter((individual) => individual.voided === false && individual.subjectType.name === 'Teacher').length;\n    };\n    \n    const calculateSumOfObservationValues = (params, imports) =>  {\n\treturn params.db.objects('Individual')\n            .filter((individual) => individual.voided === false && individual.subjectType.name === 'Teacher')\n            .map((individual) => \n         {\n     const score1 = individual.findLatestObservationFromEncounters('Segment 1 - OVERALL PERSEVERANCE SCORE');\n     const score2 = individual.findLatestObservationFromEncounters('Segment 2 - OVERALL PERSEVERANCE SCORE');   \n      if(_.isNil(score1) || _.isNil(score2)) return 0;\n      else return _.mean( [_.toNumber(score1.getReadableValue()) , _.toNumber(score2.getReadableValue())] ) || 0;\n    \n       }\n     ).reduce((total, val) => total + val, 0);\n    };\n    \n    const primaryValue =  (calculateSumOfObservationValues(params, imports)/subjectCountFunction(params)).toFixed(2);\n    return {\n        \n        primaryValue: primaryValue\n    };\n};",
      "description" : "",
      "color" : "#e61c5d",
      "displayOrder" : 8.0,
      "iconFileS3Key" : "",
      "voided" : false
    }, {
      "uuid" : "bdde2680-6350-426a-9fb5-aea2eaff746e",
      "id" : 58,
      "name" : "Autonomy",
      "query" : "// Documentation - https://docs.mongodb.com/realm-legacy/docs/javascript/latest/index.html#queries\n'use strict';\n({params, imports}) => {\n    \n    const subjectCountFunction = (params) =>  {\n        return params.db.objects('Individual').filter((individual) => individual.voided === false && individual.subjectType.name === 'Teacher').length;\n    };\n    \n    const calculateSumOfObservationValues = (params, imports) =>  {\n\treturn params.db.objects('Individual')\n            .filter((individual) => individual.voided === false && individual.subjectType.name === 'Teacher')\n            .map((individual) => \n         {\n     const score1 = individual.findLatestObservationFromEncounters('Segment 1 - OVERALL AUTONOMY SCORE');\n     const score2 = individual.findLatestObservationFromEncounters('Segment 2 - OVERALL AUTONOMY SCORE');   \n      if(_.isNil(score1) || _.isNil(score2)) return 0;\n      else return _.mean( [_.toNumber(score1.getReadableValue()) , _.toNumber(score2.getReadableValue())] ) || 0;\n      \n       }\n     ).reduce((total, val) => total + val, 0);\n    };\n    \n    const primaryValue =  (calculateSumOfObservationValues(params, imports)/subjectCountFunction(params)).toFixed(2);\n    return {\n        \n        primaryValue: primaryValue\n    };\n};",
      "description" : "",
      "color" : "#913636",
      "displayOrder" : 7.0,
      "iconFileS3Key" : "",
      "voided" : false
    }, {
      "uuid" : "adaa339a-1077-41c4-a974-2f10afa46b77",
      "id" : 67,
      "name" : "Social and collaborative skills",
      "query" : "// Documentation - https://docs.mongodb.com/realm-legacy/docs/javascript/latest/index.html#queries\n'use strict';\n({params, imports}) => {\n    \n    const subjectCountFunction = (params) =>  {\n        return params.db.objects('Individual').filter((individual) => individual.voided === false && individual.subjectType.name === 'Teacher').length;\n    };\n    \n    const calculateSumOfObservationValues = (params, imports) =>  {\n\treturn params.db.objects('Individual')\n            .filter((individual) => individual.voided === false && individual.subjectType.name === 'Teacher')\n            .map((individual) => \n         {\n      const score1 = individual.findLatestObservationFromEncounters('Segment 1 - OVERALL SOCIAL AND COLLABORATIVE SKILLS SCORE');\n     const score2 = individual.findLatestObservationFromEncounters('Segment 2 - OVERALL SOCIAL AND COLLABORATIVE SKILLS SCORE');   \n      if(_.isNil(score1) || _.isNil(score2)) return 0;\n      else return _.mean( [_.toNumber(score1.getReadableValue()) , _.toNumber(score2.getReadableValue())] ) || 0;\n    \n       }\n     ).reduce((total, val) => total + val, 0);\n    };\n    \n    const primaryValue =  (calculateSumOfObservationValues(params, imports)/subjectCountFunction(params)).toFixed(2);\n    return {\n        \n        primaryValue: primaryValue\n    };\n};",
      "description" : "",
      "color" : "#ffe98a",
      "displayOrder" : 9.0,
      "iconFileS3Key" : "",
      "voided" : false
    }, {
      "uuid" : "205eff89-fd0b-4094-a078-5e2605c4e7b1",
      "id" : 68,
      "name" : "Supportive learning environment",
      "query" : "// Documentation - https://docs.mongodb.com/realm-legacy/docs/javascript/latest/index.html#queries\n'use strict';\n({params, imports}) => {\n    \n    const subjectCountFunction = (params) =>  {\n        return params.db.objects('Individual').filter((individual) => individual.voided === false && individual.subjectType.name === 'Teacher').length;\n    };\n    \n    const calculateSumOfObservationValues = (params, imports) =>  {\n\treturn params.db.objects('Individual')\n            .filter((individual) => individual.voided === false && individual.subjectType.name === 'Teacher')\n            .map((individual) => \n         {\n     const score1 = individual.findLatestObservationFromEncounters('Segment 1 - OVERALL SUPPORTIVE LEARNING ENVIRONMENT SCORE');\n     const score2 = individual.findLatestObservationFromEncounters('Segment 2 - OVERALL SUPPORTIVE LEARNING ENVIRONMENT SCORE');   \n      if(_.isNil(score1) || _.isNil(score2)) return 0;\n      else return _.mean( [_.toNumber(score1.getReadableValue()) , _.toNumber(score2.getReadableValue())] ) || 0;\n      }\n     ).reduce((total, val) => total + val, 0);\n    };\n    \n    const primaryValue =  (calculateSumOfObservationValues(params, imports)/subjectCountFunction(params)).toFixed(2);\n    return {\n        \n        primaryValue: primaryValue\n    };\n};",
      "description" : "",
      "color" : "#cf6679",
      "displayOrder" : 1.0,
      "iconFileS3Key" : "",
      "voided" : false
    }, {
      "uuid" : "1f251acc-d8ac-4fa7-9eac-94ca12611a93",
      "id" : 61,
      "name" : "Critical thinking",
      "query" : "// Documentation - https://docs.mongodb.com/realm-legacy/docs/javascript/latest/index.html#queries\n'use strict';\n({params, imports}) => {\n    \n    const subjectCountFunction = (params) =>  {\n        return params.db.objects('Individual').filter((individual) => individual.voided === false && individual.subjectType.name === 'Teacher').length;\n    };\n    \n    const calculateSumOfObservationValues = (params, imports) =>  {\n\treturn params.db.objects('Individual')\n            .filter((individual) => individual.voided === false && individual.subjectType.name === 'Teacher')\n            .map((individual) => \n         {\n     const score1 = individual.findLatestObservationFromEncounters('Segment 1 - OVERALL CRITICAL THINKING SCORE');\n     const score2 = individual.findLatestObservationFromEncounters('Segment 2 - OVERALL CRITICAL THINKING SCORE');   \n      if(_.isNil(score1) || _.isNil(score2)) return 0;\n      else return _.mean( [_.toNumber(score1.getReadableValue()) , _.toNumber(score2.getReadableValue())] ) || 0;\n       }\n     ).reduce((total, val) => total + val, 0);\n    };\n    \n    const primaryValue =  (calculateSumOfObservationValues(params, imports)/subjectCountFunction(params)).toFixed(2);\n    return {\n        \n        primaryValue: primaryValue\n    };\n};",
      "description" : "",
      "color" : "#44ccbb",
      "displayOrder" : 6.0,
      "iconFileS3Key" : "",
      "voided" : false
    } ],
    "dashboardSectionCardMappings" : [ {
      "uuid" : "5fc1a3a8-308d-4285-8812-9e00ee7ce26b",
      "dashboardSectionUUID" : "25f97277-eadb-4ed8-8043-2de818378204",
      "reportCardUUID" : "62ad3a70-7dac-4af7-b2db-4f371e4b9845",
      "displayOrder" : 3.0,
      "voided" : false
    }, {
      "uuid" : "d9f382b1-6267-47bf-99cb-06e9d27b380b",
      "dashboardSectionUUID" : "25f97277-eadb-4ed8-8043-2de818378204",
      "reportCardUUID" : "f48db9d6-179e-45fc-a7fb-95e18f6d8342",
      "displayOrder" : 2.0,
      "voided" : false
    }, {
      "uuid" : "14ef0877-3915-42a3-bf9c-d97a8caac465",
      "dashboardSectionUUID" : "25f97277-eadb-4ed8-8043-2de818378204",
      "reportCardUUID" : "74cd4789-55b5-481c-90d4-1d7033519454",
      "displayOrder" : 4.0,
      "voided" : false
    }, {
      "uuid" : "f2b92177-5029-4b07-8fd0-c9f33155eede",
      "dashboardSectionUUID" : "25f97277-eadb-4ed8-8043-2de818378204",
      "reportCardUUID" : "e625953c-bc1e-450b-b321-9c235ab54c46",
      "displayOrder" : 5.0,
      "voided" : false
    }, {
      "uuid" : "e8fdcd32-14e4-485f-b435-6a3eac3e69bd",
      "dashboardSectionUUID" : "25f97277-eadb-4ed8-8043-2de818378204",
      "reportCardUUID" : "de890ee6-eba4-45df-9ede-a071e3d336c8",
      "displayOrder" : 8.0,
      "voided" : false
    }, {
      "uuid" : "41d93855-10dd-4fb7-8bab-26c73f808ac1",
      "dashboardSectionUUID" : "25f97277-eadb-4ed8-8043-2de818378204",
      "reportCardUUID" : "bdde2680-6350-426a-9fb5-aea2eaff746e",
      "displayOrder" : 7.0,
      "voided" : false
    }, {
      "uuid" : "448b166a-de41-4360-b90b-85452eff2f09",
      "dashboardSectionUUID" : "25f97277-eadb-4ed8-8043-2de818378204",
      "reportCardUUID" : "adaa339a-1077-41c4-a974-2f10afa46b77",
      "displayOrder" : 9.0,
      "voided" : false
    }, {
      "uuid" : "5ea9ce2d-f925-40d1-8b7a-40c77993ba98",
      "dashboardSectionUUID" : "25f97277-eadb-4ed8-8043-2de818378204",
      "reportCardUUID" : "205eff89-fd0b-4094-a078-5e2605c4e7b1",
      "displayOrder" : 1.0,
      "voided" : false
    }, {
      "uuid" : "19c54b7b-4af3-420f-913f-ecd0092b70a0",
      "dashboardSectionUUID" : "25f97277-eadb-4ed8-8043-2de818378204",
      "reportCardUUID" : "1f251acc-d8ac-4fa7-9eac-94ca12611a93",
      "displayOrder" : 6.0,
      "voided" : false
    } ],
    "voided" : false
  } ],
  "filters" : [ ],
  "voided" : false
}, {
  "uuid" : "f0da83ec-0811-497e-b241-ce3a24885977",
  "id" : 14,
  "name" : "Overview",
  "description" : "",
  "sections" : [ {
    "uuid" : "36a85525-d700-4c8c-a092-dac507a823f0",
    "id" : 26,
    "name" : "Average score card",
    "description" : "",
    "viewType" : "List",
    "displayOrder" : 1.0,
    "dashboardUUID" : "f0da83ec-0811-497e-b241-ce3a24885977",
    "cards" : [ {
      "uuid" : "1f251acc-d8ac-4fa7-9eac-94ca12611a93",
      "id" : 61,
      "name" : "Critical thinking",
      "query" : "// Documentation - https://docs.mongodb.com/realm-legacy/docs/javascript/latest/index.html#queries\n'use strict';\n({params, imports}) => {\n    \n    const subjectCountFunction = (params) =>  {\n        return params.db.objects('Individual').filter((individual) => individual.voided === false && individual.subjectType.name === 'Teacher').length;\n    };\n    \n    const calculateSumOfObservationValues = (params, imports) =>  {\n\treturn params.db.objects('Individual')\n            .filter((individual) => individual.voided === false && individual.subjectType.name === 'Teacher')\n            .map((individual) => \n         {\n     const score1 = individual.findLatestObservationFromEncounters('Segment 1 - OVERALL CRITICAL THINKING SCORE');\n     const score2 = individual.findLatestObservationFromEncounters('Segment 2 - OVERALL CRITICAL THINKING SCORE');   \n      if(_.isNil(score1) || _.isNil(score2)) return 0;\n      else return _.mean( [_.toNumber(score1.getReadableValue()) , _.toNumber(score2.getReadableValue())] ) || 0;\n       }\n     ).reduce((total, val) => total + val, 0);\n    };\n    \n    const primaryValue =  (calculateSumOfObservationValues(params, imports)/subjectCountFunction(params)).toFixed(2);\n    return {\n        \n        primaryValue: primaryValue\n    };\n};",
      "description" : "",
      "color" : "#44ccbb",
      "displayOrder" : 6.0,
      "iconFileS3Key" : "",
      "voided" : false
    }, {
      "uuid" : "e625953c-bc1e-450b-b321-9c235ab54c46",
      "id" : 57,
      "name" : "Feedback",
      "query" : "// Documentation - https://docs.mongodb.com/realm-legacy/docs/javascript/latest/index.html#queries\n'use strict';\n({params, imports}) => {\n    \n    const subjectCountFunction = (params) =>  {\n        return params.db.objects('Individual').filter((individual) => individual.voided === false && individual.subjectType.name === 'Teacher').length;\n    };\n    \n    const calculateSumOfObservationValues = (params, imports) =>  {\n\treturn params.db.objects('Individual')\n            .filter((individual) => individual.voided === false && individual.subjectType.name === 'Teacher')\n            .map((individual) => \n         {\n     const score1 = individual.findLatestObservationFromEncounters('Segment 1 - OVERALL FEEDBACK SCORE');\n     const score2 = individual.findLatestObservationFromEncounters('Segment 2 - OVERALL FEEDBACK SCORE');   \n      if(_.isNil(score1) || _.isNil(score2)) return 0;\n      else return _.mean( [_.toNumber(score1.getReadableValue()) , _.toNumber(score2.getReadableValue())] ) || 0;\n   \n       }\n     ).reduce((total, val) => total + val, 0);\n    };\n    \n    const primaryValue =  (calculateSumOfObservationValues(params, imports)/subjectCountFunction(params)).toFixed(2);\n    return {\n        \n        primaryValue: primaryValue\n    };\n};",
      "description" : "",
      "color" : "#1c4e80",
      "displayOrder" : 5.0,
      "iconFileS3Key" : "",
      "voided" : false
    }, {
      "uuid" : "f48db9d6-179e-45fc-a7fb-95e18f6d8342",
      "id" : 64,
      "name" : "Positive behavioural expectations",
      "query" : "// Documentation - https://docs.mongodb.com/realm-legacy/docs/javascript/latest/index.html#queries\n'use strict';\n({params, imports}) => {\n    \n    const subjectCountFunction = (params) =>  {\n        return params.db.objects('Individual').filter((individual) => individual.voided === false && individual.subjectType.name === 'Teacher').length;\n    };\n    \n    const calculateSumOfObservationValues = (params, imports) =>  {\n\treturn params.db.objects('Individual')\n            .filter((individual) => individual.voided === false && individual.subjectType.name === 'Teacher')\n            .map((individual) => \n         {\n    const score1 = individual.findLatestObservationFromEncounters('Segment 1 - OVERALL POSITIVE BEHAVIOURAL EXPECTATIONS SCORE');\n     const score2 = individual.findLatestObservationFromEncounters('Segment 2 - OVERALL POSITIVE BEHAVIOURAL EXPECTATIONS SCORE');   \n      if(_.isNil(score1) || _.isNil(score2)) return 0;\n      else return _.mean( [_.toNumber(score1.getReadableValue()) , _.toNumber(score2.getReadableValue())] ) || 0;\n       }\n     ).reduce((total, val) => total + val, 0);\n    };\n    \n    const primaryValue =  (calculateSumOfObservationValues(params, imports)/subjectCountFunction(params)).toFixed(2);\n    return {\n        \n        primaryValue: primaryValue\n    };\n};",
      "description" : "",
      "color" : "#0091d5",
      "displayOrder" : 2.0,
      "iconFileS3Key" : "",
      "voided" : false
    }, {
      "uuid" : "adaa339a-1077-41c4-a974-2f10afa46b77",
      "id" : 67,
      "name" : "Social and collaborative skills",
      "query" : "// Documentation - https://docs.mongodb.com/realm-legacy/docs/javascript/latest/index.html#queries\n'use strict';\n({params, imports}) => {\n    \n    const subjectCountFunction = (params) =>  {\n        return params.db.objects('Individual').filter((individual) => individual.voided === false && individual.subjectType.name === 'Teacher').length;\n    };\n    \n    const calculateSumOfObservationValues = (params, imports) =>  {\n\treturn params.db.objects('Individual')\n            .filter((individual) => individual.voided === false && individual.subjectType.name === 'Teacher')\n            .map((individual) => \n         {\n      const score1 = individual.findLatestObservationFromEncounters('Segment 1 - OVERALL SOCIAL AND COLLABORATIVE SKILLS SCORE');\n     const score2 = individual.findLatestObservationFromEncounters('Segment 2 - OVERALL SOCIAL AND COLLABORATIVE SKILLS SCORE');   \n      if(_.isNil(score1) || _.isNil(score2)) return 0;\n      else return _.mean( [_.toNumber(score1.getReadableValue()) , _.toNumber(score2.getReadableValue())] ) || 0;\n    \n       }\n     ).reduce((total, val) => total + val, 0);\n    };\n    \n    const primaryValue =  (calculateSumOfObservationValues(params, imports)/subjectCountFunction(params)).toFixed(2);\n    return {\n        \n        primaryValue: primaryValue\n    };\n};",
      "description" : "",
      "color" : "#ffe98a",
      "displayOrder" : 9.0,
      "iconFileS3Key" : "",
      "voided" : false
    }, {
      "uuid" : "de890ee6-eba4-45df-9ede-a071e3d336c8",
      "id" : 66,
      "name" : "Perseverance",
      "query" : "// Documentation - https://docs.mongodb.com/realm-legacy/docs/javascript/latest/index.html#queries\n'use strict';\n({params, imports}) => {\n    \n    const subjectCountFunction = (params) =>  {\n        return params.db.objects('Individual').filter((individual) => individual.voided === false && individual.subjectType.name === 'Teacher').length;\n    };\n    \n    const calculateSumOfObservationValues = (params, imports) =>  {\n\treturn params.db.objects('Individual')\n            .filter((individual) => individual.voided === false && individual.subjectType.name === 'Teacher')\n            .map((individual) => \n         {\n     const score1 = individual.findLatestObservationFromEncounters('Segment 1 - OVERALL PERSEVERANCE SCORE');\n     const score2 = individual.findLatestObservationFromEncounters('Segment 2 - OVERALL PERSEVERANCE SCORE');   \n      if(_.isNil(score1) || _.isNil(score2)) return 0;\n      else return _.mean( [_.toNumber(score1.getReadableValue()) , _.toNumber(score2.getReadableValue())] ) || 0;\n    \n       }\n     ).reduce((total, val) => total + val, 0);\n    };\n    \n    const primaryValue =  (calculateSumOfObservationValues(params, imports)/subjectCountFunction(params)).toFixed(2);\n    return {\n        \n        primaryValue: primaryValue\n    };\n};",
      "description" : "",
      "color" : "#e61c5d",
      "displayOrder" : 8.0,
      "iconFileS3Key" : "",
      "voided" : false
    }, {
      "uuid" : "f48db9d6-179e-45fc-a7fb-95e18f6d8342",
      "id" : 64,
      "name" : "Positive behavioural expectations",
      "query" : "// Documentation - https://docs.mongodb.com/realm-legacy/docs/javascript/latest/index.html#queries\n'use strict';\n({params, imports}) => {\n    \n    const subjectCountFunction = (params) =>  {\n        return params.db.objects('Individual').filter((individual) => individual.voided === false && individual.subjectType.name === 'Teacher').length;\n    };\n    \n    const calculateSumOfObservationValues = (params, imports) =>  {\n\treturn params.db.objects('Individual')\n            .filter((individual) => individual.voided === false && individual.subjectType.name === 'Teacher')\n            .map((individual) => \n         {\n    const score1 = individual.findLatestObservationFromEncounters('Segment 1 - OVERALL POSITIVE BEHAVIOURAL EXPECTATIONS SCORE');\n     const score2 = individual.findLatestObservationFromEncounters('Segment 2 - OVERALL POSITIVE BEHAVIOURAL EXPECTATIONS SCORE');   \n      if(_.isNil(score1) || _.isNil(score2)) return 0;\n      else return _.mean( [_.toNumber(score1.getReadableValue()) , _.toNumber(score2.getReadableValue())] ) || 0;\n       }\n     ).reduce((total, val) => total + val, 0);\n    };\n    \n    const primaryValue =  (calculateSumOfObservationValues(params, imports)/subjectCountFunction(params)).toFixed(2);\n    return {\n        \n        primaryValue: primaryValue\n    };\n};",
      "description" : "",
      "color" : "#0091d5",
      "displayOrder" : 2.0,
      "iconFileS3Key" : "",
      "voided" : false
    }, {
      "uuid" : "bdde2680-6350-426a-9fb5-aea2eaff746e",
      "id" : 58,
      "name" : "Autonomy",
      "query" : "// Documentation - https://docs.mongodb.com/realm-legacy/docs/javascript/latest/index.html#queries\n'use strict';\n({params, imports}) => {\n    \n    const subjectCountFunction = (params) =>  {\n        return params.db.objects('Individual').filter((individual) => individual.voided === false && individual.subjectType.name === 'Teacher').length;\n    };\n    \n    const calculateSumOfObservationValues = (params, imports) =>  {\n\treturn params.db.objects('Individual')\n            .filter((individual) => individual.voided === false && individual.subjectType.name === 'Teacher')\n            .map((individual) => \n         {\n     const score1 = individual.findLatestObservationFromEncounters('Segment 1 - OVERALL AUTONOMY SCORE');\n     const score2 = individual.findLatestObservationFromEncounters('Segment 2 - OVERALL AUTONOMY SCORE');   \n      if(_.isNil(score1) || _.isNil(score2)) return 0;\n      else return _.mean( [_.toNumber(score1.getReadableValue()) , _.toNumber(score2.getReadableValue())] ) || 0;\n      \n       }\n     ).reduce((total, val) => total + val, 0);\n    };\n    \n    const primaryValue =  (calculateSumOfObservationValues(params, imports)/subjectCountFunction(params)).toFixed(2);\n    return {\n        \n        primaryValue: primaryValue\n    };\n};",
      "description" : "",
      "color" : "#913636",
      "displayOrder" : 7.0,
      "iconFileS3Key" : "",
      "voided" : false
    }, {
      "uuid" : "1f251acc-d8ac-4fa7-9eac-94ca12611a93",
      "id" : 61,
      "name" : "Critical thinking",
      "query" : "// Documentation - https://docs.mongodb.com/realm-legacy/docs/javascript/latest/index.html#queries\n'use strict';\n({params, imports}) => {\n    \n    const subjectCountFunction = (params) =>  {\n        return params.db.objects('Individual').filter((individual) => individual.voided === false && individual.subjectType.name === 'Teacher').length;\n    };\n    \n    const calculateSumOfObservationValues = (params, imports) =>  {\n\treturn params.db.objects('Individual')\n            .filter((individual) => individual.voided === false && individual.subjectType.name === 'Teacher')\n            .map((individual) => \n         {\n     const score1 = individual.findLatestObservationFromEncounters('Segment 1 - OVERALL CRITICAL THINKING SCORE');\n     const score2 = individual.findLatestObservationFromEncounters('Segment 2 - OVERALL CRITICAL THINKING SCORE');   \n      if(_.isNil(score1) || _.isNil(score2)) return 0;\n      else return _.mean( [_.toNumber(score1.getReadableValue()) , _.toNumber(score2.getReadableValue())] ) || 0;\n       }\n     ).reduce((total, val) => total + val, 0);\n    };\n    \n    const primaryValue =  (calculateSumOfObservationValues(params, imports)/subjectCountFunction(params)).toFixed(2);\n    return {\n        \n        primaryValue: primaryValue\n    };\n};",
      "description" : "",
      "color" : "#44ccbb",
      "displayOrder" : 6.0,
      "iconFileS3Key" : "",
      "voided" : false
    }, {
      "uuid" : "74cd4789-55b5-481c-90d4-1d7033519454",
      "id" : 65,
      "name" : "Checks for understanding",
      "query" : "// Documentation - https://docs.mongodb.com/realm-legacy/docs/javascript/latest/index.html#queries\n'use strict';\n({params, imports}) => {\n    \n    const subjectCountFunction = (params) =>  {\n        return params.db.objects('Individual').filter((individual) => individual.voided === false && individual.subjectType.name === 'Teacher').length;\n    };\n    \n    const calculateSumOfObservationValues = (params, imports) =>  {\n\treturn params.db.objects('Individual')\n            .filter((individual) => individual.voided === false && individual.subjectType.name === 'Teacher')\n            .map((individual) => \n         {\n     const score1 = individual.findLatestObservationFromEncounters('Segment 1 - OVERALL CHECKS FOR UNDERSTANDING SCORE');\n     const score2 = individual.findLatestObservationFromEncounters('Segment 2 - OVERALL CHECKS FOR UNDERSTANDING SCORE');   \n      if(_.isNil(score1) || _.isNil(score2)) return 0;\n      else return _.mean( [_.toNumber(score1.getReadableValue()) , _.toNumber(score2.getReadableValue())] ) || 0;\n      \n       }\n     ).reduce((total, val) => total + val, 0);\n    };\n    \n    const primaryValue =  (calculateSumOfObservationValues(params, imports)/subjectCountFunction(params)).toFixed(2);\n    return {\n        \n        primaryValue: primaryValue\n    };\n};",
      "description" : "",
      "color" : "#488a99",
      "displayOrder" : 4.0,
      "iconFileS3Key" : "",
      "voided" : false
    }, {
      "uuid" : "62ad3a70-7dac-4af7-b2db-4f371e4b9845",
      "id" : 60,
      "name" : "Lesson facilitation",
      "query" : "// Documentation - https://docs.mongodb.com/realm-legacy/docs/javascript/latest/index.html#queries\n'use strict';\n({params, imports}) => {\n    \n    const subjectCountFunction = (params) =>  {\n        return params.db.objects('Individual').filter((individual) => individual.voided === false && individual.subjectType.name === 'Teacher').length;\n    };\n    \n    const calculateSumOfObservationValues = (params, imports) =>  {\n\treturn params.db.objects('Individual')\n            .filter((individual) => individual.voided === false && individual.subjectType.name === 'Teacher')\n            .map((individual) => \n         {\n     const score1 = individual.findLatestObservationFromEncounters('Segment 1 - OVERALL LESSON FACILITATION SCORE');\n     const score2 = individual.findLatestObservationFromEncounters('Segment 2 - OVERALL LESSON FACILITATION SCORE');   \n      if(_.isNil(score1) || _.isNil(score2)) return 0;\n      else return _.mean( [_.toNumber(score1.getReadableValue()) , _.toNumber(score2.getReadableValue())] ) || 0;\n       }\n     ).reduce((total, val) => total + val, 0);\n    };\n    \n    const primaryValue =  (calculateSumOfObservationValues(params, imports)/subjectCountFunction(params)).toFixed(2);\n    return {\n        \n        primaryValue: primaryValue\n    };\n};",
      "description" : "",
      "color" : "#dbae58",
      "displayOrder" : 3.0,
      "iconFileS3Key" : "",
      "voided" : false
    }, {
      "uuid" : "e625953c-bc1e-450b-b321-9c235ab54c46",
      "id" : 57,
      "name" : "Feedback",
      "query" : "// Documentation - https://docs.mongodb.com/realm-legacy/docs/javascript/latest/index.html#queries\n'use strict';\n({params, imports}) => {\n    \n    const subjectCountFunction = (params) =>  {\n        return params.db.objects('Individual').filter((individual) => individual.voided === false && individual.subjectType.name === 'Teacher').length;\n    };\n    \n    const calculateSumOfObservationValues = (params, imports) =>  {\n\treturn params.db.objects('Individual')\n            .filter((individual) => individual.voided === false && individual.subjectType.name === 'Teacher')\n            .map((individual) => \n         {\n     const score1 = individual.findLatestObservationFromEncounters('Segment 1 - OVERALL FEEDBACK SCORE');\n     const score2 = individual.findLatestObservationFromEncounters('Segment 2 - OVERALL FEEDBACK SCORE');   \n      if(_.isNil(score1) || _.isNil(score2)) return 0;\n      else return _.mean( [_.toNumber(score1.getReadableValue()) , _.toNumber(score2.getReadableValue())] ) || 0;\n   \n       }\n     ).reduce((total, val) => total + val, 0);\n    };\n    \n    const primaryValue =  (calculateSumOfObservationValues(params, imports)/subjectCountFunction(params)).toFixed(2);\n    return {\n        \n        primaryValue: primaryValue\n    };\n};",
      "description" : "",
      "color" : "#1c4e80",
      "displayOrder" : 5.0,
      "iconFileS3Key" : "",
      "voided" : false
    }, {
      "uuid" : "de890ee6-eba4-45df-9ede-a071e3d336c8",
      "id" : 66,
      "name" : "Perseverance",
      "query" : "// Documentation - https://docs.mongodb.com/realm-legacy/docs/javascript/latest/index.html#queries\n'use strict';\n({params, imports}) => {\n    \n    const subjectCountFunction = (params) =>  {\n        return params.db.objects('Individual').filter((individual) => individual.voided === false && individual.subjectType.name === 'Teacher').length;\n    };\n    \n    const calculateSumOfObservationValues = (params, imports) =>  {\n\treturn params.db.objects('Individual')\n            .filter((individual) => individual.voided === false && individual.subjectType.name === 'Teacher')\n            .map((individual) => \n         {\n     const score1 = individual.findLatestObservationFromEncounters('Segment 1 - OVERALL PERSEVERANCE SCORE');\n     const score2 = individual.findLatestObservationFromEncounters('Segment 2 - OVERALL PERSEVERANCE SCORE');   \n      if(_.isNil(score1) || _.isNil(score2)) return 0;\n      else return _.mean( [_.toNumber(score1.getReadableValue()) , _.toNumber(score2.getReadableValue())] ) || 0;\n    \n       }\n     ).reduce((total, val) => total + val, 0);\n    };\n    \n    const primaryValue =  (calculateSumOfObservationValues(params, imports)/subjectCountFunction(params)).toFixed(2);\n    return {\n        \n        primaryValue: primaryValue\n    };\n};",
      "description" : "",
      "color" : "#e61c5d",
      "displayOrder" : 8.0,
      "iconFileS3Key" : "",
      "voided" : false
    }, {
      "uuid" : "adaa339a-1077-41c4-a974-2f10afa46b77",
      "id" : 67,
      "name" : "Social and collaborative skills",
      "query" : "// Documentation - https://docs.mongodb.com/realm-legacy/docs/javascript/latest/index.html#queries\n'use strict';\n({params, imports}) => {\n    \n    const subjectCountFunction = (params) =>  {\n        return params.db.objects('Individual').filter((individual) => individual.voided === false && individual.subjectType.name === 'Teacher').length;\n    };\n    \n    const calculateSumOfObservationValues = (params, imports) =>  {\n\treturn params.db.objects('Individual')\n            .filter((individual) => individual.voided === false && individual.subjectType.name === 'Teacher')\n            .map((individual) => \n         {\n      const score1 = individual.findLatestObservationFromEncounters('Segment 1 - OVERALL SOCIAL AND COLLABORATIVE SKILLS SCORE');\n     const score2 = individual.findLatestObservationFromEncounters('Segment 2 - OVERALL SOCIAL AND COLLABORATIVE SKILLS SCORE');   \n      if(_.isNil(score1) || _.isNil(score2)) return 0;\n      else return _.mean( [_.toNumber(score1.getReadableValue()) , _.toNumber(score2.getReadableValue())] ) || 0;\n    \n       }\n     ).reduce((total, val) => total + val, 0);\n    };\n    \n    const primaryValue =  (calculateSumOfObservationValues(params, imports)/subjectCountFunction(params)).toFixed(2);\n    return {\n        \n        primaryValue: primaryValue\n    };\n};",
      "description" : "",
      "color" : "#ffe98a",
      "displayOrder" : 9.0,
      "iconFileS3Key" : "",
      "voided" : false
    }, {
      "uuid" : "74cd4789-55b5-481c-90d4-1d7033519454",
      "id" : 65,
      "name" : "Checks for understanding",
      "query" : "// Documentation - https://docs.mongodb.com/realm-legacy/docs/javascript/latest/index.html#queries\n'use strict';\n({params, imports}) => {\n    \n    const subjectCountFunction = (params) =>  {\n        return params.db.objects('Individual').filter((individual) => individual.voided === false && individual.subjectType.name === 'Teacher').length;\n    };\n    \n    const calculateSumOfObservationValues = (params, imports) =>  {\n\treturn params.db.objects('Individual')\n            .filter((individual) => individual.voided === false && individual.subjectType.name === 'Teacher')\n            .map((individual) => \n         {\n     const score1 = individual.findLatestObservationFromEncounters('Segment 1 - OVERALL CHECKS FOR UNDERSTANDING SCORE');\n     const score2 = individual.findLatestObservationFromEncounters('Segment 2 - OVERALL CHECKS FOR UNDERSTANDING SCORE');   \n      if(_.isNil(score1) || _.isNil(score2)) return 0;\n      else return _.mean( [_.toNumber(score1.getReadableValue()) , _.toNumber(score2.getReadableValue())] ) || 0;\n      \n       }\n     ).reduce((total, val) => total + val, 0);\n    };\n    \n    const primaryValue =  (calculateSumOfObservationValues(params, imports)/subjectCountFunction(params)).toFixed(2);\n    return {\n        \n        primaryValue: primaryValue\n    };\n};",
      "description" : "",
      "color" : "#488a99",
      "displayOrder" : 4.0,
      "iconFileS3Key" : "",
      "voided" : false
    }, {
      "uuid" : "205eff89-fd0b-4094-a078-5e2605c4e7b1",
      "id" : 68,
      "name" : "Supportive learning environment",
      "query" : "// Documentation - https://docs.mongodb.com/realm-legacy/docs/javascript/latest/index.html#queries\n'use strict';\n({params, imports}) => {\n    \n    const subjectCountFunction = (params) =>  {\n        return params.db.objects('Individual').filter((individual) => individual.voided === false && individual.subjectType.name === 'Teacher').length;\n    };\n    \n    const calculateSumOfObservationValues = (params, imports) =>  {\n\treturn params.db.objects('Individual')\n            .filter((individual) => individual.voided === false && individual.subjectType.name === 'Teacher')\n            .map((individual) => \n         {\n     const score1 = individual.findLatestObservationFromEncounters('Segment 1 - OVERALL SUPPORTIVE LEARNING ENVIRONMENT SCORE');\n     const score2 = individual.findLatestObservationFromEncounters('Segment 2 - OVERALL SUPPORTIVE LEARNING ENVIRONMENT SCORE');   \n      if(_.isNil(score1) || _.isNil(score2)) return 0;\n      else return _.mean( [_.toNumber(score1.getReadableValue()) , _.toNumber(score2.getReadableValue())] ) || 0;\n      }\n     ).reduce((total, val) => total + val, 0);\n    };\n    \n    const primaryValue =  (calculateSumOfObservationValues(params, imports)/subjectCountFunction(params)).toFixed(2);\n    return {\n        \n        primaryValue: primaryValue\n    };\n};",
      "description" : "",
      "color" : "#cf6679",
      "displayOrder" : 1.0,
      "iconFileS3Key" : "",
      "voided" : false
    }, {
      "uuid" : "bdde2680-6350-426a-9fb5-aea2eaff746e",
      "id" : 58,
      "name" : "Autonomy",
      "query" : "// Documentation - https://docs.mongodb.com/realm-legacy/docs/javascript/latest/index.html#queries\n'use strict';\n({params, imports}) => {\n    \n    const subjectCountFunction = (params) =>  {\n        return params.db.objects('Individual').filter((individual) => individual.voided === false && individual.subjectType.name === 'Teacher').length;\n    };\n    \n    const calculateSumOfObservationValues = (params, imports) =>  {\n\treturn params.db.objects('Individual')\n            .filter((individual) => individual.voided === false && individual.subjectType.name === 'Teacher')\n            .map((individual) => \n         {\n     const score1 = individual.findLatestObservationFromEncounters('Segment 1 - OVERALL AUTONOMY SCORE');\n     const score2 = individual.findLatestObservationFromEncounters('Segment 2 - OVERALL AUTONOMY SCORE');   \n      if(_.isNil(score1) || _.isNil(score2)) return 0;\n      else return _.mean( [_.toNumber(score1.getReadableValue()) , _.toNumber(score2.getReadableValue())] ) || 0;\n      \n       }\n     ).reduce((total, val) => total + val, 0);\n    };\n    \n    const primaryValue =  (calculateSumOfObservationValues(params, imports)/subjectCountFunction(params)).toFixed(2);\n    return {\n        \n        primaryValue: primaryValue\n    };\n};",
      "description" : "",
      "color" : "#913636",
      "displayOrder" : 7.0,
      "iconFileS3Key" : "",
      "voided" : false
    }, {
      "uuid" : "62ad3a70-7dac-4af7-b2db-4f371e4b9845",
      "id" : 60,
      "name" : "Lesson facilitation",
      "query" : "// Documentation - https://docs.mongodb.com/realm-legacy/docs/javascript/latest/index.html#queries\n'use strict';\n({params, imports}) => {\n    \n    const subjectCountFunction = (params) =>  {\n        return params.db.objects('Individual').filter((individual) => individual.voided === false && individual.subjectType.name === 'Teacher').length;\n    };\n    \n    const calculateSumOfObservationValues = (params, imports) =>  {\n\treturn params.db.objects('Individual')\n            .filter((individual) => individual.voided === false && individual.subjectType.name === 'Teacher')\n            .map((individual) => \n         {\n     const score1 = individual.findLatestObservationFromEncounters('Segment 1 - OVERALL LESSON FACILITATION SCORE');\n     const score2 = individual.findLatestObservationFromEncounters('Segment 2 - OVERALL LESSON FACILITATION SCORE');   \n      if(_.isNil(score1) || _.isNil(score2)) return 0;\n      else return _.mean( [_.toNumber(score1.getReadableValue()) , _.toNumber(score2.getReadableValue())] ) || 0;\n       }\n     ).reduce((total, val) => total + val, 0);\n    };\n    \n    const primaryValue =  (calculateSumOfObservationValues(params, imports)/subjectCountFunction(params)).toFixed(2);\n    return {\n        \n        primaryValue: primaryValue\n    };\n};",
      "description" : "",
      "color" : "#dbae58",
      "displayOrder" : 3.0,
      "iconFileS3Key" : "",
      "voided" : false
    } ],
    "dashboardSectionCardMappings" : [ {
      "uuid" : "930aaef1-89fc-44b1-b9e0-72de8dc365f5",
      "dashboardSectionUUID" : "36a85525-d700-4c8c-a092-dac507a823f0",
      "reportCardUUID" : "1f251acc-d8ac-4fa7-9eac-94ca12611a93",
      "displayOrder" : 6.0,
      "voided" : false
    }, {
      "uuid" : "af1de705-0825-40fb-b36e-b289b20fb858",
      "dashboardSectionUUID" : "36a85525-d700-4c8c-a092-dac507a823f0",
      "reportCardUUID" : "e625953c-bc1e-450b-b321-9c235ab54c46",
      "displayOrder" : 5.0,
      "voided" : false
    }, {
      "uuid" : "7d15e7c5-e6f8-4358-b0c6-8ad3146b5588",
      "dashboardSectionUUID" : "36a85525-d700-4c8c-a092-dac507a823f0",
      "reportCardUUID" : "f48db9d6-179e-45fc-a7fb-95e18f6d8342",
      "displayOrder" : 2.0,
      "voided" : false
    }, {
      "uuid" : "da128038-4d03-4096-aa1b-2d387ccd3108",
      "dashboardSectionUUID" : "36a85525-d700-4c8c-a092-dac507a823f0",
      "reportCardUUID" : "adaa339a-1077-41c4-a974-2f10afa46b77",
      "displayOrder" : 9.0,
      "voided" : false
    }, {
      "uuid" : "28c0b2eb-0262-43f1-91a9-fc1e7d178255",
      "dashboardSectionUUID" : "36a85525-d700-4c8c-a092-dac507a823f0",
      "reportCardUUID" : "de890ee6-eba4-45df-9ede-a071e3d336c8",
      "displayOrder" : 8.0,
      "voided" : false
    }, {
      "uuid" : "0819dcd4-fddd-4125-8b2f-e38067244f23",
      "dashboardSectionUUID" : "36a85525-d700-4c8c-a092-dac507a823f0",
      "reportCardUUID" : "f48db9d6-179e-45fc-a7fb-95e18f6d8342",
      "displayOrder" : 2.0,
      "voided" : false
    }, {
      "uuid" : "3f01422e-c19e-4ddd-affe-b6e2b011516f",
      "dashboardSectionUUID" : "36a85525-d700-4c8c-a092-dac507a823f0",
      "reportCardUUID" : "bdde2680-6350-426a-9fb5-aea2eaff746e",
      "displayOrder" : 7.0,
      "voided" : false
    }, {
      "uuid" : "05393c64-205d-4772-909d-b22cc3eca4ff",
      "dashboardSectionUUID" : "36a85525-d700-4c8c-a092-dac507a823f0",
      "reportCardUUID" : "1f251acc-d8ac-4fa7-9eac-94ca12611a93",
      "displayOrder" : 6.0,
      "voided" : false
    }, {
      "uuid" : "2f3e0c2c-193b-4d78-b45c-eab0696a3dfd",
      "dashboardSectionUUID" : "36a85525-d700-4c8c-a092-dac507a823f0",
      "reportCardUUID" : "74cd4789-55b5-481c-90d4-1d7033519454",
      "displayOrder" : 4.0,
      "voided" : false
    }, {
      "uuid" : "db6880a5-b233-488f-818c-102a694a39cf",
      "dashboardSectionUUID" : "36a85525-d700-4c8c-a092-dac507a823f0",
      "reportCardUUID" : "62ad3a70-7dac-4af7-b2db-4f371e4b9845",
      "displayOrder" : 3.0,
      "voided" : false
    }, {
      "uuid" : "ecd8bf60-7723-4ccd-b07d-5e8c817e96db",
      "dashboardSectionUUID" : "36a85525-d700-4c8c-a092-dac507a823f0",
      "reportCardUUID" : "e625953c-bc1e-450b-b321-9c235ab54c46",
      "displayOrder" : 5.0,
      "voided" : false
    }, {
      "uuid" : "852d3b74-343c-4075-b8b8-ddbbbe50d20a",
      "dashboardSectionUUID" : "36a85525-d700-4c8c-a092-dac507a823f0",
      "reportCardUUID" : "de890ee6-eba4-45df-9ede-a071e3d336c8",
      "displayOrder" : 8.0,
      "voided" : false
    }, {
      "uuid" : "8d76fc02-756d-4f9e-9d5c-fe299e2a0902",
      "dashboardSectionUUID" : "36a85525-d700-4c8c-a092-dac507a823f0",
      "reportCardUUID" : "adaa339a-1077-41c4-a974-2f10afa46b77",
      "displayOrder" : 9.0,
      "voided" : false
    }, {
      "uuid" : "ff359e10-801d-4baf-9adf-c0003a3673fc",
      "dashboardSectionUUID" : "36a85525-d700-4c8c-a092-dac507a823f0",
      "reportCardUUID" : "74cd4789-55b5-481c-90d4-1d7033519454",
      "displayOrder" : 4.0,
      "voided" : false
    }, {
      "uuid" : "dd79d4cc-70cc-49bd-b172-2dd34189c069",
      "dashboardSectionUUID" : "36a85525-d700-4c8c-a092-dac507a823f0",
      "reportCardUUID" : "205eff89-fd0b-4094-a078-5e2605c4e7b1",
      "displayOrder" : 1.0,
      "voided" : false
    }, {
      "uuid" : "0e9ac4df-3335-4ecf-82a0-201f9a3dbf3c",
      "dashboardSectionUUID" : "36a85525-d700-4c8c-a092-dac507a823f0",
      "reportCardUUID" : "bdde2680-6350-426a-9fb5-aea2eaff746e",
      "displayOrder" : 7.0,
      "voided" : false
    }, {
      "uuid" : "6bbd076a-2dc1-4a4f-b844-4b2d4322ff61",
      "dashboardSectionUUID" : "36a85525-d700-4c8c-a092-dac507a823f0",
      "reportCardUUID" : "62ad3a70-7dac-4af7-b2db-4f371e4b9845",
      "displayOrder" : 3.0,
      "voided" : false
    } ],
    "voided" : false
  } ],
  "filters" : [ ],
  "voided" : true
}, {
  "uuid" : "4703be83-9c5e-4916-9769-6e6a6e98047d",
  "id" : 15,
  "name" : "test",
  "description" : "",
  "sections" : [ {
    "uuid" : "e424a947-7d8b-45db-a549-ef8f1d6c4b4e",
    "id" : 27,
    "name" : "All Statistics",
    "description" : "Total statistics ",
    "viewType" : "Tile",
    "displayOrder" : 1.0,
    "dashboardUUID" : "4703be83-9c5e-4916-9769-6e6a6e98047d",
    "cards" : [ {
      "uuid" : "74ad39e8-661b-40a9-a0b2-118ef0836cb6",
      "id" : 47,
      "name" : "All Teachers",
      "query" : "// Documentation - https://docs.mongodb.com/realm-legacy/docs/javascript/latest/index.html#queries\n'use strict';\n({params, imports}) => {\n    const individual = params.db.objects('Individual');\n    \n    //  console.log('------>',individual[0].lowestAddressLevel)\n     return params.db.objects('Individual')\n            .filter((individual) => individual.voided === false && individual.subjectType.name === 'Teacher')\n            .sort((a,b) => {\n            let schoolA = a.lowestAddressLevel.name;\n            let schoolB = b.lowestAddressLevel.name;\n            \n            if (schoolA < schoolB) return -1;\n            if (schoolA > schoolB) return 1;\n            \n            return 0;\n            \n            })\n};",
      "description" : "",
      "color" : "#ffdb58",
      "displayOrder" : 1.0,
      "iconFileS3Key" : "",
      "voided" : false
    }, {
      "uuid" : "e6813892-e824-41ca-b7b9-fd52905409f6",
      "id" : 52,
      "name" : "Total teacher observed",
      "query" : "// Documentation - https://docs.mongodb.com/realm-legacy/docs/javascript/latest/index.html#queries\n'use strict';\n({params, imports}) => {\n    const lineListFunction = function () {\n        return params.db.objects('Individual')\n            .filter((individual) => individual.voided === false && individual.subjectType.name === 'Teacher')\n            .filter((individual) => individual.getEncounters(true).filter((enc) => enc.voided == false && enc.encounterDateTime != null).length > 0)\n            .sort((a,b) => {\n            let schoolA = a.lowestAddressLevel.name;\n            let schoolB = b.lowestAddressLevel.name;\n            \n            if (schoolA < schoolB) return -1;\n            if (schoolA > schoolB) return 1;\n            \n            return 0;\n            \n            });\n    };\n    const calculateSumOfObservationValues = (params, imports) => {\n\n        return params.db.objects('Individual')\n            .filter((individual) => individual.voided === false && individual.subjectType.name === 'Teacher')\n            .filter((individual) => individual.getEncounters(true).filter((enc) => enc.voided == false && enc.encounterDateTime != null).length > 0).length;\n    };\n    return {\n        primaryValue: calculateSumOfObservationValues(params, imports),\n        lineListFunction\n    };\n};",
      "description" : "",
      "color" : "#8d2f96",
      "displayOrder" : 3.0,
      "iconFileS3Key" : "",
      "voided" : false
    }, {
      "uuid" : "9104ce58-31fe-495c-b821-d05d45300e28",
      "id" : 62,
      "name" : "Total observation completed",
      "query" : "'use strict';\n({params, imports}) => {\n\n    const lineListFunction = () => {\n\n        return params.db.objects('Individual')\n            .filter((individual) => individual.voided === false && individual.subjectType.name === 'Teacher')\n            .filter((individual) => individual.getEncounters(true).filter((enc) => enc.voided==false && enc.encounterDateTime !=null).length > 0)\n            .sort((a,b) => {\n            let schoolA = a.lowestAddressLevel.name;\n            let schoolB = b.lowestAddressLevel.name;\n            \n            if (schoolA < schoolB) return -1;\n            if (schoolA > schoolB) return 1;\n            \n            return 0;\n            \n            });\n    };\n    \n    const calculateSumOfObservationValues = (params, imports) => {\n\n        return params.db.objects('Individual')\n            .filter((individual) => individual.voided === false && individual.subjectType.name === 'Teacher')\n            .reduce((acc,individual)=>acc+individual.getEncounters(true).filter((enc)=> enc.voided === false && enc.encounterDateTime !=null).length,0);\n    };\n    return {\n        primaryValue: calculateSumOfObservationValues(params, imports),\n        lineListFunction\n    };\n};",
      "description" : "",
      "color" : "#7fd048",
      "displayOrder" : 2.0,
      "iconFileS3Key" : "",
      "voided" : false
    }, {
      "uuid" : "12b0c96d-5a1d-4baf-8ab1-bd019607d2cb",
      "id" : 54,
      "name" : "Total teacher not observed",
      "query" : "'use strict';\n({params, imports}) => {\n    const lineListFunction = function () {\n        return params.db.objects('Individual')\n            .filter((individual) => individual.voided === false && individual.subjectType.name === 'Teacher')\n            .filter((individual) => individual.getEncounters(true).filter((enc) => enc.voided == false && enc.encounterDateTime != null).length === 0)\n            .sort((a,b) => {\n            let schoolA = a.lowestAddressLevel.name;\n            let schoolB = b.lowestAddressLevel.name;\n            \n            if (schoolA < schoolB) return -1;\n            if (schoolA > schoolB) return 1;\n            \n            return 0;\n            \n            });\n    };\n    const calculateSumOfObservationValues = (params, imports) => {\n\n        return params.db.objects('Individual')\n            .filter((individual) => individual.voided === false && individual.subjectType.name === 'Teacher')\n            .filter((individual) => individual.getEncounters(true).filter((enc) => enc.voided == false && enc.encounterDateTime != null).length === 0).length;\n    };\n    return {\n        primaryValue: calculateSumOfObservationValues(params, imports),\n        lineListFunction\n    };\n};",
      "description" : "",
      "color" : "#898bc1",
      "displayOrder" : 4.0,
      "iconFileS3Key" : "",
      "voided" : false
    } ],
    "dashboardSectionCardMappings" : [ {
      "uuid" : "a5e8dd65-3124-4d1b-b344-3d06f8986e26",
      "dashboardSectionUUID" : "e424a947-7d8b-45db-a549-ef8f1d6c4b4e",
      "reportCardUUID" : "74ad39e8-661b-40a9-a0b2-118ef0836cb6",
      "displayOrder" : 1.0,
      "voided" : false
    }, {
      "uuid" : "74d451f5-1193-4364-bc17-6dcbc70b7858",
      "dashboardSectionUUID" : "e424a947-7d8b-45db-a549-ef8f1d6c4b4e",
      "reportCardUUID" : "e6813892-e824-41ca-b7b9-fd52905409f6",
      "displayOrder" : 3.0,
      "voided" : false
    }, {
      "uuid" : "0f390afa-48a3-45e1-99e1-cf08f2ab77aa",
      "dashboardSectionUUID" : "e424a947-7d8b-45db-a549-ef8f1d6c4b4e",
      "reportCardUUID" : "9104ce58-31fe-495c-b821-d05d45300e28",
      "displayOrder" : 2.0,
      "voided" : false
    }, {
      "uuid" : "4bbec5dc-cdb6-4500-ac22-0ff9b1a3e6e6",
      "dashboardSectionUUID" : "e424a947-7d8b-45db-a549-ef8f1d6c4b4e",
      "reportCardUUID" : "12b0c96d-5a1d-4baf-8ab1-bd019607d2cb",
      "displayOrder" : 4.0,
      "voided" : false
    } ],
    "voided" : false
  } ],
  "filters" : [ ],
  "voided" : true
} ]