[ {
  "uuid" : "74ad39e8-661b-40a9-a0b2-118ef0836cb6",
  "id" : 47,
  "name" : "All Teachers",
  "query" : "// Documentation - https://docs.mongodb.com/realm-legacy/docs/javascript/latest/index.html#queries\n'use strict';\n({params, imports}) => {\n    const individual = params.db.objects('Individual');\n    \n    //  console.log('------>',individual[0].lowestAddressLevel)\n     return params.db.objects('Individual')\n            .filter((individual) => individual.voided === false && individual.subjectType.name === 'Teacher')\n            .sort((a,b) => {\n            let schoolA = a.lowestAddressLevel.name;\n            let schoolB = b.lowestAddressLevel.name;\n            \n            if (schoolA < schoolB) return -1;\n            if (schoolA > schoolB) return 1;\n            \n            return 0;\n            \n            })\n};",
  "description" : "",
  "color" : "#ffdb58",
  "iconFileS3Key" : "",
  "voided" : false
}, {
  "uuid" : "999ffcce-1c14-4fd0-8843-8d93e81e5ed4",
  "id" : 48,
  "name" : "Scheduled",
  "description" : "Scheduled observations",
  "color" : "#cced00",
  "standardReportCardTypeId" : 4,
  "iconFileS3Key" : "",
  "voided" : true
}, {
  "uuid" : "bc74622a-3d31-46a9-bd5c-f78ffc3dd8ef",
  "id" : 49,
  "name" : "Overdue",
  "description" : "Overdue observation visits ",
  "color" : "#ff0000",
  "standardReportCardTypeId" : 5,
  "iconFileS3Key" : "",
  "voided" : true
}, {
  "uuid" : "b1c394b2-9069-4176-8e37-ac070cdf0986",
  "id" : 50,
  "name" : "Overdue ",
  "query" : "'use strict';\n({params, imports}) => {\nconst moment = imports.moment;\n      const lineListFunction = function () {\n        return params.db.objects('Individual')\n            .filter((individual) => individual.voided === false && individual.subjectType.name === 'Teacher')\n            .filter((individual) => individual.getEncounters(true).find((enc) => _.isNil(enc.encounterDateTime) === true &&\n  moment().isSameOrAfter(moment(enc.maxVisitDateTime)) ))\n .sort((a,b) => {\n            let schoolA = a.lowestAddressLevel.name;\n            let schoolB = b.lowestAddressLevel.name;\n            \n            if (schoolA < schoolB) return -1;\n            if (schoolA > schoolB) return 1;\n            \n            return 0;\n            \n            });\n    }; \n    \n      const calculateSumOfObservationValues = (params, imports) =>  {\n        return params.db.objects('Individual')\n            .filter((individual) => individual.voided === false && individual.subjectType.name === 'Teacher')\n            .filter((individual) => individual.getEncounters(true).find((enc) => {\n            return _.isNil(enc.encounterDateTime) === true &&  moment().isSameOrAfter(moment(enc.maxVisitDateTime));           }\n            )).length;\n    };\n    return {\n        primaryValue: calculateSumOfObservationValues(params, imports),\n        lineListFunction\n        \n    };\n};",
  "description" : "",
  "color" : "#ff0000",
  "iconFileS3Key" : "",
  "voided" : false
}, {
  "uuid" : "fd81697b-d339-45eb-9c27-95945bee4aa6",
  "id" : 51,
  "name" : "Total observations",
  "query" : "// Documentation - https://docs.mongodb.com/realm-legacy/docs/javascript/latest/index.html#queries\n'use strict';\n({params, imports}) => {\n\n    const calculateSumOfObservationValues = (params, imports) => {\n\n        return params.db.objects('Individual')\n            .filter((individual) => individual.voided === false && individual.subjectType.name === 'Teacher')\n            .map((individual) => individual.getEncounters(true).filter((enc) => _.floor(imports.moment().diff(imports.moment(enc.encounterDateTime), 'days', true)) <= 30 && enc.voided == false ).length)\n            .reduce((total, val) => total + val, 0);\n    };\n    return {\n        primaryValue: calculateSumOfObservationValues(params, imports)\n    };\n};",
  "description" : "",
  "color" : "#ff0000",
  "iconFileS3Key" : "",
  "voided" : false
}, {
  "uuid" : "e6813892-e824-41ca-b7b9-fd52905409f6",
  "id" : 52,
  "name" : "Total teacher observed",
  "query" : "// Documentation - https://docs.mongodb.com/realm-legacy/docs/javascript/latest/index.html#queries\n'use strict';\n({params, imports}) => {\n    const lineListFunction = function () {\n        return params.db.objects('Individual')\n            .filter((individual) => individual.voided === false && individual.subjectType.name === 'Teacher')\n            .filter((individual) => individual.getEncounters(true).filter((enc) => enc.voided == false && enc.encounterDateTime != null).length > 0)\n            .sort((a,b) => {\n            let schoolA = a.lowestAddressLevel.name;\n            let schoolB = b.lowestAddressLevel.name;\n            \n            if (schoolA < schoolB) return -1;\n            if (schoolA > schoolB) return 1;\n            \n            return 0;\n            \n            });\n    };\n    const calculateSumOfObservationValues = (params, imports) => {\n\n        return params.db.objects('Individual')\n            .filter((individual) => individual.voided === false && individual.subjectType.name === 'Teacher')\n            .filter((individual) => individual.getEncounters(true).filter((enc) => enc.voided == false && enc.encounterDateTime != null).length > 0).length;\n    };\n    return {\n        primaryValue: calculateSumOfObservationValues(params, imports),\n        lineListFunction\n    };\n};",
  "description" : "",
  "color" : "#8d2f96",
  "iconFileS3Key" : "",
  "voided" : false
}, {
  "uuid" : "8f577a91-c613-4cc7-b3ee-8ac2ac6014c8",
  "id" : 53,
  "name" : " Teacher not observed",
  "query" : "// Documentation - https://docs.mongodb.com/realm-legacy/docs/javascript/latest/index.html#queries\n'use strict';\n({params, imports}) => {\n     const lineListFunction = function () {\n        return params.db.objects('Individual')\n            .filter((individual) => individual.voided === false && individual.subjectType.name === 'Teacher')\n            .filter((individual) => individual.getEncounters(true).filter((enc) => \n_.floor(imports.moment().diff(imports.moment(enc.encounterDateTime), 'days', true))\n            <= 30 && enc.voided == false).length === 0)\n            .sort((a,b) => {\n            let schoolA = a.lowestAddressLevel.name;\n            let schoolB = b.lowestAddressLevel.name;\n            \n            if (schoolA < schoolB) return -1;\n            if (schoolA > schoolB) return 1;\n            \n            return 0;\n            \n            });\n      };\n      const calculateSumOfObservationValues = (params, imports) =>  {\n\n        return params.db.objects('Individual')\n            .filter((individual) => individual.voided === false && individual.subjectType.name === 'Teacher')\n            .filter((individual) => individual.getEncounters(true).filter((enc) => \n_.floor(imports.moment().diff(imports.moment(enc.encounterDateTime), 'days', true))\n            <= 30 && enc.voided == false).length === 0).length;\n    };\n    return {\n        primaryValue: calculateSumOfObservationValues(params, imports),\n        lineListFunction\n    };\n};",
  "description" : "",
  "color" : "#488a99",
  "iconFileS3Key" : "",
  "voided" : false
}, {
  "uuid" : "12b0c96d-5a1d-4baf-8ab1-bd019607d2cb",
  "id" : 54,
  "name" : "Total teacher not observed",
  "query" : "'use strict';\n({params, imports}) => {\n    const lineListFunction = function () {\n        return params.db.objects('Individual')\n            .filter((individual) => individual.voided === false && individual.subjectType.name === 'Teacher')\n            .filter((individual) => individual.getEncounters(true).filter((enc) => enc.voided == false && enc.encounterDateTime != null).length === 0)\n            .sort((a,b) => {\n            let schoolA = a.lowestAddressLevel.name;\n            let schoolB = b.lowestAddressLevel.name;\n            \n            if (schoolA < schoolB) return -1;\n            if (schoolA > schoolB) return 1;\n            \n            return 0;\n            \n            });\n    };\n    const calculateSumOfObservationValues = (params, imports) => {\n\n        return params.db.objects('Individual')\n            .filter((individual) => individual.voided === false && individual.subjectType.name === 'Teacher')\n            .filter((individual) => individual.getEncounters(true).filter((enc) => enc.voided == false && enc.encounterDateTime != null).length === 0).length;\n    };\n    return {\n        primaryValue: calculateSumOfObservationValues(params, imports),\n        lineListFunction\n    };\n};",
  "description" : "",
  "color" : "#898bc1",
  "iconFileS3Key" : "",
  "voided" : false
}, {
  "uuid" : "ffdd3a55-f2d3-43dd-9e14-143bf91c28af",
  "id" : 56,
  "name" : "Observations completed",
  "query" : "// Documentation - https://docs.mongodb.com/realm-legacy/docs/javascript/latest/index.html#queries\n'use strict';\n({params, imports}) => {\n    \n    const lineListFunction = () =>  {\n\n        return params.db.objects('Individual')\n            .filter((individual) => individual.voided === false && individual.subjectType.name === 'Teacher')\n            .filter((individual) => individual.getEncounters(true).filter((enc) => _.floor(imports.moment().diff(imports.moment(enc.encounterDateTime), 'days', true)) <= 30).length > 0)\n            .sort((a,b) => {\n            let schoolA = a.lowestAddressLevel.name;\n            let schoolB = b.lowestAddressLevel.name;\n            \n            if (schoolA < schoolB) return -1;\n            if (schoolA > schoolB) return 1;\n            \n            return 0;\n            \n            });\n\n    };\n    \n      const calculateSumOfObservationValues = (params, imports) =>  {\n\n        return params.db.objects('Individual')\n            .filter((individual) => individual.voided === false && individual.subjectType.name === 'Teacher')\n            .filter((individual) => individual.getEncounters(true).filter((enc) => _.floor(imports.moment().diff(imports.moment(enc.encounterDateTime), 'days', true)) <= 30).length > 0).length\n\n    };\n    return {\n        primaryValue: calculateSumOfObservationValues(params, imports),\n        lineListFunction\n    };\n};",
  "description" : "",
  "color" : "#d3d202",
  "iconFileS3Key" : "",
  "voided" : false
}, {
  "uuid" : "e625953c-bc1e-450b-b321-9c235ab54c46",
  "id" : 57,
  "name" : "Feedback",
  "query" : "// Documentation - https://docs.mongodb.com/realm-legacy/docs/javascript/latest/index.html#queries\n'use strict';\n({params, imports}) => {\n    \n    const subjectCountFunction = (params) =>  {\n        return params.db.objects('Individual').filter((individual) => individual.voided === false && individual.subjectType.name === 'Teacher').length;\n    };\n    \n    const calculateSumOfObservationValues = (params, imports) =>  {\n\treturn params.db.objects('Individual')\n            .filter((individual) => individual.voided === false && individual.subjectType.name === 'Teacher')\n            .map((individual) => \n         {\n     const score1 = individual.findLatestObservationFromEncounters('Segment 1 - OVERALL FEEDBACK SCORE');\n     const score2 = individual.findLatestObservationFromEncounters('Segment 2 - OVERALL FEEDBACK SCORE');   \n      if(_.isNil(score1) || _.isNil(score2)) return 0;\n      else return _.mean( [_.toNumber(score1.getReadableValue()) , _.toNumber(score2.getReadableValue())] ) || 0;\n   \n       }\n     ).reduce((total, val) => total + val, 0);\n    };\n    \n    const primaryValue =  (calculateSumOfObservationValues(params, imports)/subjectCountFunction(params)).toFixed(2);\n    return {\n        \n        primaryValue: primaryValue\n    };\n};",
  "description" : "",
  "color" : "#1c4e80",
  "iconFileS3Key" : "",
  "voided" : false
}, {
  "uuid" : "bdde2680-6350-426a-9fb5-aea2eaff746e",
  "id" : 58,
  "name" : "Autonomy",
  "query" : "// Documentation - https://docs.mongodb.com/realm-legacy/docs/javascript/latest/index.html#queries\n'use strict';\n({params, imports}) => {\n    \n    const subjectCountFunction = (params) =>  {\n        return params.db.objects('Individual').filter((individual) => individual.voided === false && individual.subjectType.name === 'Teacher').length;\n    };\n    \n    const calculateSumOfObservationValues = (params, imports) =>  {\n\treturn params.db.objects('Individual')\n            .filter((individual) => individual.voided === false && individual.subjectType.name === 'Teacher')\n            .map((individual) => \n         {\n     const score1 = individual.findLatestObservationFromEncounters('Segment 1 - OVERALL AUTONOMY SCORE');\n     const score2 = individual.findLatestObservationFromEncounters('Segment 2 - OVERALL AUTONOMY SCORE');   \n      if(_.isNil(score1) || _.isNil(score2)) return 0;\n      else return _.mean( [_.toNumber(score1.getReadableValue()) , _.toNumber(score2.getReadableValue())] ) || 0;\n      \n       }\n     ).reduce((total, val) => total + val, 0);\n    };\n    \n    const primaryValue =  (calculateSumOfObservationValues(params, imports)/subjectCountFunction(params)).toFixed(2);\n    return {\n        \n        primaryValue: primaryValue\n    };\n};",
  "description" : "",
  "color" : "#913636",
  "iconFileS3Key" : "",
  "voided" : false
}, {
  "uuid" : "da821cb3-fed4-4b88-82e7-803e21813841",
  "id" : 59,
  "name" : "Scheduled ",
  "query" : "'use strict';\n({params, imports}) => {\nconst moment = imports.moment;\n      const lineListFunction = function () {\n        return params.db.objects('Individual')\n            .filter((individual) => individual.voided === false && individual.subjectType.name === 'Teacher')\n            .filter((individual) => individual.getEncounters(true).find((enc) => _.isNil(enc.encounterDateTime) === true &&\n  moment().isSameOrBefore(moment(enc.maxVisitDateTime)) && moment().isSameOrAfter(moment(enc.earliestVisitDateTime)) ))\n .sort((a,b) => {\n            let schoolA = a.lowestAddressLevel.name;\n            let schoolB = b.lowestAddressLevel.name;\n            \n            if (schoolA < schoolB) return -1;\n            if (schoolA > schoolB) return 1;\n            \n            return 0;\n            \n            });\n    }; \n    \n      const calculateSumOfObservationValues = (params, imports) =>  {\n        return params.db.objects('Individual')\n            .filter((individual) => individual.voided === false && individual.subjectType.name === 'Teacher')\n            .filter((individual) => individual.getEncounters(true).find((enc) => {\n            return _.isNil(enc.encounterDateTime) === true &&  moment().isSameOrBefore(moment(enc.maxVisitDateTime)) && moment().isSameOrAfter(moment(enc.earliestVisitDateTime))           }\n            )).length;\n    };\n    return {\n        primaryValue: calculateSumOfObservationValues(params, imports),\n        lineListFunction\n        \n    };\n};",
  "description" : "",
  "color" : "#00a36c",
  "iconFileS3Key" : "",
  "voided" : false
}, {
  "uuid" : "62ad3a70-7dac-4af7-b2db-4f371e4b9845",
  "id" : 60,
  "name" : "Lesson facilitation",
  "query" : "// Documentation - https://docs.mongodb.com/realm-legacy/docs/javascript/latest/index.html#queries\n'use strict';\n({params, imports}) => {\n    \n    const subjectCountFunction = (params) =>  {\n        return params.db.objects('Individual').filter((individual) => individual.voided === false && individual.subjectType.name === 'Teacher').length;\n    };\n    \n    const calculateSumOfObservationValues = (params, imports) =>  {\n\treturn params.db.objects('Individual')\n            .filter((individual) => individual.voided === false && individual.subjectType.name === 'Teacher')\n            .map((individual) => \n         {\n     const score1 = individual.findLatestObservationFromEncounters('Segment 1 - OVERALL LESSON FACILITATION SCORE');\n     const score2 = individual.findLatestObservationFromEncounters('Segment 2 - OVERALL LESSON FACILITATION SCORE');   \n      if(_.isNil(score1) || _.isNil(score2)) return 0;\n      else return _.mean( [_.toNumber(score1.getReadableValue()) , _.toNumber(score2.getReadableValue())] ) || 0;\n       }\n     ).reduce((total, val) => total + val, 0);\n    };\n    \n    const primaryValue =  (calculateSumOfObservationValues(params, imports)/subjectCountFunction(params)).toFixed(2);\n    return {\n        \n        primaryValue: primaryValue\n    };\n};",
  "description" : "",
  "color" : "#dbae58",
  "iconFileS3Key" : "",
  "voided" : false
}, {
  "uuid" : "1f251acc-d8ac-4fa7-9eac-94ca12611a93",
  "id" : 61,
  "name" : "Critical thinking",
  "query" : "// Documentation - https://docs.mongodb.com/realm-legacy/docs/javascript/latest/index.html#queries\n'use strict';\n({params, imports}) => {\n    \n    const subjectCountFunction = (params) =>  {\n        return params.db.objects('Individual').filter((individual) => individual.voided === false && individual.subjectType.name === 'Teacher').length;\n    };\n    \n    const calculateSumOfObservationValues = (params, imports) =>  {\n\treturn params.db.objects('Individual')\n            .filter((individual) => individual.voided === false && individual.subjectType.name === 'Teacher')\n            .map((individual) => \n         {\n     const score1 = individual.findLatestObservationFromEncounters('Segment 1 - OVERALL CRITICAL THINKING SCORE');\n     const score2 = individual.findLatestObservationFromEncounters('Segment 2 - OVERALL CRITICAL THINKING SCORE');   \n      if(_.isNil(score1) || _.isNil(score2)) return 0;\n      else return _.mean( [_.toNumber(score1.getReadableValue()) , _.toNumber(score2.getReadableValue())] ) || 0;\n       }\n     ).reduce((total, val) => total + val, 0);\n    };\n    \n    const primaryValue =  (calculateSumOfObservationValues(params, imports)/subjectCountFunction(params)).toFixed(2);\n    return {\n        \n        primaryValue: primaryValue\n    };\n};",
  "description" : "",
  "color" : "#44ccbb",
  "iconFileS3Key" : "",
  "voided" : false
}, {
  "uuid" : "61c22e74-b823-4a43-9c3a-9819ed25ca83",
  "id" : 63,
  "name" : "Teachers observed",
  "query" : "// Documentation - https://docs.mongodb.com/realm-legacy/docs/javascript/latest/index.html#queries\n'use strict';\n({params, imports}) => {\n     const lineListFunction = function () {\n        return params.db.objects('Individual')\n            .filter((individual) => individual.voided === false && individual.subjectType.name === 'Teacher')\n            .filter((individual) => individual.getEncounters(true).filter((enc) => \n_.floor(imports.moment().diff(imports.moment(enc.encounterDateTime), 'days', true))\n            <= 30 && enc.voided == false).length > 0)\n            .sort((a,b) => {\n            let schoolA = a.lowestAddressLevel.name;\n            let schoolB = b.lowestAddressLevel.name;\n            \n            if (schoolA < schoolB) return -1;\n            if (schoolA > schoolB) return 1;\n            \n            return 0;\n            \n            });\n      };\n      const calculateSumOfObservationValues = (params, imports) =>  {\n\n        return params.db.objects('Individual')\n            .filter((individual) => individual.voided === false && individual.subjectType.name === 'Teacher')\n            .filter((individual) => individual.getEncounters(true).filter((enc) => \n_.floor(imports.moment().diff(imports.moment(enc.encounterDateTime), 'days', true))\n            <= 30 && enc.voided == false).length > 0).length;\n    };\n    return {\n        primaryValue: calculateSumOfObservationValues(params, imports),\n        lineListFunction\n    };\n};",
  "description" : "",
  "color" : "#f7ad19",
  "iconFileS3Key" : "",
  "voided" : false
}, {
  "uuid" : "f48db9d6-179e-45fc-a7fb-95e18f6d8342",
  "id" : 64,
  "name" : "Positive behavioural expectations",
  "query" : "// Documentation - https://docs.mongodb.com/realm-legacy/docs/javascript/latest/index.html#queries\n'use strict';\n({params, imports}) => {\n    \n    const subjectCountFunction = (params) =>  {\n        return params.db.objects('Individual').filter((individual) => individual.voided === false && individual.subjectType.name === 'Teacher').length;\n    };\n    \n    const calculateSumOfObservationValues = (params, imports) =>  {\n\treturn params.db.objects('Individual')\n            .filter((individual) => individual.voided === false && individual.subjectType.name === 'Teacher')\n            .map((individual) => \n         {\n    const score1 = individual.findLatestObservationFromEncounters('Segment 1 - OVERALL POSITIVE BEHAVIOURAL EXPECTATIONS SCORE');\n     const score2 = individual.findLatestObservationFromEncounters('Segment 2 - OVERALL POSITIVE BEHAVIOURAL EXPECTATIONS SCORE');   \n      if(_.isNil(score1) || _.isNil(score2)) return 0;\n      else return _.mean( [_.toNumber(score1.getReadableValue()) , _.toNumber(score2.getReadableValue())] ) || 0;\n       }\n     ).reduce((total, val) => total + val, 0);\n    };\n    \n    const primaryValue =  (calculateSumOfObservationValues(params, imports)/subjectCountFunction(params)).toFixed(2);\n    return {\n        \n        primaryValue: primaryValue\n    };\n};",
  "description" : "",
  "color" : "#0091d5",
  "iconFileS3Key" : "",
  "voided" : false
}, {
  "uuid" : "74cd4789-55b5-481c-90d4-1d7033519454",
  "id" : 65,
  "name" : "Checks for understanding",
  "query" : "// Documentation - https://docs.mongodb.com/realm-legacy/docs/javascript/latest/index.html#queries\n'use strict';\n({params, imports}) => {\n    \n    const subjectCountFunction = (params) =>  {\n        return params.db.objects('Individual').filter((individual) => individual.voided === false && individual.subjectType.name === 'Teacher').length;\n    };\n    \n    const calculateSumOfObservationValues = (params, imports) =>  {\n\treturn params.db.objects('Individual')\n            .filter((individual) => individual.voided === false && individual.subjectType.name === 'Teacher')\n            .map((individual) => \n         {\n     const score1 = individual.findLatestObservationFromEncounters('Segment 1 - OVERALL CHECKS FOR UNDERSTANDING SCORE');\n     const score2 = individual.findLatestObservationFromEncounters('Segment 2 - OVERALL CHECKS FOR UNDERSTANDING SCORE');   \n      if(_.isNil(score1) || _.isNil(score2)) return 0;\n      else return _.mean( [_.toNumber(score1.getReadableValue()) , _.toNumber(score2.getReadableValue())] ) || 0;\n      \n       }\n     ).reduce((total, val) => total + val, 0);\n    };\n    \n    const primaryValue =  (calculateSumOfObservationValues(params, imports)/subjectCountFunction(params)).toFixed(2);\n    return {\n        \n        primaryValue: primaryValue\n    };\n};",
  "description" : "",
  "color" : "#488a99",
  "iconFileS3Key" : "",
  "voided" : false
}, {
  "uuid" : "de890ee6-eba4-45df-9ede-a071e3d336c8",
  "id" : 66,
  "name" : "Perseverance",
  "query" : "// Documentation - https://docs.mongodb.com/realm-legacy/docs/javascript/latest/index.html#queries\n'use strict';\n({params, imports}) => {\n    \n    const subjectCountFunction = (params) =>  {\n        return params.db.objects('Individual').filter((individual) => individual.voided === false && individual.subjectType.name === 'Teacher').length;\n    };\n    \n    const calculateSumOfObservationValues = (params, imports) =>  {\n\treturn params.db.objects('Individual')\n            .filter((individual) => individual.voided === false && individual.subjectType.name === 'Teacher')\n            .map((individual) => \n         {\n     const score1 = individual.findLatestObservationFromEncounters('Segment 1 - OVERALL PERSEVERANCE SCORE');\n     const score2 = individual.findLatestObservationFromEncounters('Segment 2 - OVERALL PERSEVERANCE SCORE');   \n      if(_.isNil(score1) || _.isNil(score2)) return 0;\n      else return _.mean( [_.toNumber(score1.getReadableValue()) , _.toNumber(score2.getReadableValue())] ) || 0;\n    \n       }\n     ).reduce((total, val) => total + val, 0);\n    };\n    \n    const primaryValue =  (calculateSumOfObservationValues(params, imports)/subjectCountFunction(params)).toFixed(2);\n    return {\n        \n        primaryValue: primaryValue\n    };\n};",
  "description" : "",
  "color" : "#e61c5d",
  "iconFileS3Key" : "",
  "voided" : false
}, {
  "uuid" : "adaa339a-1077-41c4-a974-2f10afa46b77",
  "id" : 67,
  "name" : "Social and collaborative skills",
  "query" : "// Documentation - https://docs.mongodb.com/realm-legacy/docs/javascript/latest/index.html#queries\n'use strict';\n({params, imports}) => {\n    \n    const subjectCountFunction = (params) =>  {\n        return params.db.objects('Individual').filter((individual) => individual.voided === false && individual.subjectType.name === 'Teacher').length;\n    };\n    \n    const calculateSumOfObservationValues = (params, imports) =>  {\n\treturn params.db.objects('Individual')\n            .filter((individual) => individual.voided === false && individual.subjectType.name === 'Teacher')\n            .map((individual) => \n         {\n      const score1 = individual.findLatestObservationFromEncounters('Segment 1 - OVERALL SOCIAL AND COLLABORATIVE SKILLS SCORE');\n     const score2 = individual.findLatestObservationFromEncounters('Segment 2 - OVERALL SOCIAL AND COLLABORATIVE SKILLS SCORE');   \n      if(_.isNil(score1) || _.isNil(score2)) return 0;\n      else return _.mean( [_.toNumber(score1.getReadableValue()) , _.toNumber(score2.getReadableValue())] ) || 0;\n    \n       }\n     ).reduce((total, val) => total + val, 0);\n    };\n    \n    const primaryValue =  (calculateSumOfObservationValues(params, imports)/subjectCountFunction(params)).toFixed(2);\n    return {\n        \n        primaryValue: primaryValue\n    };\n};",
  "description" : "",
  "color" : "#ffe98a",
  "iconFileS3Key" : "",
  "voided" : false
}, {
  "uuid" : "205eff89-fd0b-4094-a078-5e2605c4e7b1",
  "id" : 68,
  "name" : "Supportive learning environment",
  "query" : "// Documentation - https://docs.mongodb.com/realm-legacy/docs/javascript/latest/index.html#queries\n'use strict';\n({params, imports}) => {\n    \n    const subjectCountFunction = (params) =>  {\n        return params.db.objects('Individual').filter((individual) => individual.voided === false && individual.subjectType.name === 'Teacher').length;\n    };\n    \n    const calculateSumOfObservationValues = (params, imports) =>  {\n\treturn params.db.objects('Individual')\n            .filter((individual) => individual.voided === false && individual.subjectType.name === 'Teacher')\n            .map((individual) => \n         {\n     const score1 = individual.findLatestObservationFromEncounters('Segment 1 - OVERALL SUPPORTIVE LEARNING ENVIRONMENT SCORE');\n     const score2 = individual.findLatestObservationFromEncounters('Segment 2 - OVERALL SUPPORTIVE LEARNING ENVIRONMENT SCORE');   \n      if(_.isNil(score1) || _.isNil(score2)) return 0;\n      else return _.mean( [_.toNumber(score1.getReadableValue()) , _.toNumber(score2.getReadableValue())] ) || 0;\n      }\n     ).reduce((total, val) => total + val, 0);\n    };\n    \n    const primaryValue =  (calculateSumOfObservationValues(params, imports)/subjectCountFunction(params)).toFixed(2);\n    return {\n        \n        primaryValue: primaryValue\n    };\n};",
  "description" : "",
  "color" : "#cf6679",
  "iconFileS3Key" : "",
  "voided" : false
}, {
  "uuid" : "1a31db6e-ffd6-4e58-aa76-4f3b9cc0c7f9",
  "id" : 69,
  "name" : "New teachers added",
  "query" : "// Documentation - https://docs.mongodb.com/realm-legacy/docs/javascript/latest/index.html#queries\n'use strict';\n({params, imports}) => {\n    \n      const lineListFunction = function () {\n        return params.db.objects('Individual')\n            .filter((individual) => individual.voided === false && individual.subjectType.name === 'Teacher')\n            .filter((individual) => \n             _.floor(imports.moment().diff(imports.moment(individual.registrationDate), 'days', true)) <= 30)\n             .sort((a,b) => {\n            let schoolA = a.lowestAddressLevel.name;\n            let schoolB = b.lowestAddressLevel.name;\n            \n            if (schoolA < schoolB) return -1;\n            if (schoolA > schoolB) return 1;\n            \n            return 0;\n            \n            });\n      };\n      const calculateSumOfObservationValues = (params, imports) =>  {\n        return params.db.objects('Individual')\n            .filter((individual) => individual.voided === false && individual.subjectType.name === 'Teacher')\n            .filter((individual) => \n             _.floor(imports.moment().diff(imports.moment(individual.registrationDate), 'days', true)) <= 30).length;\n            \n    };\n    return {\n        primaryValue: calculateSumOfObservationValues(params, imports),\n        lineListFunction\n    };\n};",
  "description" : "",
  "color" : "#70dbdb",
  "iconFileS3Key" : "",
  "voided" : false
}, {
  "uuid" : "90426f73-66bb-425a-99c6-91b3542f9594",
  "id" : 55,
  "name" : "Draft Observations",
  "query" : "// Documentation - https://docs.mongodb.com/realm-legacy/docs/javascript/latest/index.html#queries\n'use strict';\n({params, imports}) => {\n      const lineListFunction = function () {\n        return params.db.objects('DraftEncounter')\n          .map((encounter) => encounter.individual);\n      };\n      const calculateSumOfObservationValues = (params, imports) =>  {\n        return params.db.objects('DraftEncounter').length;     \n    };\n    return {\n        primaryValue: calculateSumOfObservationValues(params, imports),\n        lineListFunction\n    };\n};",
  "description" : "",
  "color" : "#ff0000",
  "iconFileS3Key" : "",
  "voided" : false
}, {
  "uuid" : "9104ce58-31fe-495c-b821-d05d45300e28",
  "id" : 62,
  "name" : "Total observation completed",
  "query" : "'use strict';\n({params, imports}) => {\n\n    const lineListFunction = () => {\n\n        return params.db.objects('Individual')\n            .filter((individual) => individual.voided === false && individual.subjectType.name === 'Teacher')\n            .filter((individual) => individual.getEncounters(true).filter((enc) => enc.voided==false && enc.encounterDateTime !=null).length > 0)\n            .sort((a,b) => {\n            let schoolA = a.lowestAddressLevel.name;\n            let schoolB = b.lowestAddressLevel.name;\n            \n            if (schoolA < schoolB) return -1;\n            if (schoolA > schoolB) return 1;\n            \n            return 0;\n            \n            });\n    };\n    \n    const calculateSumOfObservationValues = (params, imports) => {\n\n        return params.db.objects('Individual')\n            .filter((individual) => individual.voided === false && individual.subjectType.name === 'Teacher')\n            .reduce((acc,individual)=>acc+individual.getEncounters(true).filter((enc)=> enc.voided === false && enc.encounterDateTime !=null).length,0);\n    };\n    return {\n        primaryValue: calculateSumOfObservationValues(params, imports),\n        lineListFunction\n    };\n};",
  "description" : "",
  "color" : "#7fd048",
  "iconFileS3Key" : "",
  "voided" : false
} ]