[ {
  "name" : "Teacher",
  "uuid" : "39a2cced-c000-4e4d-a956-4b88e825f4c6",
  "active" : true,
  "type" : "Individual",
  "subjectSummaryRule" : "",
  "allowEmptyLocation" : false,
  "allowMiddleName" : false,
  "lastNameOptional" : false,
  "allowProfilePicture" : false,
  "uniqueName" : false,
  "validFirstNameFormat" : {
    "regex" : "^[A-Za-z ]+$",
    "descriptionKey" : "Abc"
  },
  "iconFileS3Key" : "https://s3.ap-south-1.amazonaws.com/lfe-user-media/teachap/icons/39a2cced-c000-4e4d-a956-4b88e825f4c6.png",
  "shouldSyncByLocation" : true,
  "nameHelpText" : "Abc",
  "group" : false,
  "household" : false,
  "directlyAssignable" : false,
  "voided" : false
} ]