[ {
  "uuid" : "92bb0636-ae73-471f-a705-0ed3e2f4684b",
  "id" : 2496,
  "name" : "State",
  "level" : 4.0
}, {
  "uuid" : "2dcfabc6-17e0-4d3f-b341-f4969286f91d",
  "id" : 2497,
  "name" : "District",
  "level" : 3.0,
  "parent" : {
    "uuid" : "92bb0636-ae73-471f-a705-0ed3e2f4684b"
  }
}, {
  "uuid" : "6ac080c2-acaf-4dbd-9702-3800bc1407cd",
  "id" : 2498,
  "name" : "City/Block",
  "level" : 1.0,
  "parent" : {
    "uuid" : "2dcfabc6-17e0-4d3f-b341-f4969286f91d"
  }
}, {
  "uuid" : "4263dee3-fa3c-4e25-af26-0e22405b9e2f",
  "id" : 2499,
  "name" : "Ward/Village",
  "level" : 1.0,
  "parent" : {
    "uuid" : "6ac080c2-acaf-4dbd-9702-3800bc1407cd"
  }
} ]