[ {
  "name" : "0 - 5000",
  "uuid" : "91f6a6c8-8b8e-4014-b015-103af1a4ec92",
  "dataType" : "NA",
  "active" : true
}, {
  "name" : "10000 - 15000",
  "uuid" : "0e0bd38f-b986-44a6-b0d0-280df50afb47",
  "dataType" : "NA",
  "active" : true
}, {
  "name" : "5000 - 10000",
  "uuid" : "54d5eb61-cf22-463c-bc87-8ebd69f904dd",
  "dataType" : "NA",
  "active" : true
}, {
  "name" : "Aapki Beti Hamari Beti",
  "uuid" : "aecf5e93-9ceb-43f3-8bd0-6956ac0f89da",
  "dataType" : "NA",
  "active" : true,
  "keyValues" : [ {
    "key" : "minimumAge",
    "value" : 0
  }, {
    "key" : "maximumAge",
    "value" : 1
  }, {
    "key" : "male",
    "value" : "no"
  }, {
    "key" : "female",
    "value" : "yes"
  }, {
    "key" : "Uttar Pradesh",
    "value" : "no"
  }, {
    "key" : "Haryana",
    "value" : "yes"
  }, {
    "key" : "Jharkhand",
    "value" : "no"
  }, {
    "key" : "Rajasthan",
    "value" : "no"
  }, {
    "key" : "Chattisgarh",
    "value" : "no"
  } ]
}, {
  "name" : "Above 15000",
  "uuid" : "26274583-22fc-4ea6-a3f5-9df1762494a4",
  "dataType" : "NA",
  "active" : true
}, {
  "name" : "Abua Health Protection Scheme",
  "uuid" : "76a7b2e0-abb5-48ea-8b35-12a151f414d1",
  "dataType" : "NA",
  "active" : true,
  "keyValues" : [ {
    "key" : "minimumAge",
    "value" : 0
  }, {
    "key" : "maximumAge",
    "value" : 200
  }, {
    "key" : "male",
    "value" : "yes"
  }, {
    "key" : "female",
    "value" : "yes"
  }, {
    "key" : "Uttar Pradesh",
    "value" : "no"
  }, {
    "key" : "Haryana",
    "value" : "no"
  }, {
    "key" : "Jharkhand",
    "value" : "yes"
  }, {
    "key" : "Rajasthan",
    "value" : "no"
  }, {
    "key" : "Chattisgarh",
    "value" : "no"
  } ]
}, {
  "name" : "ABY(Ayushman Bharat Yojna) Status",
  "uuid" : "a07a33d4-c26a-45a3-b48d-3d4aaf93842f",
  "dataType" : "Coded",
  "active" : true,
  "answers" : [ {
    "name" : "Not eligible",
    "uuid" : "5a507a80-5b22-49cd-be4a-bf644ffaf31b",
    "order" : 0.0
  }, {
    "name" : "Already available",
    "uuid" : "4251c701-8d1c-4886-8727-3e72e797422c",
    "order" : 1.0
  }, {
    "name" : "Not available",
    "uuid" : "18cde9e9-6436-4619-8728-71372ad41d37",
    "order" : 2.0
  }, {
    "name" : "Applied by Saaras",
    "uuid" : "b864d88f-8f94-45b0-9e34-b45524495de0",
    "order" : 3.0
  }, {
    "name" : "Received through Saaras",
    "uuid" : "3a6dbc57-80e8-404b-bc86-128ed9ebe2c2",
    "order" : 4.0
  }, {
    "name" : "Rejected through Saaras",
    "uuid" : "dc471fd8-aca6-432d-b743-75353be3877c",
    "order" : 5.0
  } ]
}, {
  "name" : "Already available",
  "uuid" : "4251c701-8d1c-4886-8727-3e72e797422c",
  "dataType" : "NA",
  "active" : true
}, {
  "name" : "Application has been made",
  "uuid" : "76575e8b-1d36-400f-8906-d3c0ce38cf45",
  "dataType" : "NA",
  "active" : true,
  "keyValues" : [ ]
}, {
  "name" : "Applied",
  "uuid" : "841f4f34-dd9c-484e-a972-f0af0caffbd3",
  "dataType" : "NA",
  "active" : true
}, {
  "name" : "Applied by Saaras",
  "uuid" : "b864d88f-8f94-45b0-9e34-b45524495de0",
  "dataType" : "NA",
  "active" : true
}, {
  "name" : "Atal Pension Yojana",
  "uuid" : "aac4d58e-ccca-4f84-9670-37d413e0d663",
  "dataType" : "NA",
  "active" : true,
  "keyValues" : [ {
    "key" : "minimumAge",
    "value" : 18
  }, {
    "key" : "maximumAge",
    "value" : 40
  }, {
    "key" : "male",
    "value" : "yes"
  }, {
    "key" : "female",
    "value" : "yes"
  }, {
    "key" : "Uttar Pradesh",
    "value" : "yes"
  }, {
    "key" : "Haryana",
    "value" : "yes"
  }, {
    "key" : "Jharkhand",
    "value" : "yes"
  }, {
    "key" : "Rajasthan",
    "value" : "yes"
  }, {
    "key" : "Chattisgarh",
    "value" : "yes"
  } ]
}, {
  "name" : "Ayushman Bharat Scheme",
  "uuid" : "2caf734d-ce5f-4b01-a5b7-fa09a3fd9946",
  "dataType" : "NA",
  "active" : true,
  "keyValues" : [ {
    "key" : "minimumAge",
    "value" : 0
  }, {
    "key" : "maximumAge",
    "value" : 200
  }, {
    "key" : "male",
    "value" : "yes"
  }, {
    "key" : "female",
    "value" : "yes"
  }, {
    "key" : "Uttar Pradesh",
    "value" : "yes"
  }, {
    "key" : "Haryana",
    "value" : "yes"
  }, {
    "key" : "Jharkhand",
    "value" : "yes"
  }, {
    "key" : "Rajasthan",
    "value" : "yes"
  }, {
    "key" : "Chattisgarh",
    "value" : "yes"
  } ]
}, {
  "name" : "Ayushman card",
  "uuid" : "8a7a44fc-6f5c-45a4-9520-44acd6ca5ae6",
  "dataType" : "Coded",
  "active" : true,
  "answers" : [ {
    "name" : "Yes",
    "uuid" : "2f93db8a-0e68-4f70-8921-b7028689839f",
    "order" : 0.0
  }, {
    "name" : "No",
    "uuid" : "10d045f7-d260-4fe4-9941-d2d795d468a5",
    "order" : 1.0
  }, {
    "name" : "Benefit received with the help of Saaras",
    "uuid" : "a69d6a60-ef6a-4541-81a9-984d51e46922",
    "order" : 2.0
  } ]
}, {
  "name" : "Backward caste",
  "uuid" : "488d15f4-052f-4a21-a179-45f4e4a4b8bb",
  "dataType" : "NA",
  "active" : true
}, {
  "name" : "Baudh",
  "uuid" : "5477c18b-7190-4068-ae8f-59f5560071b7",
  "dataType" : "NA",
  "active" : true
}, {
  "name" : "Benefit amount received",
  "uuid" : "8cce3958-67c0-4d88-829b-36f1f7db3eee",
  "dataType" : "Numeric",
  "unit" : "Rs",
  "active" : true
}, {
  "name" : "Benefit received",
  "uuid" : "34654f7e-c583-4cee-93df-a4de3537808a",
  "dataType" : "NA",
  "active" : true
}, {
  "name" : "Benefit received with the help of Saaras",
  "uuid" : "a69d6a60-ef6a-4541-81a9-984d51e46922",
  "dataType" : "NA",
  "active" : true
}, {
  "name" : "Benefits already received",
  "uuid" : "e567b270-96f9-49e2-a09e-d14f6a2bbcd5",
  "dataType" : "NA",
  "active" : true
}, {
  "name" : "Benefits are secured",
  "uuid" : "1c4f7905-fe78-49e3-86c6-670f81068a6a",
  "dataType" : "NA",
  "active" : true
}, {
  "name" : "Benefits not received",
  "uuid" : "62270a8a-37ee-4778-a145-ca22423c4d9a",
  "dataType" : "NA",
  "active" : true
}, {
  "name" : "Benefits received",
  "uuid" : "322d32df-9cd4-4d7b-9fc6-8fcf1225009a",
  "dataType" : "NA",
  "active" : true
}, {
  "name" : "Benefits received with the help of Saaras",
  "uuid" : "e04da5e3-2352-4a4d-a7ca-0a9c6e6ca46c",
  "dataType" : "NA",
  "active" : true
}, {
  "name" : "Benefits secured",
  "uuid" : "21eea215-4fe3-4339-afac-1b2f5934dca0",
  "dataType" : "Numeric",
  "unit" : "Rs",
  "active" : true
}, {
  "name" : "Benefits secured date",
  "uuid" : "efec596f-d5c1-4624-af18-7d84dcada7b8",
  "dataType" : "Date",
  "active" : true
}, {
  "name" : "Businessman",
  "uuid" : "d7e673b1-0f5f-492d-9c55-c0b3a393b893",
  "dataType" : "NA",
  "active" : true
}, {
  "name" : "Card Status",
  "uuid" : "4fddd14d-250b-466b-88d0-0814cc722572",
  "dataType" : "QuestionGroup",
  "active" : true
}, {
  "name" : "Cards & Schemes already available with the beneficiary taken without the help of Saaras",
  "uuid" : "062fa9b2-e67a-4422-8501-62cfa2a4de57",
  "dataType" : "Coded",
  "active" : true,
  "answers" : [ {
    "name" : "Pradhan Mantri Matru Vandana Yojana",
    "uuid" : "9e562393-5295-4e84-a729-1357240cf9c7",
    "order" : 1.0
  }, {
    "name" : "Ayushman Bharat Scheme",
    "uuid" : "2caf734d-ce5f-4b01-a5b7-fa09a3fd9946",
    "order" : 2.0
  }, {
    "name" : "Jannani Suraksha Yojna",
    "uuid" : "f76cae8b-2c50-417c-9b60-c528dc2a63dc",
    "order" : 3.0
  }, {
    "name" : "E-shram card scheme",
    "uuid" : "02d31afd-ae7c-4011-a280-492120601e85",
    "order" : 4.0
  }, {
    "name" : "Pradhan Mantri Suraksha Bima Yojana",
    "uuid" : "e8f76f25-0ca7-4cf4-80b8-2ea4109a67ab",
    "order" : 5.0
  }, {
    "name" : "Pradhan Mantri Jivan Jyoti Bima Yojna",
    "uuid" : "d9c6420f-300b-4fe4-a947-4d7f96e0354b",
    "order" : 6.0
  }, {
    "name" : "PM Kisan Samman Nidhi Yojana",
    "uuid" : "b404f2a2-bd4a-4482-80f5-689902b7b95f",
    "order" : 7.0
  }, {
    "name" : "Sukanya Samriddhi Yojana",
    "uuid" : "1481e95f-fb13-4a31-923d-783359f0f685",
    "order" : 8.0
  }, {
    "name" : "Atal Pension Yojana",
    "uuid" : "aac4d58e-ccca-4f84-9670-37d413e0d663",
    "order" : 9.0
  }, {
    "name" : "Ujjwala Yojana",
    "uuid" : "87ddfb0d-9119-47ba-90b2-49b70698fc2c",
    "order" : 10.0
  }, {
    "name" : "Pradhan Mantri Jan Dhan Yojana",
    "uuid" : "e3d05c9e-c31f-4392-b37f-c95da23bae1a",
    "order" : 11.0
  }, {
    "name" : "Old age pension",
    "uuid" : "a77af01b-f8e0-4043-8332-1d2729d18eac",
    "order" : 12.0
  }, {
    "name" : "Disabled Pension",
    "uuid" : "d2052315-bd94-4df7-a020-e4467b8cbc20",
    "order" : 13.0
  }, {
    "name" : "Widow Pension",
    "uuid" : "ce6cd3ab-106a-43bd-85fe-3e3fb8924cea",
    "order" : 14.0
  }, {
    "name" : "Free Silai Machine",
    "uuid" : "6a86bdd7-ef1a-4bb4-95b3-a790cca0aa75",
    "order" : 15.0
  }, {
    "name" : "Kanya Sumangala Yojana",
    "uuid" : "270d426d-b413-475b-80c7-62a8ae87e4ea",
    "order" : 16.0
  }, {
    "name" : "Right to Education",
    "uuid" : "8e8f666a-a50b-4a48-a744-9fdbdce174f8",
    "order" : 17.0
  }, {
    "name" : "Labour Card",
    "uuid" : "98412e22-b7b3-45f3-9732-b276b3b4a561",
    "order" : 18.0
  }, {
    "name" : "Nirashrit Pension Yojna",
    "uuid" : "541b3465-c7fd-4322-a6b8-88a0406255d5",
    "order" : 19.0
  }, {
    "name" : "Ladli samajik suraksha bhatta yojna",
    "uuid" : "047c16fd-82e9-46b1-a563-117cbdd605f6",
    "order" : 20.0
  }, {
    "name" : "Aapki Beti Hamari Beti",
    "uuid" : "aecf5e93-9ceb-43f3-8bd0-6956ac0f89da",
    "order" : 21.0
  }, {
    "name" : "RTE Haryana Admission",
    "uuid" : "7cb9484e-7417-486a-9d9c-f0522bddf0a2",
    "order" : 22.0
  }, {
    "name" : "Vivah Shagun Yojna",
    "uuid" : "e20a63c8-8bde-4472-bf5c-d2bcae0addb9",
    "order" : 23.0
  }, {
    "name" : "Har Ghar Har Grahni Yojna",
    "uuid" : "41e6efaa-efa6-410b-88bb-b97893ef9c01",
    "order" : 24.0
  }, {
    "name" : "Haryana Happy Card",
    "uuid" : "18ce80ef-0bd6-4f23-8315-881d476572b8",
    "order" : 25.0
  }, {
    "name" : "Deen Dayal Upadhyay Antyodaya Family Protection Scheme",
    "uuid" : "c2b3d459-74b5-4a17-b2a1-e015bed74c0e",
    "order" : 26.0
  }, {
    "name" : "Mukhyamantri Maiya Samaan Yojana",
    "uuid" : "6dc90d75-c000-45f4-9f25-43d1b7463550",
    "order" : 27.0
  }, {
    "name" : "Mukhyamantri Mainiyan Samman Yojana Jharkhand",
    "uuid" : "699b5c9e-f071-436a-9e59-dbac1a79127a",
    "order" : 28.0
  }, {
    "name" : "Abua Health Protection Scheme",
    "uuid" : "76a7b2e0-abb5-48ea-8b35-12a151f414d1",
    "order" : 29.0
  }, {
    "name" : "Jharkhand Savitribai Phule Kishori Samriddhi Yojana",
    "uuid" : "8cef2b54-e014-499e-9656-c957c4f85756",
    "order" : 30.0
  }, {
    "name" : "Palanhar Scheme",
    "uuid" : "3b068d31-62f6-4842-856d-0057542f7824",
    "order" : 31.0
  }, {
    "name" : "Silicosis",
    "uuid" : "d15d68a7-4f1c-47dd-8bb5-16d6e32f1e45",
    "order" : 32.0
  }, {
    "name" : "Dr. Ambedkar Fellowship Scheme",
    "uuid" : "bbe38b61-2e4b-42e1-88c2-2a32f767d1b5",
    "order" : 33.0
  }, {
    "name" : "Mukhyamantri Rajshree Scheme",
    "uuid" : "864669d0-7e08-43fc-a340-c86d69199f08",
    "order" : 34.0
  }, {
    "name" : "Indira Gandhi National Old Age Pension Scheme",
    "uuid" : "e772d477-5b6b-4637-8872-4ac079012752",
    "order" : 35.0
  }, {
    "name" : "Indira Gandhi National Widow Pension Scheme",
    "uuid" : "efdd4dc7-70ba-4c4a-9e30-33edbeb92215",
    "order" : 36.0
  }, {
    "name" : "Indira Gandhi National Disabled Pension Scheme",
    "uuid" : "ed2e5464-8ae2-43c5-b497-58399ee5aec4",
    "order" : 37.0
  }, {
    "name" : "Rashtriye Pariwar Sahayta Yojna",
    "uuid" : "03bd60e2-9f1c-4fb8-b8cf-e21fdac3864b",
    "order" : 38.0
  }, {
    "name" : "Mukhyamantri Pension Scheme",
    "uuid" : "327762e8-66f4-4f7b-b8d2-caac2f4122fb",
    "order" : 39.0
  }, {
    "name" : "Samajik suraksha pension",
    "uuid" : "0f6d840b-65ca-42fd-a8de-2c523a3e5999",
    "order" : 40.0
  }, {
    "name" : "Sukhad Sahara Yojana",
    "uuid" : "70d34148-bf83-4a54-8754-11b5f9467ee1",
    "order" : 41.0
  }, {
    "name" : "Samarth vikash yojna",
    "uuid" : "43c6002e-264f-4131-be83-04a584611746",
    "order" : 42.0
  }, {
    "name" : "Disabled Scholarship Scheme",
    "uuid" : "55092ca3-209f-4d96-bf2f-e978bcacc0c0",
    "order" : 43.0
  }, {
    "name" : "Disabled Marriage Promotion Scheme",
    "uuid" : "3ef2d854-8e50-470f-b6c0-082c7cf8bd20",
    "order" : 44.0
  }, {
    "name" : "Labour card scheme",
    "uuid" : "cd455271-fba8-4b0e-942b-dcafd96138f5",
    "order" : 45.0
  }, {
    "name" : "Ration Card",
    "uuid" : "356da551-767d-46e5-8049-44b843c0fc00",
    "order" : 46.0
  }, {
    "name" : "Scholarship(Govt)",
    "uuid" : "fbb2f4e3-a226-43bc-8c15-e9dbde917b52",
    "order" : 47.0
  }, {
    "name" : "Scholarship(Private)",
    "uuid" : "b8d30488-3d59-4cab-80a2-d13a089f4539",
    "order" : 48.0
  }, {
    "name" : "Jawahar Navodaya Vidyalaya",
    "uuid" : "8bb681cf-06f5-449d-8fe0-ae9921a8c273",
    "order" : 49.0
  } ]
}, {
  "name" : "Cards applied through Saaras",
  "uuid" : "d4182857-47b1-4a2d-a3c2-df1699b6a4f8",
  "dataType" : "Coded",
  "active" : true,
  "answers" : [ {
    "name" : "Pradhan Mantri Matru Vandana Yojana",
    "uuid" : "9e562393-5295-4e84-a729-1357240cf9c7",
    "order" : 1.0
  }, {
    "name" : "Ayushman Bharat Scheme",
    "uuid" : "2caf734d-ce5f-4b01-a5b7-fa09a3fd9946",
    "order" : 2.0
  }, {
    "name" : "Jannani Suraksha Yojna",
    "uuid" : "f76cae8b-2c50-417c-9b60-c528dc2a63dc",
    "order" : 3.0
  }, {
    "name" : "E-shram card scheme",
    "uuid" : "02d31afd-ae7c-4011-a280-492120601e85",
    "order" : 4.0
  }, {
    "name" : "Pradhan Mantri Suraksha Bima Yojana",
    "uuid" : "e8f76f25-0ca7-4cf4-80b8-2ea4109a67ab",
    "order" : 5.0
  }, {
    "name" : "Pradhan Mantri Jivan Jyoti Bima Yojna",
    "uuid" : "d9c6420f-300b-4fe4-a947-4d7f96e0354b",
    "order" : 6.0
  }, {
    "name" : "PM Kisan Samman Nidhi Yojana",
    "uuid" : "b404f2a2-bd4a-4482-80f5-689902b7b95f",
    "order" : 7.0
  }, {
    "name" : "Sukanya Samriddhi Yojana",
    "uuid" : "1481e95f-fb13-4a31-923d-783359f0f685",
    "order" : 8.0
  }, {
    "name" : "Atal Pension Yojana",
    "uuid" : "aac4d58e-ccca-4f84-9670-37d413e0d663",
    "order" : 9.0
  }, {
    "name" : "Ujjwala Yojana",
    "uuid" : "87ddfb0d-9119-47ba-90b2-49b70698fc2c",
    "order" : 10.0
  }, {
    "name" : "Pradhan Mantri Jan Dhan Yojana",
    "uuid" : "e3d05c9e-c31f-4392-b37f-c95da23bae1a",
    "order" : 11.0
  }, {
    "name" : "Old age pension",
    "uuid" : "a77af01b-f8e0-4043-8332-1d2729d18eac",
    "order" : 12.0
  }, {
    "name" : "Disabled Pension",
    "uuid" : "d2052315-bd94-4df7-a020-e4467b8cbc20",
    "order" : 13.0
  }, {
    "name" : "Widow Pension",
    "uuid" : "ce6cd3ab-106a-43bd-85fe-3e3fb8924cea",
    "order" : 14.0
  }, {
    "name" : "Free Silai Machine",
    "uuid" : "6a86bdd7-ef1a-4bb4-95b3-a790cca0aa75",
    "order" : 15.0
  }, {
    "name" : "Kanya Sumangala Yojana",
    "uuid" : "270d426d-b413-475b-80c7-62a8ae87e4ea",
    "order" : 16.0
  }, {
    "name" : "Right to Education",
    "uuid" : "8e8f666a-a50b-4a48-a744-9fdbdce174f8",
    "order" : 17.0
  }, {
    "name" : "Labour Card",
    "uuid" : "98412e22-b7b3-45f3-9732-b276b3b4a561",
    "order" : 18.0
  }, {
    "name" : "Nirashrit Pension Yojna",
    "uuid" : "541b3465-c7fd-4322-a6b8-88a0406255d5",
    "order" : 19.0
  }, {
    "name" : "Ladli samajik suraksha bhatta yojna",
    "uuid" : "047c16fd-82e9-46b1-a563-117cbdd605f6",
    "order" : 20.0
  }, {
    "name" : "Aapki Beti Hamari Beti",
    "uuid" : "aecf5e93-9ceb-43f3-8bd0-6956ac0f89da",
    "order" : 21.0
  }, {
    "name" : "RTE Haryana Admission",
    "uuid" : "7cb9484e-7417-486a-9d9c-f0522bddf0a2",
    "order" : 22.0
  }, {
    "name" : "Vivah Shagun Yojna",
    "uuid" : "e20a63c8-8bde-4472-bf5c-d2bcae0addb9",
    "order" : 23.0
  }, {
    "name" : "Har Ghar Har Grahni Yojna",
    "uuid" : "41e6efaa-efa6-410b-88bb-b97893ef9c01",
    "order" : 24.0
  }, {
    "name" : "Haryana Happy Card",
    "uuid" : "18ce80ef-0bd6-4f23-8315-881d476572b8",
    "order" : 25.0
  }, {
    "name" : "Deen Dayal Upadhyay Antyodaya Family Protection Scheme",
    "uuid" : "c2b3d459-74b5-4a17-b2a1-e015bed74c0e",
    "order" : 26.0
  }, {
    "name" : "Mukhyamantri Maiya Samaan Yojana",
    "uuid" : "6dc90d75-c000-45f4-9f25-43d1b7463550",
    "order" : 27.0
  }, {
    "name" : "Mukhyamantri Mainiyan Samman Yojana Jharkhand",
    "uuid" : "699b5c9e-f071-436a-9e59-dbac1a79127a",
    "order" : 28.0
  }, {
    "name" : "Abua Health Protection Scheme",
    "uuid" : "76a7b2e0-abb5-48ea-8b35-12a151f414d1",
    "order" : 29.0
  }, {
    "name" : "Jharkhand Savitribai Phule Kishori Samriddhi Yojana",
    "uuid" : "8cef2b54-e014-499e-9656-c957c4f85756",
    "order" : 30.0
  }, {
    "name" : "Palanhar Scheme",
    "uuid" : "3b068d31-62f6-4842-856d-0057542f7824",
    "order" : 31.0
  }, {
    "name" : "Silicosis",
    "uuid" : "d15d68a7-4f1c-47dd-8bb5-16d6e32f1e45",
    "order" : 32.0
  }, {
    "name" : "Dr. Ambedkar Fellowship Scheme",
    "uuid" : "bbe38b61-2e4b-42e1-88c2-2a32f767d1b5",
    "order" : 33.0
  }, {
    "name" : "Mukhyamantri Rajshree Scheme",
    "uuid" : "864669d0-7e08-43fc-a340-c86d69199f08",
    "order" : 34.0
  }, {
    "name" : "Indira Gandhi National Old Age Pension Scheme",
    "uuid" : "e772d477-5b6b-4637-8872-4ac079012752",
    "order" : 35.0
  }, {
    "name" : "Indira Gandhi National Widow Pension Scheme",
    "uuid" : "efdd4dc7-70ba-4c4a-9e30-33edbeb92215",
    "order" : 36.0
  }, {
    "name" : "Indira Gandhi National Disabled Pension Scheme",
    "uuid" : "ed2e5464-8ae2-43c5-b497-58399ee5aec4",
    "order" : 37.0
  }, {
    "name" : "Rashtriye Pariwar Sahayta Yojna",
    "uuid" : "03bd60e2-9f1c-4fb8-b8cf-e21fdac3864b",
    "order" : 38.0
  }, {
    "name" : "Mukhyamantri Pension Scheme",
    "uuid" : "327762e8-66f4-4f7b-b8d2-caac2f4122fb",
    "order" : 39.0
  }, {
    "name" : "Samajik suraksha pension",
    "uuid" : "0f6d840b-65ca-42fd-a8de-2c523a3e5999",
    "order" : 40.0
  }, {
    "name" : "Sukhad Sahara Yojana",
    "uuid" : "70d34148-bf83-4a54-8754-11b5f9467ee1",
    "order" : 41.0
  }, {
    "name" : "Samarth vikash yojna",
    "uuid" : "43c6002e-264f-4131-be83-04a584611746",
    "order" : 42.0
  }, {
    "name" : "Disabled Scholarship Scheme",
    "uuid" : "55092ca3-209f-4d96-bf2f-e978bcacc0c0",
    "order" : 43.0
  }, {
    "name" : "Disabled Marriage Promotion Scheme",
    "uuid" : "3ef2d854-8e50-470f-b6c0-082c7cf8bd20",
    "order" : 44.0
  }, {
    "name" : "Other Scheme",
    "uuid" : "ac0c1c4d-b51b-4bd4-a4c0-a0b6a604e3fe",
    "order" : 45.0
  }, {
    "name" : "Labour card scheme",
    "uuid" : "cd455271-fba8-4b0e-942b-dcafd96138f5",
    "order" : 46.0
  }, {
    "name" : "Ration Card",
    "uuid" : "356da551-767d-46e5-8049-44b843c0fc00",
    "order" : 47.0
  }, {
    "name" : "Scholarship(Govt)",
    "uuid" : "fbb2f4e3-a226-43bc-8c15-e9dbde917b52",
    "order" : 48.0
  }, {
    "name" : "Scholarship(Private)",
    "uuid" : "b8d30488-3d59-4cab-80a2-d13a089f4539",
    "order" : 49.0
  }, {
    "name" : "Jawahar Navodaya Vidyalaya",
    "uuid" : "8bb681cf-06f5-449d-8fe0-ae9921a8c273",
    "order" : 50.0
  } ],
  "keyValues" : [ ]
}, {
  "name" : "Cards Status",
  "uuid" : "7c714f55-af38-4e52-8420-72454cb5feef",
  "dataType" : "QuestionGroup",
  "active" : true,
  "keyValues" : [ ]
}, {
  "name" : "Cards/schemes eliminated from eligibility",
  "uuid" : "3eee8b09-388b-4afe-99df-35ba58c83a67",
  "dataType" : "Coded",
  "active" : true,
  "answers" : [ {
    "name" : "Pradhan Mantri Matru Vandana Yojana",
    "uuid" : "9e562393-5295-4e84-a729-1357240cf9c7",
    "order" : 1.0
  }, {
    "name" : "Ayushman Bharat Scheme",
    "uuid" : "2caf734d-ce5f-4b01-a5b7-fa09a3fd9946",
    "order" : 2.0
  }, {
    "name" : "Jannani Suraksha Yojna",
    "uuid" : "f76cae8b-2c50-417c-9b60-c528dc2a63dc",
    "order" : 3.0
  }, {
    "name" : "E-shram card scheme",
    "uuid" : "02d31afd-ae7c-4011-a280-492120601e85",
    "order" : 4.0
  }, {
    "name" : "Pradhan Mantri Suraksha Bima Yojana",
    "uuid" : "e8f76f25-0ca7-4cf4-80b8-2ea4109a67ab",
    "order" : 5.0
  }, {
    "name" : "Pradhan Mantri Jivan Jyoti Bima Yojna",
    "uuid" : "d9c6420f-300b-4fe4-a947-4d7f96e0354b",
    "order" : 6.0
  }, {
    "name" : "PM Kisan Samman Nidhi Yojana",
    "uuid" : "b404f2a2-bd4a-4482-80f5-689902b7b95f",
    "order" : 7.0
  }, {
    "name" : "Sukanya Samriddhi Yojana",
    "uuid" : "1481e95f-fb13-4a31-923d-783359f0f685",
    "order" : 8.0
  }, {
    "name" : "Atal Pension Yojana",
    "uuid" : "aac4d58e-ccca-4f84-9670-37d413e0d663",
    "order" : 9.0
  }, {
    "name" : "Ujjwala Yojana",
    "uuid" : "87ddfb0d-9119-47ba-90b2-49b70698fc2c",
    "order" : 10.0
  }, {
    "name" : "Pradhan Mantri Jan Dhan Yojana",
    "uuid" : "e3d05c9e-c31f-4392-b37f-c95da23bae1a",
    "order" : 11.0
  }, {
    "name" : "Old age pension",
    "uuid" : "a77af01b-f8e0-4043-8332-1d2729d18eac",
    "order" : 12.0
  }, {
    "name" : "Disabled Pension",
    "uuid" : "d2052315-bd94-4df7-a020-e4467b8cbc20",
    "order" : 13.0
  }, {
    "name" : "Widow Pension",
    "uuid" : "ce6cd3ab-106a-43bd-85fe-3e3fb8924cea",
    "order" : 14.0
  }, {
    "name" : "Free Silai Machine",
    "uuid" : "6a86bdd7-ef1a-4bb4-95b3-a790cca0aa75",
    "order" : 15.0
  }, {
    "name" : "Kanya Sumangala Yojana",
    "uuid" : "270d426d-b413-475b-80c7-62a8ae87e4ea",
    "order" : 16.0
  }, {
    "name" : "Right to Education",
    "uuid" : "8e8f666a-a50b-4a48-a744-9fdbdce174f8",
    "order" : 17.0
  }, {
    "name" : "Labour Card",
    "uuid" : "98412e22-b7b3-45f3-9732-b276b3b4a561",
    "order" : 18.0
  }, {
    "name" : "Nirashrit Pension Yojna",
    "uuid" : "541b3465-c7fd-4322-a6b8-88a0406255d5",
    "order" : 19.0
  }, {
    "name" : "Ladli samajik suraksha bhatta yojna",
    "uuid" : "047c16fd-82e9-46b1-a563-117cbdd605f6",
    "order" : 20.0
  }, {
    "name" : "Aapki Beti Hamari Beti",
    "uuid" : "aecf5e93-9ceb-43f3-8bd0-6956ac0f89da",
    "order" : 21.0
  }, {
    "name" : "RTE Haryana Admission",
    "uuid" : "7cb9484e-7417-486a-9d9c-f0522bddf0a2",
    "order" : 22.0
  }, {
    "name" : "Vivah Shagun Yojna",
    "uuid" : "e20a63c8-8bde-4472-bf5c-d2bcae0addb9",
    "order" : 23.0
  }, {
    "name" : "Har Ghar Har Grahni Yojna",
    "uuid" : "41e6efaa-efa6-410b-88bb-b97893ef9c01",
    "order" : 24.0
  }, {
    "name" : "Haryana Happy Card",
    "uuid" : "18ce80ef-0bd6-4f23-8315-881d476572b8",
    "order" : 25.0
  }, {
    "name" : "Deen Dayal Upadhyay Antyodaya Family Protection Scheme",
    "uuid" : "c2b3d459-74b5-4a17-b2a1-e015bed74c0e",
    "order" : 26.0
  }, {
    "name" : "Mukhyamantri Maiya Samaan Yojana",
    "uuid" : "6dc90d75-c000-45f4-9f25-43d1b7463550",
    "order" : 27.0
  }, {
    "name" : "Mukhyamantri Mainiyan Samman Yojana Jharkhand",
    "uuid" : "699b5c9e-f071-436a-9e59-dbac1a79127a",
    "order" : 28.0
  }, {
    "name" : "Abua Health Protection Scheme",
    "uuid" : "76a7b2e0-abb5-48ea-8b35-12a151f414d1",
    "order" : 29.0
  }, {
    "name" : "Jharkhand Savitribai Phule Kishori Samriddhi Yojana",
    "uuid" : "8cef2b54-e014-499e-9656-c957c4f85756",
    "order" : 30.0
  }, {
    "name" : "Palanhar Scheme",
    "uuid" : "3b068d31-62f6-4842-856d-0057542f7824",
    "order" : 31.0
  }, {
    "name" : "Silicosis",
    "uuid" : "d15d68a7-4f1c-47dd-8bb5-16d6e32f1e45",
    "order" : 32.0
  }, {
    "name" : "Dr. Ambedkar Fellowship Scheme",
    "uuid" : "bbe38b61-2e4b-42e1-88c2-2a32f767d1b5",
    "order" : 33.0
  }, {
    "name" : "Mukhyamantri Rajshree Scheme",
    "uuid" : "864669d0-7e08-43fc-a340-c86d69199f08",
    "order" : 34.0
  }, {
    "name" : "Indira Gandhi National Old Age Pension Scheme",
    "uuid" : "e772d477-5b6b-4637-8872-4ac079012752",
    "order" : 35.0
  }, {
    "name" : "Indira Gandhi National Widow Pension Scheme",
    "uuid" : "efdd4dc7-70ba-4c4a-9e30-33edbeb92215",
    "order" : 36.0
  }, {
    "name" : "Indira Gandhi National Disabled Pension Scheme",
    "uuid" : "ed2e5464-8ae2-43c5-b497-58399ee5aec4",
    "order" : 37.0
  }, {
    "name" : "Rashtriye Pariwar Sahayta Yojna",
    "uuid" : "03bd60e2-9f1c-4fb8-b8cf-e21fdac3864b",
    "order" : 38.0
  }, {
    "name" : "Mukhyamantri Pension Scheme",
    "uuid" : "327762e8-66f4-4f7b-b8d2-caac2f4122fb",
    "order" : 39.0
  }, {
    "name" : "Samajik suraksha pension",
    "uuid" : "0f6d840b-65ca-42fd-a8de-2c523a3e5999",
    "order" : 40.0
  }, {
    "name" : "Sukhad Sahara Yojana",
    "uuid" : "70d34148-bf83-4a54-8754-11b5f9467ee1",
    "order" : 41.0
  }, {
    "name" : "Samarth vikash yojna",
    "uuid" : "43c6002e-264f-4131-be83-04a584611746",
    "order" : 42.0
  }, {
    "name" : "Disabled Scholarship Scheme",
    "uuid" : "55092ca3-209f-4d96-bf2f-e978bcacc0c0",
    "order" : 43.0
  }, {
    "name" : "Disabled Marriage Promotion Scheme",
    "uuid" : "3ef2d854-8e50-470f-b6c0-082c7cf8bd20",
    "order" : 44.0
  }, {
    "name" : "Labour card scheme",
    "uuid" : "cd455271-fba8-4b0e-942b-dcafd96138f5",
    "order" : 45.0
  }, {
    "name" : "Ration Card",
    "uuid" : "356da551-767d-46e5-8049-44b843c0fc00",
    "order" : 46.0
  }, {
    "name" : "Scholarship(Govt)",
    "uuid" : "fbb2f4e3-a226-43bc-8c15-e9dbde917b52",
    "order" : 47.0
  }, {
    "name" : "Scholarship(Private)",
    "uuid" : "b8d30488-3d59-4cab-80a2-d13a089f4539",
    "order" : 48.0
  }, {
    "name" : "Jawahar Navodaya Vidyalaya",
    "uuid" : "8bb681cf-06f5-449d-8fe0-ae9921a8c273",
    "order" : 49.0
  } ]
}, {
  "name" : "Chhattisgarh",
  "uuid" : "9d113e79-22a7-4d19-8ff2-cd284e247111",
  "dataType" : "NA",
  "active" : true
}, {
  "name" : "Children Remarks",
  "uuid" : "83d01345-cba1-4723-8be8-ab109aba9e4b",
  "dataType" : "Text",
  "active" : true,
  "keyValues" : [ ]
}, {
  "name" : "Christian",
  "uuid" : "f78bf690-28b6-4ed1-8bbf-1c1be9ee74ae",
  "dataType" : "NA",
  "active" : true
}, {
  "name" : "Created by",
  "uuid" : "61037977-1d80-42ca-a521-bd33a4e94785",
  "dataType" : "Text",
  "active" : true,
  "keyValues" : [ ]
}, {
  "name" : "Deen Dayal Upadhyay Antyodaya Family Protection Scheme",
  "uuid" : "c2b3d459-74b5-4a17-b2a1-e015bed74c0e",
  "dataType" : "NA",
  "active" : true,
  "keyValues" : [ {
    "key" : "minimumAge",
    "value" : 6
  }, {
    "key" : "maximumAge",
    "value" : 60
  }, {
    "key" : "male",
    "value" : "yes"
  }, {
    "key" : "female",
    "value" : "yes"
  }, {
    "key" : "Uttar Pradesh",
    "value" : "no"
  }, {
    "key" : "Haryana",
    "value" : "yes"
  }, {
    "key" : "Jharkhand",
    "value" : "no"
  }, {
    "key" : "Rajasthan",
    "value" : "no"
  }, {
    "key" : "Chattisgarh",
    "value" : "no"
  } ]
}, {
  "name" : "Disability",
  "uuid" : "e45b6722-0165-4a40-ab5b-ec958cb14a0d",
  "dataType" : "Coded",
  "active" : true,
  "answers" : [ {
    "name" : "Yes",
    "uuid" : "2f93db8a-0e68-4f70-8921-b7028689839f",
    "abnormal" : true,
    "order" : 0.0
  }, {
    "name" : "No",
    "uuid" : "10d045f7-d260-4fe4-9941-d2d795d468a5",
    "order" : 1.0
  } ]
}, {
  "name" : "Disabled Marriage Promotion Scheme",
  "uuid" : "3ef2d854-8e50-470f-b6c0-082c7cf8bd20",
  "dataType" : "NA",
  "active" : true
}, {
  "name" : "Disabled Pension",
  "uuid" : "d2052315-bd94-4df7-a020-e4467b8cbc20",
  "dataType" : "NA",
  "active" : true,
  "keyValues" : [ {
    "key" : "minimumAge",
    "value" : 18
  }, {
    "key" : "maximumAge",
    "value" : 200
  }, {
    "key" : "male",
    "value" : "yes"
  }, {
    "key" : "female",
    "value" : "yes"
  }, {
    "key" : "Uttar Pradesh",
    "value" : "yes"
  }, {
    "key" : "Haryana",
    "value" : "yes"
  }, {
    "key" : "Jharkhand",
    "value" : "yes"
  }, {
    "key" : "Rajasthan",
    "value" : "yes"
  }, {
    "key" : "Chattisgarh",
    "value" : "no"
  } ]
}, {
  "name" : "Disabled Scholarship Scheme",
  "uuid" : "55092ca3-209f-4d96-bf2f-e978bcacc0c0",
  "dataType" : "NA",
  "active" : true
}, {
  "name" : "Divorcee",
  "uuid" : "da7eca76-ee38-4471-8fef-3892bde681a7",
  "dataType" : "NA",
  "active" : true
}, {
  "name" : "Documentation",
  "uuid" : "b4bbe3fb-f882-43b8-8981-6f9cccc3733d",
  "dataType" : "NA",
  "active" : true
}, {
  "name" : "Does Anganwadi provide nutritional materials?",
  "uuid" : "807931c2-979f-42a7-8c09-6a7a133287ac",
  "dataType" : "Coded",
  "active" : true,
  "answers" : [ {
    "name" : "Yes",
    "uuid" : "2f93db8a-0e68-4f70-8921-b7028689839f",
    "order" : 0.0
  }, {
    "name" : "No",
    "uuid" : "10d045f7-d260-4fe4-9941-d2d795d468a5",
    "order" : 1.0
  }, {
    "name" : "Benefit received with the help of Saaras",
    "uuid" : "a69d6a60-ef6a-4541-81a9-984d51e46922",
    "order" : 2.0
  } ]
}, {
  "name" : "Does household get ration?",
  "uuid" : "1f6cdc32-e76c-46c0-9b95-07b51ee485e3",
  "dataType" : "Coded",
  "active" : true,
  "answers" : [ {
    "name" : "Yes",
    "uuid" : "2f93db8a-0e68-4f70-8921-b7028689839f",
    "order" : 0.0
  }, {
    "name" : "No",
    "uuid" : "10d045f7-d260-4fe4-9941-d2d795d468a5",
    "order" : 1.0
  } ]
}, {
  "name" : "Does household have a ration card?",
  "uuid" : "4ba19eae-dc35-4888-b2d1-4f859b265951",
  "dataType" : "Coded",
  "active" : true,
  "answers" : [ {
    "name" : "Yes",
    "uuid" : "2f93db8a-0e68-4f70-8921-b7028689839f",
    "order" : 0.0
  }, {
    "name" : "No",
    "uuid" : "10d045f7-d260-4fe4-9941-d2d795d468a5",
    "order" : 1.0
  } ]
}, {
  "name" : "Dr. Ambedkar Fellowship Scheme",
  "uuid" : "bbe38b61-2e4b-42e1-88c2-2a32f767d1b5",
  "dataType" : "NA",
  "active" : true,
  "keyValues" : [ {
    "key" : "minimumAge",
    "value" : 21
  }, {
    "key" : "maximumAge",
    "value" : 40
  }, {
    "key" : "male",
    "value" : "yes"
  }, {
    "key" : "female",
    "value" : "yes"
  }, {
    "key" : "Uttar Pradesh",
    "value" : "no"
  }, {
    "key" : "Haryana",
    "value" : "no"
  }, {
    "key" : "Jharkhand",
    "value" : "no"
  }, {
    "key" : "Rajasthan",
    "value" : "yes"
  }, {
    "key" : "Chattisgarh",
    "value" : "no"
  } ]
}, {
  "name" : "E-Shram",
  "uuid" : "a2d99824-5f29-42fb-a821-35df6f10255b",
  "dataType" : "Coded",
  "active" : true,
  "answers" : [ {
    "name" : "Yes",
    "uuid" : "2f93db8a-0e68-4f70-8921-b7028689839f",
    "order" : 0.0
  }, {
    "name" : "No",
    "uuid" : "10d045f7-d260-4fe4-9941-d2d795d468a5",
    "order" : 1.0
  }, {
    "name" : "Benefit received with the help of Saaras",
    "uuid" : "a69d6a60-ef6a-4541-81a9-984d51e46922",
    "order" : 3.0
  } ]
}, {
  "name" : "E-shram card scheme",
  "uuid" : "02d31afd-ae7c-4011-a280-492120601e85",
  "dataType" : "NA",
  "active" : true,
  "keyValues" : [ {
    "key" : "minimumAge",
    "value" : 16
  }, {
    "key" : "maximumAge",
    "value" : 59
  }, {
    "key" : "male",
    "value" : "yes"
  }, {
    "key" : "female",
    "value" : "yes"
  }, {
    "key" : "Uttar Pradesh",
    "value" : "yes"
  }, {
    "key" : "Haryana",
    "value" : "yes"
  }, {
    "key" : "Jharkhand",
    "value" : "yes"
  }, {
    "key" : "Rajasthan",
    "value" : "yes"
  }, {
    "key" : "Chattisgarh",
    "value" : "yes"
  } ]
}, {
  "name" : "E-shram card Status",
  "uuid" : "7fb68ae9-8562-417d-a190-823723df4a12",
  "dataType" : "Coded",
  "active" : true,
  "answers" : [ {
    "name" : "Not eligible",
    "uuid" : "5a507a80-5b22-49cd-be4a-bf644ffaf31b",
    "order" : 0.0
  }, {
    "name" : "Already available",
    "uuid" : "4251c701-8d1c-4886-8727-3e72e797422c",
    "order" : 1.0
  }, {
    "name" : "Not available",
    "uuid" : "18cde9e9-6436-4619-8728-71372ad41d37",
    "order" : 2.0
  }, {
    "name" : "Applied by Saaras",
    "uuid" : "b864d88f-8f94-45b0-9e34-b45524495de0",
    "order" : 3.0
  }, {
    "name" : "Received through Saaras",
    "uuid" : "3a6dbc57-80e8-404b-bc86-128ed9ebe2c2",
    "order" : 4.0
  }, {
    "name" : "Rejected through Saaras",
    "uuid" : "dc471fd8-aca6-432d-b743-75353be3877c",
    "order" : 5.0
  } ]
}, {
  "name" : "Father",
  "uuid" : "9683f607-64a9-444f-8f42-36d6db4ac2e7",
  "dataType" : "NA",
  "active" : true
}, {
  "name" : "Father's Name/Husband's Name/Guardian's Name",
  "uuid" : "c54b0a07-86aa-4dbb-83c3-e769ac134373",
  "dataType" : "Text",
  "active" : true
}, {
  "name" : "Followup Date",
  "uuid" : "a91621fb-20f5-4ee7-ba39-f299b7006318",
  "dataType" : "Date",
  "active" : true
}, {
  "name" : "Free Silai Machine",
  "uuid" : "6a86bdd7-ef1a-4bb4-95b3-a790cca0aa75",
  "dataType" : "NA",
  "active" : true,
  "keyValues" : [ {
    "key" : "minimumAge",
    "value" : 18
  }, {
    "key" : "maximumAge",
    "value" : 45
  }, {
    "key" : "male",
    "value" : "yes"
  }, {
    "key" : "female",
    "value" : "yes"
  }, {
    "key" : "Uttar Pradesh",
    "value" : "yes"
  }, {
    "key" : "Haryana",
    "value" : "yes"
  }, {
    "key" : "Jharkhand",
    "value" : "yes"
  }, {
    "key" : "Rajasthan",
    "value" : "yes"
  }, {
    "key" : "Chattisgarh",
    "value" : "yes"
  } ]
}, {
  "name" : "Full",
  "uuid" : "ef0a5ff9-bce8-4722-b34b-244c576f3bd7",
  "dataType" : "NA",
  "active" : true
}, {
  "name" : "General",
  "uuid" : "5ae3d8a6-6952-4137-9052-0e0da65a9b47",
  "dataType" : "NA",
  "active" : true
}, {
  "name" : "Govt job",
  "uuid" : "0989757c-cdbc-4fe7-9888-abd81e20f8a5",
  "dataType" : "NA",
  "active" : true
}, {
  "name" : "Grievance Reason",
  "uuid" : "ddbf091d-024d-4de0-85c6-8feb5c2fe031",
  "dataType" : "Notes",
  "active" : true
}, {
  "name" : "Grivence",
  "uuid" : "de062e72-e338-4782-909d-f9ef82c69161",
  "dataType" : "NA",
  "active" : true
}, {
  "name" : "Guardian",
  "uuid" : "f764ed6c-b582-4bbd-9164-fb264af0fc4a",
  "dataType" : "NA",
  "active" : true
}, {
  "name" : "Har Ghar Har Grahni Yojna",
  "uuid" : "41e6efaa-efa6-410b-88bb-b97893ef9c01",
  "dataType" : "NA",
  "active" : true,
  "keyValues" : [ {
    "key" : "minimumAge",
    "value" : 18
  }, {
    "key" : "maximumAge",
    "value" : 200
  }, {
    "key" : "male",
    "value" : "no"
  }, {
    "key" : "female",
    "value" : "yes"
  }, {
    "key" : "Uttar Pradesh",
    "value" : "no"
  }, {
    "key" : "Haryana",
    "value" : "yes"
  }, {
    "key" : "Jharkhand",
    "value" : "no"
  }, {
    "key" : "Rajasthan",
    "value" : "no"
  }, {
    "key" : "Chattisgarh",
    "value" : "no"
  } ]
}, {
  "name" : "Haryana",
  "uuid" : "b4f78b83-343a-47c8-9fb3-84640d246d39",
  "dataType" : "NA",
  "active" : true
}, {
  "name" : "Haryana Happy Card",
  "uuid" : "18ce80ef-0bd6-4f23-8315-881d476572b8",
  "dataType" : "NA",
  "active" : true,
  "keyValues" : [ {
    "key" : "minimumAge",
    "value" : 0
  }, {
    "key" : "maximumAge",
    "value" : 200
  }, {
    "key" : "male",
    "value" : "yes"
  }, {
    "key" : "female",
    "value" : "yes"
  }, {
    "key" : "Uttar Pradesh",
    "value" : "no"
  }, {
    "key" : "Haryana",
    "value" : "yes"
  }, {
    "key" : "Jharkhand",
    "value" : "no"
  }, {
    "key" : "Rajasthan",
    "value" : "no"
  }, {
    "key" : "Chattisgarh",
    "value" : "no"
  } ]
}, {
  "name" : "Hindu",
  "uuid" : "b098cebe-2c4c-4ba1-b05f-b986f0260992",
  "dataType" : "NA",
  "active" : true
}, {
  "name" : "How many children do you have in the family?",
  "uuid" : "3b9af80d-c5b1-47d1-aa86-54e4afa7255f",
  "dataType" : "Numeric",
  "lowAbsolute" : 0.0,
  "active" : true
}, {
  "name" : "How many senior citizens are there?",
  "uuid" : "56fc47df-a4b6-481f-b6fe-2d6df33d0c54",
  "dataType" : "Numeric",
  "lowAbsolute" : 0.0,
  "active" : true
}, {
  "name" : "How many transgenders are there?",
  "uuid" : "04f48018-eb3c-4bc0-912b-e8d05e785f31",
  "dataType" : "Numeric",
  "lowAbsolute" : 0.0,
  "active" : true
}, {
  "name" : "How many young men are there?",
  "uuid" : "5d2980c9-db6b-42ae-b5e2-3e58d450f8ba",
  "dataType" : "Numeric",
  "lowAbsolute" : 0.0,
  "active" : true
}, {
  "name" : "How many young women are there?",
  "uuid" : "0a261a54-9cce-46e6-bccd-24b842b557b6",
  "dataType" : "Numeric",
  "lowAbsolute" : 0.0,
  "active" : true
}, {
  "name" : "How much ration is given?",
  "uuid" : "62355214-3013-40f3-a1b8-74f7ec8acf85",
  "dataType" : "Coded",
  "active" : true,
  "answers" : [ {
    "name" : "Full",
    "uuid" : "ef0a5ff9-bce8-4722-b34b-244c576f3bd7",
    "order" : 0.0
  }, {
    "name" : "Less",
    "uuid" : "10201f44-f0ff-4342-a318-577f70cc9acc",
    "abnormal" : true,
    "order" : 1.0
  } ]
}, {
  "name" : "Husband",
  "uuid" : "64dc98d5-e594-4d91-8b7a-85bf65f99ebb",
  "dataType" : "NA",
  "active" : true
}, {
  "name" : "If yes, how much ration is given?",
  "uuid" : "ac8a745a-50e0-4559-af07-5365d6ad6846",
  "dataType" : "Coded",
  "active" : true,
  "answers" : [ {
    "name" : "Full",
    "uuid" : "ef0a5ff9-bce8-4722-b34b-244c576f3bd7",
    "order" : 0.0
  }, {
    "name" : "Less",
    "uuid" : "10201f44-f0ff-4342-a318-577f70cc9acc",
    "order" : 1.0
  } ]
}, {
  "name" : "If yes, then the nutritional items is received?",
  "uuid" : "9fc0261e-d7f5-4abe-9978-5b74d4f3f5b7",
  "dataType" : "Coded",
  "active" : true,
  "answers" : [ {
    "name" : "Yes",
    "uuid" : "2f93db8a-0e68-4f70-8921-b7028689839f",
    "order" : 0.0
  }, {
    "name" : "No",
    "uuid" : "10d045f7-d260-4fe4-9941-d2d795d468a5",
    "order" : 1.0
  }, {
    "name" : "Benefits received with the help of Saaras",
    "uuid" : "e04da5e3-2352-4a4d-a7ca-0a9c6e6ca46c",
    "order" : 2.0
  } ]
}, {
  "name" : "In process",
  "uuid" : "41d2a950-9a29-46c7-a529-69adf8b31d3e",
  "dataType" : "NA",
  "active" : true
}, {
  "name" : "Indira Gandhi National Disabled Pension Scheme",
  "uuid" : "ed2e5464-8ae2-43c5-b497-58399ee5aec4",
  "dataType" : "NA",
  "active" : true,
  "keyValues" : [ {
    "key" : "minimumAge",
    "value" : 18
  }, {
    "key" : "maximumAge",
    "value" : 79
  }, {
    "key" : "male",
    "value" : "yes"
  }, {
    "key" : "female",
    "value" : "yes"
  }, {
    "key" : "Uttar Pradesh",
    "value" : "no"
  }, {
    "key" : "Haryana",
    "value" : "no"
  }, {
    "key" : "Jharkhand",
    "value" : "no"
  }, {
    "key" : "Rajasthan",
    "value" : "no"
  }, {
    "key" : "Chattisgarh",
    "value" : "yes"
  } ]
}, {
  "name" : "Indira Gandhi National Old Age Pension Scheme",
  "uuid" : "e772d477-5b6b-4637-8872-4ac079012752",
  "dataType" : "NA",
  "active" : true,
  "keyValues" : [ {
    "key" : "minimumAge",
    "value" : 60
  }, {
    "key" : "maximumAge",
    "value" : 200
  }, {
    "key" : "male",
    "value" : "yes"
  }, {
    "key" : "female",
    "value" : "yes"
  }, {
    "key" : "Uttar Pradesh",
    "value" : "no"
  }, {
    "key" : "Haryana",
    "value" : "no"
  }, {
    "key" : "Jharkhand",
    "value" : "no"
  }, {
    "key" : "Rajasthan",
    "value" : "no"
  }, {
    "key" : "Chattisgarh",
    "value" : "yes"
  } ]
}, {
  "name" : "Indira Gandhi National Widow Pension Scheme",
  "uuid" : "efdd4dc7-70ba-4c4a-9e30-33edbeb92215",
  "dataType" : "NA",
  "active" : true,
  "keyValues" : [ {
    "key" : "minimumAge",
    "value" : 40
  }, {
    "key" : "maximumAge",
    "value" : 79
  }, {
    "key" : "male",
    "value" : "no"
  }, {
    "key" : "female",
    "value" : "yes"
  }, {
    "key" : "Uttar Pradesh",
    "value" : "no"
  }, {
    "key" : "Haryana",
    "value" : "no"
  }, {
    "key" : "Jharkhand",
    "value" : "no"
  }, {
    "key" : "Rajasthan",
    "value" : "no"
  }, {
    "key" : "Chattisgarh",
    "value" : "yes"
  } ]
}, {
  "name" : "Ineligible",
  "uuid" : "9f689065-97c6-4e49-82db-896521689774",
  "dataType" : "NA",
  "active" : true
}, {
  "name" : "Jain",
  "uuid" : "d55c2d0c-584d-41b1-a231-f23cb47d4f95",
  "dataType" : "NA",
  "active" : true
}, {
  "name" : "Jan dhan account",
  "uuid" : "2cd9f8df-7acd-4743-8b8d-9a61a6261ec9",
  "dataType" : "Coded",
  "active" : true,
  "answers" : [ {
    "name" : "Yes",
    "uuid" : "2f93db8a-0e68-4f70-8921-b7028689839f",
    "order" : 0.0
  }, {
    "name" : "No",
    "uuid" : "10d045f7-d260-4fe4-9941-d2d795d468a5",
    "order" : 1.0
  }, {
    "name" : "Benefit received with the help of Saaras",
    "uuid" : "a69d6a60-ef6a-4541-81a9-984d51e46922",
    "order" : 2.0
  } ]
}, {
  "name" : "Jannani Suraksha Yojna",
  "uuid" : "f76cae8b-2c50-417c-9b60-c528dc2a63dc",
  "dataType" : "NA",
  "active" : true,
  "keyValues" : [ {
    "key" : "minimumAge",
    "value" : 18
  }, {
    "key" : "maximumAge",
    "value" : 200
  }, {
    "key" : "male",
    "value" : "no"
  }, {
    "key" : "female",
    "value" : "yes"
  }, {
    "key" : "Uttar Pradesh",
    "value" : "yes"
  }, {
    "key" : "Haryana",
    "value" : "yes"
  }, {
    "key" : "Jharkhand",
    "value" : "yes"
  }, {
    "key" : "Rajasthan",
    "value" : "yes"
  }, {
    "key" : "Chattisgarh",
    "value" : "yes"
  } ]
}, {
  "name" : "Jawahar Navodaya Vidyalaya",
  "uuid" : "8bb681cf-06f5-449d-8fe0-ae9921a8c273",
  "dataType" : "NA",
  "active" : true,
  "keyValues" : [ {
    "key" : "minimumAge",
    "value" : 9
  }, {
    "key" : "maximumAge",
    "value" : 11
  }, {
    "key" : "male",
    "value" : "yes"
  }, {
    "key" : "female",
    "value" : "yes"
  }, {
    "key" : "Uttar Pradesh",
    "value" : "yes"
  }, {
    "key" : "Haryana",
    "value" : "yes"
  }, {
    "key" : "Jharkhand",
    "value" : "yes"
  }, {
    "key" : "Rajasthan",
    "value" : "yes"
  }, {
    "key" : "Chattisgarh",
    "value" : "yes"
  } ]
}, {
  "name" : "Jharkhand",
  "uuid" : "8d6750d4-2d53-417f-ab5e-a0a6f58fb23d",
  "dataType" : "NA",
  "active" : true
}, {
  "name" : "Jharkhand Savitribai Phule Kishori Samriddhi Yojana",
  "uuid" : "8cef2b54-e014-499e-9656-c957c4f85756",
  "dataType" : "NA",
  "active" : true,
  "keyValues" : [ {
    "key" : "minimumAge",
    "value" : 11
  }, {
    "key" : "maximumAge",
    "value" : 18
  }, {
    "key" : "male",
    "value" : "no"
  }, {
    "key" : "female",
    "value" : "yes"
  }, {
    "key" : "Uttar Pradesh",
    "value" : "no"
  }, {
    "key" : "Haryana",
    "value" : "no"
  }, {
    "key" : "Jharkhand",
    "value" : "yes"
  }, {
    "key" : "Rajasthan",
    "value" : "no"
  }, {
    "key" : "Chattisgarh",
    "value" : "no"
  } ]
}, {
  "name" : "Kanya Sumangala Yojana",
  "uuid" : "270d426d-b413-475b-80c7-62a8ae87e4ea",
  "dataType" : "NA",
  "active" : true,
  "keyValues" : [ {
    "key" : "minimumAge",
    "value" : 0
  }, {
    "key" : "maximumAge",
    "value" : 20
  }, {
    "key" : "male",
    "value" : "no"
  }, {
    "key" : "female",
    "value" : "yes"
  }, {
    "key" : "Uttar Pradesh",
    "value" : "yes"
  }, {
    "key" : "Haryana",
    "value" : "no"
  }, {
    "key" : "Jharkhand",
    "value" : "no"
  }, {
    "key" : "Rajasthan",
    "value" : "no"
  }, {
    "key" : "Chattisgarh",
    "value" : "no"
  } ]
}, {
  "name" : "Labour card",
  "uuid" : "00f5cefd-914e-40b3-b46a-04361d2e3820",
  "dataType" : "Coded",
  "active" : true,
  "answers" : [ {
    "name" : "Yes",
    "uuid" : "2f93db8a-0e68-4f70-8921-b7028689839f",
    "order" : 0.0
  }, {
    "name" : "No",
    "uuid" : "10d045f7-d260-4fe4-9941-d2d795d468a5",
    "order" : 1.0
  }, {
    "name" : "Benefit received with the help of Saaras",
    "uuid" : "a69d6a60-ef6a-4541-81a9-984d51e46922",
    "order" : 2.0
  } ]
}, {
  "name" : "Labour Card",
  "uuid" : "98412e22-b7b3-45f3-9732-b276b3b4a561",
  "dataType" : "NA",
  "active" : true,
  "keyValues" : [ {
    "key" : "minimumAge",
    "value" : 18
  }, {
    "key" : "maximumAge",
    "value" : 59
  }, {
    "key" : "male",
    "value" : "yes"
  }, {
    "key" : "female",
    "value" : "yes"
  }, {
    "key" : "Uttar Pradesh",
    "value" : "yes"
  }, {
    "key" : "Haryana",
    "value" : "yes"
  }, {
    "key" : "Jharkhand",
    "value" : "yes"
  }, {
    "key" : "Rajasthan",
    "value" : "yes"
  }, {
    "key" : "Chattisgarh",
    "value" : "yes"
  } ]
}, {
  "name" : "Labour card scheme",
  "uuid" : "cd455271-fba8-4b0e-942b-dcafd96138f5",
  "dataType" : "NA",
  "active" : true
}, {
  "name" : "Labour card status",
  "uuid" : "d057a8bd-5e5f-4074-b914-69b2d613663c",
  "dataType" : "Coded",
  "active" : true,
  "answers" : [ {
    "name" : "Not eligible",
    "uuid" : "5a507a80-5b22-49cd-be4a-bf644ffaf31b",
    "order" : 0.0
  }, {
    "name" : "Already available",
    "uuid" : "4251c701-8d1c-4886-8727-3e72e797422c",
    "order" : 1.0
  }, {
    "name" : "Not available",
    "uuid" : "18cde9e9-6436-4619-8728-71372ad41d37",
    "order" : 2.0
  }, {
    "name" : "Applied by Saaras",
    "uuid" : "b864d88f-8f94-45b0-9e34-b45524495de0",
    "order" : 3.0
  }, {
    "name" : "Received through Saaras",
    "uuid" : "3a6dbc57-80e8-404b-bc86-128ed9ebe2c2",
    "order" : 4.0
  }, {
    "name" : "Rejected through Saaras",
    "uuid" : "dc471fd8-aca6-432d-b743-75353be3877c",
    "order" : 5.0
  } ]
}, {
  "name" : "Ladli samajik suraksha bhatta yojna",
  "uuid" : "047c16fd-82e9-46b1-a563-117cbdd605f6",
  "dataType" : "NA",
  "active" : true,
  "keyValues" : [ {
    "key" : "minimumAge",
    "value" : 45
  }, {
    "key" : "maximumAge",
    "value" : 60
  }, {
    "key" : "male",
    "value" : "no"
  }, {
    "key" : "female",
    "value" : "yes"
  }, {
    "key" : "Uttar Pradesh",
    "value" : "no"
  }, {
    "key" : "Haryana",
    "value" : "yes"
  }, {
    "key" : "Jharkhand",
    "value" : "no"
  }, {
    "key" : "Rajasthan",
    "value" : "no"
  }, {
    "key" : "Chattisgarh",
    "value" : "no"
  } ]
}, {
  "name" : "Less",
  "uuid" : "10201f44-f0ff-4342-a318-577f70cc9acc",
  "dataType" : "NA",
  "active" : true
}, {
  "name" : "Local",
  "uuid" : "78d5dcfd-8d55-4b1e-9d3a-74b710fdc3e1",
  "dataType" : "NA",
  "active" : true
}, {
  "name" : "Location Type",
  "uuid" : "520cf197-44af-40bb-82d9-1e53a56c27f9",
  "dataType" : "Text",
  "active" : true,
  "keyValues" : [ ]
}, {
  "name" : "Maa Yojna",
  "uuid" : "f6300107-b229-4250-b120-8ee1e320016c",
  "dataType" : "NA",
  "active" : true,
  "keyValues" : [ {
    "key" : "minimumAge",
    "value" : 0
  }, {
    "key" : "maximumAge",
    "value" : 25
  }, {
    "key" : "male",
    "value" : "no"
  }, {
    "key" : "female",
    "value" : "yes"
  }, {
    "key" : "Uttar Pradesh",
    "value" : "no"
  }, {
    "key" : "Haryana",
    "value" : "no"
  }, {
    "key" : "Jharkhand",
    "value" : "no"
  }, {
    "key" : "Rajasthan",
    "value" : "yes"
  }, {
    "key" : "Chattisgarh",
    "value" : "no"
  } ]
}, {
  "name" : "Marital Status",
  "uuid" : "687c9fbe-96f6-48d3-a3dc-bb1f69580c6f",
  "dataType" : "Coded",
  "active" : true,
  "answers" : [ {
    "name" : "Unmarried",
    "uuid" : "72ff2af0-ad53-4daf-beae-239730d0eed2",
    "order" : 1.0
  }, {
    "name" : "Married",
    "uuid" : "1ba60f4f-79e2-4bb6-94d8-b06106708b14",
    "order" : 2.0
  }, {
    "name" : "Divorcee",
    "uuid" : "da7eca76-ee38-4471-8fef-3892bde681a7",
    "order" : 3.0
  }, {
    "name" : "Married but living separately",
    "uuid" : "50b2c65c-fcb0-4dd1-86c0-3aea8c627088",
    "order" : 4.0
  }, {
    "name" : "Widow",
    "uuid" : "cb91eb41-cb6c-4d95-9643-3b581c17c683",
    "order" : 5.0
  } ]
}, {
  "name" : "Married",
  "uuid" : "1ba60f4f-79e2-4bb6-94d8-b06106708b14",
  "dataType" : "NA",
  "active" : true
}, {
  "name" : "Married but living separately",
  "uuid" : "50b2c65c-fcb0-4dd1-86c0-3aea8c627088",
  "dataType" : "NA",
  "active" : true
}, {
  "name" : "Migrant",
  "uuid" : "50fb996c-a091-440d-8422-b20c3345dd34",
  "dataType" : "NA",
  "active" : true
}, {
  "name" : "Mobile No",
  "uuid" : "0faf654f-e18a-4743-b5f3-64ebf6cbf290",
  "dataType" : "Text",
  "active" : true
}, {
  "name" : "Mobile number",
  "uuid" : "1936f5fb-43e7-4116-b9b8-362ae9e514af",
  "dataType" : "PhoneNumber",
  "active" : true,
  "keyValues" : [ {
    "key" : "verifyPhoneNumber",
    "value" : false
  } ]
}, {
  "name" : "Monthly income",
  "uuid" : "43190074-44ad-41cd-89a2-55a6e33c5baa",
  "dataType" : "Coded",
  "active" : true,
  "answers" : [ {
    "name" : "0 - 5000",
    "uuid" : "91f6a6c8-8b8e-4014-b015-103af1a4ec92",
    "order" : 1.0
  }, {
    "name" : "5000 - 10000",
    "uuid" : "54d5eb61-cf22-463c-bc87-8ebd69f904dd",
    "order" : 2.0
  }, {
    "name" : "10000 - 15000",
    "uuid" : "0e0bd38f-b986-44a6-b0d0-280df50afb47",
    "order" : 3.0
  }, {
    "name" : "Above 15000",
    "uuid" : "26274583-22fc-4ea6-a3f5-9df1762494a4",
    "order" : 4.0
  } ],
  "keyValues" : [ {
    "key" : "dffds",
    "value" : "xffgdf"
  } ]
}, {
  "name" : "Mukhyamantri Mainiyan Samman Yojana Jharkhand",
  "uuid" : "699b5c9e-f071-436a-9e59-dbac1a79127a",
  "dataType" : "NA",
  "active" : true,
  "keyValues" : [ {
    "key" : "minimumAge",
    "value" : 18
  }, {
    "key" : "maximumAge",
    "value" : 50
  }, {
    "key" : "male",
    "value" : "no"
  }, {
    "key" : "female",
    "value" : "yes"
  }, {
    "key" : "Uttar Pradesh",
    "value" : "no"
  }, {
    "key" : "Haryana",
    "value" : "no"
  }, {
    "key" : "Jharkhand",
    "value" : "yes"
  }, {
    "key" : "Rajasthan",
    "value" : "no"
  }, {
    "key" : "Chattisgarh",
    "value" : "no"
  } ]
}, {
  "name" : "Mukhyamantri Maiya Samaan Yojana",
  "uuid" : "6dc90d75-c000-45f4-9f25-43d1b7463550",
  "dataType" : "NA",
  "active" : true,
  "keyValues" : [ {
    "key" : "minimumAge",
    "value" : 18
  }, {
    "key" : "maximumAge",
    "value" : 60
  }, {
    "key" : "male",
    "value" : "no"
  }, {
    "key" : "female",
    "value" : "yes"
  }, {
    "key" : "Uttar Pradesh",
    "value" : "no"
  }, {
    "key" : "Haryana",
    "value" : "no"
  }, {
    "key" : "Jharkhand",
    "value" : "yes"
  }, {
    "key" : "Rajasthan",
    "value" : "no"
  }, {
    "key" : "Chattisgarh",
    "value" : "no"
  } ]
}, {
  "name" : "Mukhyamantri Pension Scheme",
  "uuid" : "327762e8-66f4-4f7b-b8d2-caac2f4122fb",
  "dataType" : "NA",
  "active" : true,
  "keyValues" : [ {
    "key" : "minimumAge",
    "value" : 18
  }, {
    "key" : "maximumAge",
    "value" : 200
  }, {
    "key" : "male",
    "value" : "yes"
  }, {
    "key" : "female",
    "value" : "yes"
  }, {
    "key" : "Uttar Pradesh",
    "value" : "no"
  }, {
    "key" : "Haryana",
    "value" : "no"
  }, {
    "key" : "Jharkhand",
    "value" : "no"
  }, {
    "key" : "Rajasthan",
    "value" : "no"
  }, {
    "key" : "Chattisgarh",
    "value" : "yes"
  } ]
}, {
  "name" : "Mukhyamantri Rajshree Scheme",
  "uuid" : "864669d0-7e08-43fc-a340-c86d69199f08",
  "dataType" : "NA",
  "active" : true,
  "keyValues" : [ {
    "key" : "minimumAge",
    "value" : 0
  }, {
    "key" : "maximumAge",
    "value" : 20
  }, {
    "key" : "male",
    "value" : "no"
  }, {
    "key" : "female",
    "value" : "yes"
  }, {
    "key" : "Uttar Pradesh",
    "value" : "no"
  }, {
    "key" : "Haryana",
    "value" : "no"
  }, {
    "key" : "Jharkhand",
    "value" : "no"
  }, {
    "key" : "Rajasthan",
    "value" : "yes"
  }, {
    "key" : "Chattisgarh",
    "value" : "no"
  } ]
}, {
  "name" : "Muslim",
  "uuid" : "cd280983-3045-49f8-8770-d8767c55ae1d",
  "dataType" : "NA",
  "active" : true
}, {
  "name" : "Nirashrit Pension Yojna",
  "uuid" : "541b3465-c7fd-4322-a6b8-88a0406255d5",
  "dataType" : "NA",
  "active" : true,
  "keyValues" : [ {
    "key" : "minimumAge",
    "value" : 0
  }, {
    "key" : "maximumAge",
    "value" : 18
  }, {
    "key" : "male",
    "value" : "yes"
  }, {
    "key" : "female",
    "value" : "yes"
  }, {
    "key" : "Uttar Pradesh",
    "value" : "no"
  }, {
    "key" : "Haryana",
    "value" : "yes"
  }, {
    "key" : "Jharkhand",
    "value" : "no"
  }, {
    "key" : "Rajasthan",
    "value" : "no"
  }, {
    "key" : "Chattisgarh",
    "value" : "no"
  } ]
}, {
  "name" : "No",
  "uuid" : "10d045f7-d260-4fe4-9941-d2d795d468a5",
  "dataType" : "NA",
  "active" : true
}, {
  "name" : "Not available",
  "uuid" : "18cde9e9-6436-4619-8728-71372ad41d37",
  "dataType" : "NA",
  "active" : true
}, {
  "name" : "Not eligible",
  "uuid" : "5a507a80-5b22-49cd-be4a-bf644ffaf31b",
  "dataType" : "NA",
  "active" : true
}, {
  "name" : "Old age pension",
  "uuid" : "a77af01b-f8e0-4043-8332-1d2729d18eac",
  "dataType" : "NA",
  "active" : true,
  "keyValues" : [ {
    "key" : "minimumAge",
    "value" : 60
  }, {
    "key" : "maximumAge",
    "value" : 200
  }, {
    "key" : "male",
    "value" : "yes"
  }, {
    "key" : "female",
    "value" : "yes"
  }, {
    "key" : "Uttar Pradesh",
    "value" : "yes"
  }, {
    "key" : "Haryana",
    "value" : "yes"
  }, {
    "key" : "Jharkhand",
    "value" : "yes"
  }, {
    "key" : "Rajasthan",
    "value" : "yes"
  }, {
    "key" : "Chattisgarh",
    "value" : "no"
  } ]
}, {
  "name" : "Other",
  "uuid" : "6ad00a35-709f-4f4a-b860-29d503589897",
  "dataType" : "NA",
  "active" : true
}, {
  "name" : "Other Scheme",
  "uuid" : "ac0c1c4d-b51b-4bd4-a4c0-a0b6a604e3fe",
  "dataType" : "NA",
  "active" : true
}, {
  "name" : "Other scheme details",
  "uuid" : "c1bc0bd2-bea6-4cac-ac42-45f7adb49559",
  "dataType" : "Text",
  "active" : true
}, {
  "name" : "overall stage",
  "uuid" : "8637a3a0-b58c-4a4a-a4ce-8afbb563b5c8",
  "dataType" : "Coded",
  "active" : true,
  "answers" : [ {
    "name" : "Ready for application",
    "uuid" : "1f40da7a-1eea-40a3-aaf8-c5ccb5245858",
    "order" : 0.0
  }, {
    "name" : "Application has been made",
    "uuid" : "76575e8b-1d36-400f-8906-d3c0ce38cf45",
    "order" : 1.0
  }, {
    "name" : "Documentation",
    "uuid" : "b4bbe3fb-f882-43b8-8981-6f9cccc3733d",
    "order" : 2.0
  }, {
    "name" : "Benefits already received",
    "uuid" : "e567b270-96f9-49e2-a09e-d14f6a2bbcd5",
    "order" : 3.0
  }, {
    "name" : "Benefit received with the help of Saaras",
    "uuid" : "a69d6a60-ef6a-4541-81a9-984d51e46922",
    "order" : 4.0
  }, {
    "name" : "Benefits not received",
    "uuid" : "62270a8a-37ee-4778-a145-ca22423c4d9a",
    "order" : 5.0
  }, {
    "name" : "Ineligible",
    "uuid" : "9f689065-97c6-4e49-82db-896521689774",
    "order" : 6.0
  } ]
}, {
  "name" : "Palanhar Scheme",
  "uuid" : "3b068d31-62f6-4842-856d-0057542f7824",
  "dataType" : "NA",
  "active" : true,
  "keyValues" : [ {
    "key" : "minimumAge",
    "value" : 0
  }, {
    "key" : "maximumAge",
    "value" : 18
  }, {
    "key" : "male",
    "value" : "yes"
  }, {
    "key" : "female",
    "value" : "yes"
  }, {
    "key" : "Uttar Pradesh",
    "value" : "no"
  }, {
    "key" : "Haryana",
    "value" : "no"
  }, {
    "key" : "Jharkhand",
    "value" : "no"
  }, {
    "key" : "Rajasthan",
    "value" : "yes"
  }, {
    "key" : "Chattisgarh",
    "value" : "no"
  } ]
}, {
  "name" : "PM Kisan Samman Nidhi Yojana",
  "uuid" : "b404f2a2-bd4a-4482-80f5-689902b7b95f",
  "dataType" : "NA",
  "active" : true,
  "keyValues" : [ {
    "key" : "minimumAge",
    "value" : 1
  }, {
    "key" : "maximumAge",
    "value" : 200
  }, {
    "key" : "male",
    "value" : "yes"
  }, {
    "key" : "female",
    "value" : "yes"
  }, {
    "key" : "Uttar Pradesh",
    "value" : "yes"
  }, {
    "key" : "Haryana",
    "value" : "yes"
  }, {
    "key" : "Jharkhand",
    "value" : "yes"
  }, {
    "key" : "Rajasthan",
    "value" : "yes"
  }, {
    "key" : "Chattisgarh",
    "value" : "yes"
  } ]
}, {
  "name" : "Pradhan Mantri Jan Dhan Yojana",
  "uuid" : "e3d05c9e-c31f-4392-b37f-c95da23bae1a",
  "dataType" : "NA",
  "active" : true,
  "keyValues" : [ {
    "key" : "minimumAge",
    "value" : 10
  }, {
    "key" : "maximumAge",
    "value" : 59
  }, {
    "key" : "male",
    "value" : "yes"
  }, {
    "key" : "female",
    "value" : "yes"
  }, {
    "key" : "Uttar Pradesh",
    "value" : "yes"
  }, {
    "key" : "Haryana",
    "value" : "yes"
  }, {
    "key" : "Jharkhand",
    "value" : "yes"
  }, {
    "key" : "Rajasthan",
    "value" : "yes"
  }, {
    "key" : "Chattisgarh",
    "value" : "yes"
  } ]
}, {
  "name" : "Pradhan Mantri Jivan Jyoti Bima Yojna",
  "uuid" : "d9c6420f-300b-4fe4-a947-4d7f96e0354b",
  "dataType" : "NA",
  "active" : true,
  "keyValues" : [ {
    "key" : "minimumAge",
    "value" : 18
  }, {
    "key" : "maximumAge",
    "value" : 50
  }, {
    "key" : "male",
    "value" : "yes"
  }, {
    "key" : "female",
    "value" : "yes"
  }, {
    "key" : "Uttar Pradesh",
    "value" : "yes"
  }, {
    "key" : "Haryana",
    "value" : "yes"
  }, {
    "key" : "Jharkhand",
    "value" : "yes"
  }, {
    "key" : "Rajasthan",
    "value" : "yes"
  }, {
    "key" : "Chattisgarh",
    "value" : "yes"
  } ]
}, {
  "name" : "Pradhan Mantri Matru Vandana Yojana",
  "uuid" : "9e562393-5295-4e84-a729-1357240cf9c7",
  "dataType" : "NA",
  "active" : true,
  "keyValues" : [ {
    "key" : "minimumAge",
    "value" : 18
  }, {
    "key" : "maximumAge",
    "value" : 200
  }, {
    "key" : "male",
    "value" : "no"
  }, {
    "key" : "female",
    "value" : "yes"
  }, {
    "key" : "Uttar Pradesh",
    "value" : "yes"
  }, {
    "key" : "Haryana",
    "value" : "yes"
  }, {
    "key" : "Jharkhand",
    "value" : "yes"
  }, {
    "key" : "Rajasthan",
    "value" : "yes"
  }, {
    "key" : "Chattisgarh",
    "value" : "yes"
  } ]
}, {
  "name" : "Pradhan Mantri Suraksha Bima Yojana",
  "uuid" : "e8f76f25-0ca7-4cf4-80b8-2ea4109a67ab",
  "dataType" : "NA",
  "active" : true,
  "keyValues" : [ {
    "key" : "minimumAge",
    "value" : 18
  }, {
    "key" : "maximumAge",
    "value" : 70
  }, {
    "key" : "male",
    "value" : "yes"
  }, {
    "key" : "female",
    "value" : "yes"
  }, {
    "key" : "Uttar Pradesh",
    "value" : "yes"
  }, {
    "key" : "Haryana",
    "value" : "yes"
  }, {
    "key" : "Jharkhand",
    "value" : "yes"
  }, {
    "key" : "Rajasthan",
    "value" : "yes"
  }, {
    "key" : "Chattisgarh",
    "value" : "yes"
  } ]
}, {
  "name" : "Private sector job",
  "uuid" : "32fd522d-6cfd-4ee7-bb87-0665e789a363",
  "dataType" : "NA",
  "active" : true
}, {
  "name" : "Rajasthan",
  "uuid" : "e639b0b7-4d7e-4c85-8fa8-f5d1e654eaad",
  "dataType" : "NA",
  "active" : true
}, {
  "name" : "Rashtriye Pariwar Sahayta Yojna",
  "uuid" : "03bd60e2-9f1c-4fb8-b8cf-e21fdac3864b",
  "dataType" : "NA",
  "active" : true,
  "keyValues" : [ {
    "key" : "minimumAge",
    "value" : 18
  }, {
    "key" : "maximumAge",
    "value" : 60
  }, {
    "key" : "male",
    "value" : "yes"
  }, {
    "key" : "female",
    "value" : "yes"
  }, {
    "key" : "Uttar Pradesh",
    "value" : "no"
  }, {
    "key" : "Haryana",
    "value" : "no"
  }, {
    "key" : "Jharkhand",
    "value" : "no"
  }, {
    "key" : "Rajasthan",
    "value" : "yes"
  }, {
    "key" : "Chattisgarh",
    "value" : "yes"
  } ]
}, {
  "name" : "Ration Card",
  "uuid" : "356da551-767d-46e5-8049-44b843c0fc00",
  "dataType" : "NA",
  "active" : true,
  "keyValues" : [ {
    "key" : "minimumAge",
    "value" : 0
  }, {
    "key" : "maximumAge",
    "value" : 200
  }, {
    "key" : "male",
    "value" : "yes"
  }, {
    "key" : "female",
    "value" : "yes"
  }, {
    "key" : "Uttar Pradesh",
    "value" : "yes"
  }, {
    "key" : "Haryana",
    "value" : "yes"
  }, {
    "key" : "Jharkhand",
    "value" : "yes"
  }, {
    "key" : "Rajasthan",
    "value" : "yes"
  }, {
    "key" : "Chattisgarh",
    "value" : "yes"
  } ]
}, {
  "name" : "Ready for application",
  "uuid" : "1f40da7a-1eea-40a3-aaf8-c5ccb5245858",
  "dataType" : "NA",
  "active" : true
}, {
  "name" : "Received through Saaras",
  "uuid" : "3a6dbc57-80e8-404b-bc86-128ed9ebe2c2",
  "dataType" : "NA",
  "active" : true
}, {
  "name" : "Rejected",
  "uuid" : "507f9677-f93b-4b79-b467-0f9bd62b35c7",
  "dataType" : "NA",
  "active" : true
}, {
  "name" : "Rejected through Saaras",
  "uuid" : "dc471fd8-aca6-432d-b743-75353be3877c",
  "dataType" : "NA",
  "active" : true
}, {
  "name" : "Religion",
  "uuid" : "639fa4c5-bee8-4eb9-9b5e-c11f5047b937",
  "dataType" : "Coded",
  "active" : true,
  "answers" : [ {
    "name" : "Hindu",
    "uuid" : "b098cebe-2c4c-4ba1-b05f-b986f0260992",
    "order" : 0.0
  }, {
    "name" : "Muslim",
    "uuid" : "cd280983-3045-49f8-8770-d8767c55ae1d",
    "order" : 1.0
  }, {
    "name" : "Christian",
    "uuid" : "f78bf690-28b6-4ed1-8bbf-1c1be9ee74ae",
    "order" : 2.0
  }, {
    "name" : "Sikh",
    "uuid" : "7fbda44b-b856-4891-8cda-da0fa1b316e0",
    "order" : 3.0
  }, {
    "name" : "Jain",
    "uuid" : "d55c2d0c-584d-41b1-a231-f23cb47d4f95",
    "order" : 4.0
  }, {
    "name" : "Baudh",
    "uuid" : "5477c18b-7190-4068-ae8f-59f5560071b7",
    "order" : 5.0
  }, {
    "name" : "Other",
    "uuid" : "6ad00a35-709f-4f4a-b860-29d503589897",
    "order" : 6.0
  } ]
}, {
  "name" : "Remarks",
  "uuid" : "e7f44ea9-66dd-448b-b261-61dad48b15ff",
  "dataType" : "Text",
  "active" : true
}, {
  "name" : "Respondent Category",
  "uuid" : "249bdac3-ba49-43e3-ac5c-f5636da3abd4",
  "dataType" : "Coded",
  "active" : true,
  "answers" : [ {
    "name" : "Local",
    "uuid" : "78d5dcfd-8d55-4b1e-9d3a-74b710fdc3e1",
    "order" : 0.0
  }, {
    "name" : "Migrant",
    "uuid" : "50fb996c-a091-440d-8422-b20c3345dd34",
    "order" : 1.0
  } ]
}, {
  "name" : "Right to Education",
  "uuid" : "8e8f666a-a50b-4a48-a744-9fdbdce174f8",
  "dataType" : "NA",
  "active" : true,
  "keyValues" : [ {
    "key" : "minimumAge",
    "value" : 3
  }, {
    "key" : "maximumAge",
    "value" : 7
  }, {
    "key" : "male",
    "value" : "yes"
  }, {
    "key" : "female",
    "value" : "yes"
  }, {
    "key" : "Uttar Pradesh",
    "value" : "yes"
  }, {
    "key" : "Haryana",
    "value" : "no"
  }, {
    "key" : "Jharkhand",
    "value" : "yes"
  }, {
    "key" : "Rajasthan",
    "value" : "yes"
  }, {
    "key" : "Chattisgarh",
    "value" : "yes"
  } ]
}, {
  "name" : "RTE Haryana Admission",
  "uuid" : "7cb9484e-7417-486a-9d9c-f0522bddf0a2",
  "dataType" : "NA",
  "active" : true,
  "keyValues" : [ {
    "key" : "minimumAge",
    "value" : 4
  }, {
    "key" : "maximumAge",
    "value" : 7
  }, {
    "key" : "male",
    "value" : "yes"
  }, {
    "key" : "female",
    "value" : "yes"
  }, {
    "key" : "Uttar Pradesh",
    "value" : "no"
  }, {
    "key" : "Haryana",
    "value" : "yes"
  }, {
    "key" : "Jharkhand",
    "value" : "no"
  }, {
    "key" : "Rajasthan",
    "value" : "no"
  }, {
    "key" : "Chattisgarh",
    "value" : "no"
  } ]
}, {
  "name" : "Samajik suraksha pension",
  "uuid" : "0f6d840b-65ca-42fd-a8de-2c523a3e5999",
  "dataType" : "NA",
  "active" : true,
  "keyValues" : [ {
    "key" : "minimumAge",
    "value" : 6
  }, {
    "key" : "maximumAge",
    "value" : 200
  }, {
    "key" : "male",
    "value" : "yes"
  }, {
    "key" : "female",
    "value" : "yes"
  }, {
    "key" : "Uttar Pradesh",
    "value" : "no"
  }, {
    "key" : "Haryana",
    "value" : "no"
  }, {
    "key" : "Jharkhand",
    "value" : "no"
  }, {
    "key" : "Rajasthan",
    "value" : "no"
  }, {
    "key" : "Chattisgarh",
    "value" : "yes"
  } ]
}, {
  "name" : "Samarth vikash yojna",
  "uuid" : "43c6002e-264f-4131-be83-04a584611746",
  "dataType" : "NA",
  "active" : true
}, {
  "name" : "Scheduled caste",
  "uuid" : "dd5e6a47-42da-4148-932d-fe51afcb598a",
  "dataType" : "NA",
  "active" : true
}, {
  "name" : "Scheduled Tribe",
  "uuid" : "3127aac6-8e50-4101-8aba-fdee579efb69",
  "dataType" : "NA",
  "active" : true
}, {
  "name" : "Scholarship(Govt)",
  "uuid" : "fbb2f4e3-a226-43bc-8c15-e9dbde917b52",
  "dataType" : "NA",
  "active" : true,
  "keyValues" : [ {
    "key" : "minimumAge",
    "value" : 10
  }, {
    "key" : "maximumAge",
    "value" : 25
  }, {
    "key" : "male",
    "value" : "yes"
  }, {
    "key" : "female",
    "value" : "yes"
  }, {
    "key" : "Uttar Pradesh",
    "value" : "yes"
  }, {
    "key" : "Haryana",
    "value" : "yes"
  }, {
    "key" : "Jharkhand",
    "value" : "yes"
  }, {
    "key" : "Rajasthan",
    "value" : "yes"
  }, {
    "key" : "Chattisgarh",
    "value" : "yes"
  } ]
}, {
  "name" : "Scholarship(Private)",
  "uuid" : "b8d30488-3d59-4cab-80a2-d13a089f4539",
  "dataType" : "NA",
  "active" : true,
  "keyValues" : [ {
    "key" : "minimumAge",
    "value" : 5
  }, {
    "key" : "maximumAge",
    "value" : 200
  }, {
    "key" : "male",
    "value" : "yes"
  }, {
    "key" : "female",
    "value" : "yes"
  }, {
    "key" : "Uttar Pradesh",
    "value" : "yes"
  }, {
    "key" : "Haryana",
    "value" : "yes"
  }, {
    "key" : "Jharkhand",
    "value" : "yes"
  }, {
    "key" : "Rajasthan",
    "value" : "yes"
  }, {
    "key" : "Chattisgarh",
    "value" : "yes"
  } ]
}, {
  "name" : "Senior citizens remarks",
  "uuid" : "944bafb9-0fee-42bb-817a-3357cabfec8b",
  "dataType" : "Text",
  "active" : true
}, {
  "name" : "Sikh",
  "uuid" : "7fbda44b-b856-4891-8cda-da0fa1b316e0",
  "dataType" : "NA",
  "active" : true
}, {
  "name" : "Silicosis",
  "uuid" : "d15d68a7-4f1c-47dd-8bb5-16d6e32f1e45",
  "dataType" : "NA",
  "active" : true,
  "keyValues" : [ {
    "key" : "minimumAge",
    "value" : 18
  }, {
    "key" : "maximumAge",
    "value" : 60
  }, {
    "key" : "male",
    "value" : "yes"
  }, {
    "key" : "female",
    "value" : "yes"
  }, {
    "key" : "Uttar Pradesh",
    "value" : "no"
  }, {
    "key" : "Haryana",
    "value" : "no"
  }, {
    "key" : "Jharkhand",
    "value" : "no"
  }, {
    "key" : "Rajasthan",
    "value" : "yes"
  }, {
    "key" : "Chattisgarh",
    "value" : "no"
  } ]
}, {
  "name" : "Social class",
  "uuid" : "e5a0371b-426b-43f7-814d-1fc1fdd17667",
  "dataType" : "Coded",
  "active" : true,
  "answers" : [ {
    "name" : "General",
    "uuid" : "5ae3d8a6-6952-4137-9052-0e0da65a9b47",
    "order" : 0.0
  }, {
    "name" : "Backward caste",
    "uuid" : "488d15f4-052f-4a21-a179-45f4e4a4b8bb",
    "order" : 1.0
  }, {
    "name" : "Scheduled caste",
    "uuid" : "dd5e6a47-42da-4148-932d-fe51afcb598a",
    "order" : 2.0
  }, {
    "name" : "Scheduled Tribe",
    "uuid" : "3127aac6-8e50-4101-8aba-fdee579efb69",
    "order" : 3.0
  } ]
}, {
  "name" : "Stage of ABY application",
  "uuid" : "6db5ece1-a435-4d5b-80df-2b56716d7ece",
  "dataType" : "Coded",
  "active" : true,
  "answers" : [ {
    "name" : "Applied",
    "uuid" : "841f4f34-dd9c-484e-a972-f0af0caffbd3",
    "order" : 0.0
  }, {
    "name" : "In process",
    "uuid" : "41d2a950-9a29-46c7-a529-69adf8b31d3e",
    "order" : 1.0
  }, {
    "name" : "Benefits received",
    "uuid" : "322d32df-9cd4-4d7b-9fc6-8fcf1225009a",
    "order" : 2.0
  }, {
    "name" : "Rejected",
    "uuid" : "507f9677-f93b-4b79-b467-0f9bd62b35c7",
    "order" : 3.0
  }, {
    "name" : "Grivence",
    "uuid" : "de062e72-e338-4782-909d-f9ef82c69161",
    "order" : 4.0
  } ]
}, {
  "name" : "Stage of application",
  "uuid" : "69f450f4-1018-47bb-a22c-9db08f08f792",
  "dataType" : "Coded",
  "active" : true,
  "answers" : [ {
    "name" : "Applied",
    "uuid" : "841f4f34-dd9c-484e-a972-f0af0caffbd3",
    "order" : 0.0
  }, {
    "name" : "In process",
    "uuid" : "41d2a950-9a29-46c7-a529-69adf8b31d3e",
    "order" : 1.0
  }, {
    "name" : "Benefits received",
    "uuid" : "322d32df-9cd4-4d7b-9fc6-8fcf1225009a",
    "order" : 2.0
  }, {
    "name" : "Rejected",
    "uuid" : "507f9677-f93b-4b79-b467-0f9bd62b35c7",
    "order" : 3.0
  }, {
    "name" : "Grivence",
    "uuid" : "de062e72-e338-4782-909d-f9ef82c69161",
    "order" : 4.0
  }, {
    "name" : "Benefits are secured",
    "uuid" : "1c4f7905-fe78-49e3-86c6-670f81068a6a",
    "order" : 5.0
  } ]
}, {
  "name" : "Stage of application QG",
  "uuid" : "8ca06766-0f20-4183-964a-44f64f5ffabb",
  "dataType" : "QuestionGroup",
  "active" : true,
  "keyValues" : [ ]
}, {
  "name" : "Stage of Disability Pension application",
  "uuid" : "63be332b-08c0-40f6-b797-ae0fee27f950",
  "dataType" : "Coded",
  "active" : true,
  "answers" : [ {
    "name" : "Applied",
    "uuid" : "841f4f34-dd9c-484e-a972-f0af0caffbd3",
    "order" : 0.0
  }, {
    "name" : "In process",
    "uuid" : "41d2a950-9a29-46c7-a529-69adf8b31d3e",
    "order" : 1.0
  }, {
    "name" : "Benefits received",
    "uuid" : "322d32df-9cd4-4d7b-9fc6-8fcf1225009a",
    "order" : 2.0
  }, {
    "name" : "Rejected",
    "uuid" : "507f9677-f93b-4b79-b467-0f9bd62b35c7",
    "order" : 3.0
  }, {
    "name" : "Grivence",
    "uuid" : "de062e72-e338-4782-909d-f9ef82c69161",
    "order" : 4.0
  } ]
}, {
  "name" : "Stage of E-shram card",
  "uuid" : "d984193f-065c-4cc4-9843-d400f44f0b6b",
  "dataType" : "Coded",
  "active" : true,
  "answers" : [ {
    "name" : "Applied",
    "uuid" : "841f4f34-dd9c-484e-a972-f0af0caffbd3",
    "order" : 0.0
  }, {
    "name" : "In process",
    "uuid" : "41d2a950-9a29-46c7-a529-69adf8b31d3e",
    "order" : 1.0
  }, {
    "name" : "Benefits received",
    "uuid" : "322d32df-9cd4-4d7b-9fc6-8fcf1225009a",
    "order" : 2.0
  }, {
    "name" : "Rejected",
    "uuid" : "507f9677-f93b-4b79-b467-0f9bd62b35c7",
    "order" : 3.0
  }, {
    "name" : "Grivence",
    "uuid" : "de062e72-e338-4782-909d-f9ef82c69161",
    "order" : 4.0
  } ]
}, {
  "name" : "Stage of FSM(Free silai machine) application",
  "uuid" : "f468a68a-f92f-4532-98d3-bf6e07c6743c",
  "dataType" : "Coded",
  "active" : true,
  "answers" : [ {
    "name" : "Applied",
    "uuid" : "841f4f34-dd9c-484e-a972-f0af0caffbd3",
    "order" : 0.0
  }, {
    "name" : "In process",
    "uuid" : "41d2a950-9a29-46c7-a529-69adf8b31d3e",
    "order" : 1.0
  }, {
    "name" : "Benefits received",
    "uuid" : "322d32df-9cd4-4d7b-9fc6-8fcf1225009a",
    "order" : 2.0
  }, {
    "name" : "Rejected",
    "uuid" : "507f9677-f93b-4b79-b467-0f9bd62b35c7",
    "order" : 3.0
  }, {
    "name" : "Grivence",
    "uuid" : "de062e72-e338-4782-909d-f9ef82c69161",
    "order" : 4.0
  } ]
}, {
  "name" : "Stage of KSY(Mukhya Mantri Kanya Sumangla Yojna) application",
  "uuid" : "2bae41a1-76b1-4e28-b860-a7eacb15ddc7",
  "dataType" : "Coded",
  "active" : true,
  "answers" : [ {
    "name" : "Applied",
    "uuid" : "841f4f34-dd9c-484e-a972-f0af0caffbd3",
    "order" : 0.0
  }, {
    "name" : "In process",
    "uuid" : "41d2a950-9a29-46c7-a529-69adf8b31d3e",
    "order" : 1.0
  }, {
    "name" : "Benefits received",
    "uuid" : "322d32df-9cd4-4d7b-9fc6-8fcf1225009a",
    "order" : 2.0
  }, {
    "name" : "Rejected",
    "uuid" : "507f9677-f93b-4b79-b467-0f9bd62b35c7",
    "order" : 3.0
  }, {
    "name" : "Grivence",
    "uuid" : "de062e72-e338-4782-909d-f9ef82c69161",
    "order" : 4.0
  } ]
}, {
  "name" : "Stage of Labour card application",
  "uuid" : "18345090-0b69-4393-b805-5a8c1ba6d8ca",
  "dataType" : "Coded",
  "active" : true,
  "answers" : [ {
    "name" : "Applied",
    "uuid" : "841f4f34-dd9c-484e-a972-f0af0caffbd3",
    "order" : 0.0
  }, {
    "name" : "In process",
    "uuid" : "41d2a950-9a29-46c7-a529-69adf8b31d3e",
    "order" : 1.0
  }, {
    "name" : "Benefits received",
    "uuid" : "322d32df-9cd4-4d7b-9fc6-8fcf1225009a",
    "order" : 2.0
  }, {
    "name" : "Rejected",
    "uuid" : "507f9677-f93b-4b79-b467-0f9bd62b35c7",
    "order" : 3.0
  }, {
    "name" : "Grivence",
    "uuid" : "de062e72-e338-4782-909d-f9ef82c69161",
    "order" : 4.0
  } ]
}, {
  "name" : "Stage of NFBS(National family benefit scheme) application",
  "uuid" : "387d30ac-1d4c-4e43-abd8-b0e023303f16",
  "dataType" : "Coded",
  "active" : true,
  "answers" : [ {
    "name" : "Applied",
    "uuid" : "841f4f34-dd9c-484e-a972-f0af0caffbd3",
    "order" : 0.0
  }, {
    "name" : "In process",
    "uuid" : "41d2a950-9a29-46c7-a529-69adf8b31d3e",
    "order" : 1.0
  }, {
    "name" : "Benefit received",
    "uuid" : "34654f7e-c583-4cee-93df-a4de3537808a",
    "order" : 2.0
  }, {
    "name" : "Rejected",
    "uuid" : "507f9677-f93b-4b79-b467-0f9bd62b35c7",
    "order" : 3.0
  }, {
    "name" : "Grivence",
    "uuid" : "de062e72-e338-4782-909d-f9ef82c69161",
    "order" : 4.0
  } ]
}, {
  "name" : "Stage of Old Age Pension application",
  "uuid" : "7cb9fc17-c3d2-4265-8fa5-b671e8593677",
  "dataType" : "Coded",
  "active" : true,
  "answers" : [ {
    "name" : "Applied",
    "uuid" : "841f4f34-dd9c-484e-a972-f0af0caffbd3",
    "order" : 0.0
  }, {
    "name" : "In process",
    "uuid" : "41d2a950-9a29-46c7-a529-69adf8b31d3e",
    "order" : 1.0
  }, {
    "name" : "Benefits received",
    "uuid" : "322d32df-9cd4-4d7b-9fc6-8fcf1225009a",
    "order" : 2.0
  }, {
    "name" : "Rejected",
    "uuid" : "507f9677-f93b-4b79-b467-0f9bd62b35c7",
    "order" : 3.0
  }, {
    "name" : "Grivence",
    "uuid" : "de062e72-e338-4782-909d-f9ef82c69161",
    "order" : 4.0
  } ]
}, {
  "name" : "Stage of PM SVANidhi (Pradhan Mantri Street Vendors AtmaNirbhar Nidhi) application",
  "uuid" : "0e7068e4-a427-4677-82d7-66f3a6d08710",
  "dataType" : "Coded",
  "active" : true,
  "answers" : [ {
    "name" : "Applied",
    "uuid" : "841f4f34-dd9c-484e-a972-f0af0caffbd3",
    "order" : 0.0
  }, {
    "name" : "In process",
    "uuid" : "41d2a950-9a29-46c7-a529-69adf8b31d3e",
    "order" : 1.0
  }, {
    "name" : "Benefits received",
    "uuid" : "322d32df-9cd4-4d7b-9fc6-8fcf1225009a",
    "order" : 2.0
  }, {
    "name" : "Rejected",
    "uuid" : "507f9677-f93b-4b79-b467-0f9bd62b35c7",
    "order" : 3.0
  }, {
    "name" : "Grivence",
    "uuid" : "de062e72-e338-4782-909d-f9ef82c69161",
    "order" : 4.0
  } ]
}, {
  "name" : "Stage of PMAPY (Pradhan Mantri Atal Pension Yojna) application",
  "uuid" : "8d7920af-f284-4c90-9fdf-ec55f6bbc464",
  "dataType" : "Coded",
  "active" : true,
  "answers" : [ {
    "name" : "Applied",
    "uuid" : "841f4f34-dd9c-484e-a972-f0af0caffbd3",
    "order" : 0.0
  }, {
    "name" : "In process",
    "uuid" : "41d2a950-9a29-46c7-a529-69adf8b31d3e",
    "order" : 1.0
  }, {
    "name" : "Benefits received",
    "uuid" : "322d32df-9cd4-4d7b-9fc6-8fcf1225009a",
    "order" : 2.0
  }, {
    "name" : "Rejected",
    "uuid" : "507f9677-f93b-4b79-b467-0f9bd62b35c7",
    "order" : 3.0
  }, {
    "name" : "Grivence",
    "uuid" : "de062e72-e338-4782-909d-f9ef82c69161",
    "order" : 4.0
  } ]
}, {
  "name" : "Stage of PMJDY (Pradhan Mantri Jan Dhan Yojna) application",
  "uuid" : "773cc4fb-a518-4f11-a037-e833120a698b",
  "dataType" : "Coded",
  "active" : true,
  "answers" : [ {
    "name" : "Applied",
    "uuid" : "841f4f34-dd9c-484e-a972-f0af0caffbd3",
    "order" : 0.0
  }, {
    "name" : "In process",
    "uuid" : "41d2a950-9a29-46c7-a529-69adf8b31d3e",
    "order" : 1.0
  }, {
    "name" : "Benefits received",
    "uuid" : "322d32df-9cd4-4d7b-9fc6-8fcf1225009a",
    "order" : 2.0
  }, {
    "name" : "Rejected",
    "uuid" : "507f9677-f93b-4b79-b467-0f9bd62b35c7",
    "order" : 3.0
  }, {
    "name" : "Grivence",
    "uuid" : "de062e72-e338-4782-909d-f9ef82c69161",
    "order" : 4.0
  } ]
}, {
  "name" : "Stage of PMJJBY (Pradhan Mantri Jivan Jyoti Bima Yojna)",
  "uuid" : "de57da90-3400-4974-a1ec-02c4f8002022",
  "dataType" : "Coded",
  "active" : true,
  "answers" : [ {
    "name" : "Applied",
    "uuid" : "841f4f34-dd9c-484e-a972-f0af0caffbd3",
    "order" : 0.0
  }, {
    "name" : "In process",
    "uuid" : "41d2a950-9a29-46c7-a529-69adf8b31d3e",
    "order" : 1.0
  }, {
    "name" : "Benefits received",
    "uuid" : "322d32df-9cd4-4d7b-9fc6-8fcf1225009a",
    "order" : 2.0
  }, {
    "name" : "Rejected",
    "uuid" : "507f9677-f93b-4b79-b467-0f9bd62b35c7",
    "order" : 3.0
  }, {
    "name" : "Grivence",
    "uuid" : "de062e72-e338-4782-909d-f9ef82c69161",
    "order" : 4.0
  } ]
}, {
  "name" : "Stage of PMJSY(Pradhan Mantri Jannani Suraksha Yojna) application",
  "uuid" : "038898e1-c371-4384-a93c-1239fcaba571",
  "dataType" : "Coded",
  "active" : true,
  "answers" : [ {
    "name" : "Applied",
    "uuid" : "841f4f34-dd9c-484e-a972-f0af0caffbd3",
    "order" : 0.0
  }, {
    "name" : "In process",
    "uuid" : "41d2a950-9a29-46c7-a529-69adf8b31d3e",
    "order" : 1.0
  }, {
    "name" : "Benefits received",
    "uuid" : "322d32df-9cd4-4d7b-9fc6-8fcf1225009a",
    "order" : 2.0
  }, {
    "name" : "Rejected",
    "uuid" : "507f9677-f93b-4b79-b467-0f9bd62b35c7",
    "order" : 3.0
  }, {
    "name" : "Grivence",
    "uuid" : "de062e72-e338-4782-909d-f9ef82c69161",
    "order" : 4.0
  } ]
}, {
  "name" : "Stage of PMKSNY (Pradhan Mantri Kissan Samman Nidhi Yojna) application",
  "uuid" : "5611c702-530e-4bc3-8563-c04689f523f3",
  "dataType" : "Coded",
  "active" : true,
  "answers" : [ {
    "name" : "Applied",
    "uuid" : "841f4f34-dd9c-484e-a972-f0af0caffbd3",
    "order" : 0.0
  }, {
    "name" : "In process",
    "uuid" : "41d2a950-9a29-46c7-a529-69adf8b31d3e",
    "order" : 1.0
  }, {
    "name" : "Benefits received",
    "uuid" : "322d32df-9cd4-4d7b-9fc6-8fcf1225009a",
    "order" : 2.0
  }, {
    "name" : "Rejected",
    "uuid" : "507f9677-f93b-4b79-b467-0f9bd62b35c7",
    "order" : 3.0
  }, {
    "name" : "Grivence",
    "uuid" : "de062e72-e338-4782-909d-f9ef82c69161",
    "order" : 4.0
  } ]
}, {
  "name" : "Stage of PMMVY(Padhan Mantri Matru Vandana Yojna) application",
  "uuid" : "f8f00175-9dfc-49d8-916b-cc1e57bfa34f",
  "dataType" : "Coded",
  "active" : true,
  "answers" : [ {
    "name" : "Applied",
    "uuid" : "841f4f34-dd9c-484e-a972-f0af0caffbd3",
    "order" : 0.0
  }, {
    "name" : "In process",
    "uuid" : "41d2a950-9a29-46c7-a529-69adf8b31d3e",
    "order" : 1.0
  }, {
    "name" : "Benefits received",
    "uuid" : "322d32df-9cd4-4d7b-9fc6-8fcf1225009a",
    "order" : 2.0
  }, {
    "name" : "Rejected",
    "uuid" : "507f9677-f93b-4b79-b467-0f9bd62b35c7",
    "order" : 3.0
  }, {
    "name" : "Grivence",
    "uuid" : "de062e72-e338-4782-909d-f9ef82c69161",
    "order" : 4.0
  } ]
}, {
  "name" : "Stage of PMSBY(Pradhan Mantri Suraksha Bima Yojna)",
  "uuid" : "24265e0b-0f13-41d3-a59e-6aa3ab2b39f5",
  "dataType" : "Coded",
  "active" : true,
  "answers" : [ {
    "name" : "Applied",
    "uuid" : "841f4f34-dd9c-484e-a972-f0af0caffbd3",
    "order" : 0.0
  }, {
    "name" : "In process",
    "uuid" : "41d2a950-9a29-46c7-a529-69adf8b31d3e",
    "order" : 1.0
  }, {
    "name" : "Benefits received",
    "uuid" : "322d32df-9cd4-4d7b-9fc6-8fcf1225009a",
    "order" : 2.0
  }, {
    "name" : "Rejected",
    "uuid" : "507f9677-f93b-4b79-b467-0f9bd62b35c7",
    "order" : 3.0
  }, {
    "name" : "Grivence",
    "uuid" : "de062e72-e338-4782-909d-f9ef82c69161",
    "order" : 4.0
  } ]
}, {
  "name" : "Stage of RTE (Right to education) application",
  "uuid" : "95ac20f8-0d9e-4cb6-86c3-7823f82458ae",
  "dataType" : "Coded",
  "active" : true,
  "answers" : [ {
    "name" : "Applied",
    "uuid" : "841f4f34-dd9c-484e-a972-f0af0caffbd3",
    "order" : 0.0
  }, {
    "name" : "In process",
    "uuid" : "41d2a950-9a29-46c7-a529-69adf8b31d3e",
    "order" : 1.0
  }, {
    "name" : "Benefits received",
    "uuid" : "322d32df-9cd4-4d7b-9fc6-8fcf1225009a",
    "order" : 2.0
  }, {
    "name" : "Rejected",
    "uuid" : "507f9677-f93b-4b79-b467-0f9bd62b35c7",
    "order" : 3.0
  }, {
    "name" : "Grivence",
    "uuid" : "de062e72-e338-4782-909d-f9ef82c69161",
    "order" : 4.0
  } ]
}, {
  "name" : "Stage of Samuh Vivah Yojna application",
  "uuid" : "fe0723b7-91be-4bbb-95dc-72dd730a9ce3",
  "dataType" : "Coded",
  "active" : true,
  "answers" : [ {
    "name" : "Applied",
    "uuid" : "841f4f34-dd9c-484e-a972-f0af0caffbd3",
    "order" : 0.0
  }, {
    "name" : "In process",
    "uuid" : "41d2a950-9a29-46c7-a529-69adf8b31d3e",
    "order" : 1.0
  }, {
    "name" : "Benefits received",
    "uuid" : "322d32df-9cd4-4d7b-9fc6-8fcf1225009a",
    "order" : 2.0
  }, {
    "name" : "Rejected",
    "uuid" : "507f9677-f93b-4b79-b467-0f9bd62b35c7",
    "order" : 3.0
  }, {
    "name" : "Grivence",
    "uuid" : "de062e72-e338-4782-909d-f9ef82c69161",
    "order" : 4.0
  } ]
}, {
  "name" : "Stage of Scholarship application",
  "uuid" : "38a8ad01-4fd8-46c7-975d-73599647d548",
  "dataType" : "Coded",
  "active" : true,
  "answers" : [ {
    "name" : "Applied",
    "uuid" : "841f4f34-dd9c-484e-a972-f0af0caffbd3",
    "order" : 0.0
  }, {
    "name" : "In process",
    "uuid" : "41d2a950-9a29-46c7-a529-69adf8b31d3e",
    "order" : 1.0
  }, {
    "name" : "Benefits received",
    "uuid" : "322d32df-9cd4-4d7b-9fc6-8fcf1225009a",
    "order" : 2.0
  }, {
    "name" : "Rejected",
    "uuid" : "507f9677-f93b-4b79-b467-0f9bd62b35c7",
    "order" : 3.0
  }, {
    "name" : "Grivence",
    "uuid" : "de062e72-e338-4782-909d-f9ef82c69161",
    "order" : 4.0
  } ]
}, {
  "name" : "Stage of SSY (Sukanya Samridhi Yojna) application",
  "uuid" : "9e5b85a0-5c76-411d-93a0-ab937cc8483d",
  "dataType" : "Coded",
  "active" : true,
  "answers" : [ {
    "name" : "Applied",
    "uuid" : "841f4f34-dd9c-484e-a972-f0af0caffbd3",
    "order" : 0.0
  }, {
    "name" : "In process",
    "uuid" : "41d2a950-9a29-46c7-a529-69adf8b31d3e",
    "order" : 1.0
  }, {
    "name" : "Benefits received",
    "uuid" : "322d32df-9cd4-4d7b-9fc6-8fcf1225009a",
    "order" : 2.0
  }, {
    "name" : "Rejected",
    "uuid" : "507f9677-f93b-4b79-b467-0f9bd62b35c7",
    "order" : 3.0
  }, {
    "name" : "Grivence",
    "uuid" : "de062e72-e338-4782-909d-f9ef82c69161",
    "order" : 4.0
  } ]
}, {
  "name" : "Stage of the application",
  "uuid" : "c51f63ed-8b3e-4b88-b1b1-445cd0fd137b",
  "dataType" : "Coded",
  "active" : true,
  "answers" : [ {
    "name" : "Applied",
    "uuid" : "841f4f34-dd9c-484e-a972-f0af0caffbd3",
    "order" : 0.0
  }, {
    "name" : "In process",
    "uuid" : "41d2a950-9a29-46c7-a529-69adf8b31d3e",
    "order" : 1.0
  }, {
    "name" : "Benefit received",
    "uuid" : "34654f7e-c583-4cee-93df-a4de3537808a",
    "order" : 2.0
  }, {
    "name" : "Rejected",
    "uuid" : "507f9677-f93b-4b79-b467-0f9bd62b35c7",
    "order" : 3.0
  }, {
    "name" : "Grivence",
    "uuid" : "de062e72-e338-4782-909d-f9ef82c69161",
    "order" : 4.0
  } ]
}, {
  "name" : "Stage of the application-1",
  "uuid" : "73d0e869-68cf-4a1d-b81a-385e6c8a80fa",
  "dataType" : "QuestionGroup",
  "active" : true
}, {
  "name" : "Stage of the card application",
  "uuid" : "8f371002-dd6c-49b2-9670-6bb60360ee19",
  "dataType" : "QuestionGroup",
  "active" : true
}, {
  "name" : "Stage of the card/scheme application",
  "uuid" : "d3873b3d-00a0-4d84-b6c1-091c0c45f1ad",
  "dataType" : "QuestionGroup",
  "active" : true
}, {
  "name" : "Stage of Ujjwala Yojna application",
  "uuid" : "ceebe491-ed62-4c02-9a93-833f70b33038",
  "dataType" : "Coded",
  "active" : true,
  "answers" : [ {
    "name" : "Applied",
    "uuid" : "841f4f34-dd9c-484e-a972-f0af0caffbd3",
    "order" : 0.0
  }, {
    "name" : "In process",
    "uuid" : "41d2a950-9a29-46c7-a529-69adf8b31d3e",
    "order" : 1.0
  }, {
    "name" : "Benefits received",
    "uuid" : "322d32df-9cd4-4d7b-9fc6-8fcf1225009a",
    "order" : 2.0
  }, {
    "name" : "Rejected",
    "uuid" : "507f9677-f93b-4b79-b467-0f9bd62b35c7",
    "order" : 3.0
  }, {
    "name" : "Grivence",
    "uuid" : "de062e72-e338-4782-909d-f9ef82c69161",
    "order" : 4.0
  } ]
}, {
  "name" : "Stage of Vishwakarma Yojna application",
  "uuid" : "9fb09942-3c0d-4e9a-bbbe-2342b2c8f4ff",
  "dataType" : "Coded",
  "active" : true,
  "answers" : [ {
    "name" : "Applied",
    "uuid" : "841f4f34-dd9c-484e-a972-f0af0caffbd3",
    "order" : 0.0
  }, {
    "name" : "In process",
    "uuid" : "41d2a950-9a29-46c7-a529-69adf8b31d3e",
    "order" : 1.0
  }, {
    "name" : "Benefits received",
    "uuid" : "322d32df-9cd4-4d7b-9fc6-8fcf1225009a",
    "order" : 2.0
  }, {
    "name" : "Rejected",
    "uuid" : "507f9677-f93b-4b79-b467-0f9bd62b35c7",
    "order" : 3.0
  }, {
    "name" : "Grivence",
    "uuid" : "de062e72-e338-4782-909d-f9ef82c69161",
    "order" : 4.0
  } ]
}, {
  "name" : "Stage of Widow Pension application",
  "uuid" : "bf04221b-9970-4cf8-9563-678fb43c7d3e",
  "dataType" : "Coded",
  "active" : true,
  "answers" : [ {
    "name" : "Applied",
    "uuid" : "841f4f34-dd9c-484e-a972-f0af0caffbd3",
    "order" : 0.0
  }, {
    "name" : "In process",
    "uuid" : "41d2a950-9a29-46c7-a529-69adf8b31d3e",
    "order" : 1.0
  }, {
    "name" : "Benefits received",
    "uuid" : "322d32df-9cd4-4d7b-9fc6-8fcf1225009a",
    "order" : 2.0
  }, {
    "name" : "Rejected",
    "uuid" : "507f9677-f93b-4b79-b467-0f9bd62b35c7",
    "order" : 3.0
  }, {
    "name" : "Grivence",
    "uuid" : "de062e72-e338-4782-909d-f9ef82c69161",
    "order" : 4.0
  } ]
}, {
  "name" : "State",
  "uuid" : "dea4f738-627b-41ec-aff6-21738187774f",
  "dataType" : "Coded",
  "active" : true,
  "answers" : [ {
    "name" : "Uttar Pradesh",
    "uuid" : "7d937a15-2966-4c1e-a7a8-2a7148f4a0cb",
    "order" : 0.0
  }, {
    "name" : "Haryana",
    "uuid" : "b4f78b83-343a-47c8-9fb3-84640d246d39",
    "order" : 1.0
  }, {
    "name" : "Jharkhand",
    "uuid" : "8d6750d4-2d53-417f-ab5e-a0a6f58fb23d",
    "order" : 2.0
  }, {
    "name" : "Rajasthan",
    "uuid" : "e639b0b7-4d7e-4c85-8fa8-f5d1e654eaad",
    "order" : 3.0
  }, {
    "name" : "Chhattisgarh",
    "uuid" : "9d113e79-22a7-4d19-8ff2-cd284e247111",
    "order" : 4.0
  } ]
}, {
  "name" : "Sukanya Samriddhi Yojana",
  "uuid" : "1481e95f-fb13-4a31-923d-783359f0f685",
  "dataType" : "NA",
  "active" : true,
  "keyValues" : [ {
    "key" : "minimumAge",
    "value" : 0
  }, {
    "key" : "maximumAge",
    "value" : 10
  }, {
    "key" : "male",
    "value" : "no"
  }, {
    "key" : "female",
    "value" : "yes"
  }, {
    "key" : "Uttar Pradesh",
    "value" : "yes"
  }, {
    "key" : "Haryana",
    "value" : "yes"
  }, {
    "key" : "Jharkhand",
    "value" : "yes"
  }, {
    "key" : "Rajasthan",
    "value" : "yes"
  }, {
    "key" : "Chattisgarh",
    "value" : "yes"
  } ]
}, {
  "name" : "Sukhad Sahara Yojana",
  "uuid" : "70d34148-bf83-4a54-8754-11b5f9467ee1",
  "dataType" : "NA",
  "active" : true,
  "keyValues" : [ {
    "key" : "minimumAge",
    "value" : 18
  }, {
    "key" : "maximumAge",
    "value" : 200
  }, {
    "key" : "male",
    "value" : "no"
  }, {
    "key" : "female",
    "value" : "yes"
  }, {
    "key" : "Uttar Pradesh",
    "value" : "no"
  }, {
    "key" : "Haryana",
    "value" : "no"
  }, {
    "key" : "Jharkhand",
    "value" : "no"
  }, {
    "key" : "Rajasthan",
    "value" : "no"
  }, {
    "key" : "Chattisgarh",
    "value" : "yes"
  } ]
}, {
  "name" : "Transgenders remarks",
  "uuid" : "23bd0954-e5ce-42f2-8f8a-5c541edb6e1b",
  "dataType" : "Text",
  "active" : true
}, {
  "name" : "Ujjwala Yojana",
  "uuid" : "87ddfb0d-9119-47ba-90b2-49b70698fc2c",
  "dataType" : "NA",
  "active" : true,
  "keyValues" : [ {
    "key" : "minimumAge",
    "value" : 18
  }, {
    "key" : "maximumAge",
    "value" : 200
  }, {
    "key" : "male",
    "value" : "yes"
  }, {
    "key" : "female",
    "value" : "yes"
  }, {
    "key" : "Uttar Pradesh",
    "value" : "yes"
  }, {
    "key" : "Haryana",
    "value" : "yes"
  }, {
    "key" : "Jharkhand",
    "value" : "yes"
  }, {
    "key" : "Rajasthan",
    "value" : "yes"
  }, {
    "key" : "Chattisgarh",
    "value" : "yes"
  } ]
}, {
  "name" : "Unmarried",
  "uuid" : "72ff2af0-ad53-4daf-beae-239730d0eed2",
  "dataType" : "NA",
  "active" : true
}, {
  "name" : "Uttar Pradesh",
  "uuid" : "7d937a15-2966-4c1e-a7a8-2a7148f4a0cb",
  "dataType" : "NA",
  "active" : true
}, {
  "name" : "Vivah Shagun Yojna",
  "uuid" : "e20a63c8-8bde-4472-bf5c-d2bcae0addb9",
  "dataType" : "NA",
  "active" : true,
  "keyValues" : [ {
    "key" : "minimumAge",
    "value" : 18
  }, {
    "key" : "maximumAge",
    "value" : 200
  }, {
    "key" : "male",
    "value" : "no"
  }, {
    "key" : "female",
    "value" : "yes"
  }, {
    "key" : "Uttar Pradesh",
    "value" : "no"
  }, {
    "key" : "Haryana",
    "value" : "yes"
  }, {
    "key" : "Jharkhand",
    "value" : "no"
  }, {
    "key" : "Rajasthan",
    "value" : "no"
  }, {
    "key" : "Chattisgarh",
    "value" : "no"
  } ]
}, {
  "name" : "What's your occupation?",
  "uuid" : "baf4a467-a7f3-4877-9788-63d80459e761",
  "dataType" : "Coded",
  "active" : true,
  "answers" : [ {
    "name" : "Businessman",
    "uuid" : "d7e673b1-0f5f-492d-9c55-c0b3a393b893",
    "order" : 0.0
  }, {
    "name" : "Private sector job",
    "uuid" : "32fd522d-6cfd-4ee7-bb87-0665e789a363",
    "order" : 1.0
  }, {
    "name" : "Govt job",
    "uuid" : "0989757c-cdbc-4fe7-9888-abd81e20f8a5",
    "order" : 2.0
  } ]
}, {
  "name" : "Whether all the members are getting ration?",
  "uuid" : "8e4b9782-02be-4762-a02d-60ff2600ef67",
  "dataType" : "Coded",
  "active" : true,
  "answers" : [ {
    "name" : "Yes",
    "uuid" : "2f93db8a-0e68-4f70-8921-b7028689839f",
    "order" : 0.0
  }, {
    "name" : "No",
    "uuid" : "10d045f7-d260-4fe4-9941-d2d795d468a5",
    "order" : 1.0
  } ]
}, {
  "name" : "Who's name was given earlier?",
  "uuid" : "73e0ceff-3830-407b-87b4-15848fb6ba89",
  "dataType" : "Coded",
  "active" : true,
  "answers" : [ {
    "name" : "Father",
    "uuid" : "9683f607-64a9-444f-8f42-36d6db4ac2e7",
    "order" : 0.0
  }, {
    "name" : "Husband",
    "uuid" : "64dc98d5-e594-4d91-8b7a-85bf65f99ebb",
    "order" : 1.0
  }, {
    "name" : "Guardian",
    "uuid" : "f764ed6c-b582-4bbd-9164-fb264af0fc4a",
    "order" : 2.0
  } ]
}, {
  "name" : "Widow",
  "uuid" : "cb91eb41-cb6c-4d95-9643-3b581c17c683",
  "dataType" : "NA",
  "active" : true
}, {
  "name" : "Widow Pension",
  "uuid" : "ce6cd3ab-106a-43bd-85fe-3e3fb8924cea",
  "dataType" : "NA",
  "active" : true,
  "keyValues" : [ {
    "key" : "minimumAge",
    "value" : 18
  }, {
    "key" : "maximumAge",
    "value" : 200
  }, {
    "key" : "male",
    "value" : "no"
  }, {
    "key" : "female",
    "value" : "yes"
  }, {
    "key" : "Uttar Pradesh",
    "value" : "yes"
  }, {
    "key" : "Haryana",
    "value" : "yes"
  }, {
    "key" : "Jharkhand",
    "value" : "yes"
  }, {
    "key" : "Rajasthan",
    "value" : "yes"
  }, {
    "key" : "Chattisgarh",
    "value" : "no"
  } ]
}, {
  "name" : "Yes",
  "uuid" : "2f93db8a-0e68-4f70-8921-b7028689839f",
  "dataType" : "NA",
  "active" : true
}, {
  "name" : "Young Men Remarks",
  "uuid" : "dfbb68d6-2f67-46db-bc39-812f57232804",
  "dataType" : "Text",
  "active" : true
}, {
  "name" : "Young Women Remarks",
  "uuid" : "23906a4f-cb9c-4104-8814-51ee7e42d602",
  "dataType" : "Text",
  "active" : true
} ]