[ {
  "name" : "ICDS",
  "uuid" : "bb284d3f-e32d-42d1-bbc5-81a193821286",
  "entityEligibilityCheckRule" : "'use strict';\n({params, imports}) => {\n  const individual = params.entity;\n  const moment = imports.moment;\n  let eligibility = true;\n  \n  const condition11 = new imports.rulesConfig.RuleCondition({individual}).when.ageInMonths.lessThanOrEqualTo(72).matches();\n  \n  eligibility = condition11 ;\n  \n  return eligibility;\n};",
  "active" : true,
  "entityEligibilityCheckDeclarativeRule" : [ {
    "actions" : [ {
      "actionType" : "showEncounterType"
    }, { } ],
    "conditions" : [ {
      "compoundRule" : {
        "rules" : [ {
          "lhs" : {
            "type" : "ageInMonths"
          },
          "rhs" : {
            "type" : "value",
            "value" : 72
          },
          "operator" : "lessThanOrEqualTo"
        } ],
        "conjunction" : "and"
      }
    } ]
  } ],
  "immutable" : false
}, {
  "name" : "Cards & Schemes (voided~3597)",
  "uuid" : "5552bff7-2465-40f5-9907-a1c1655f9b81",
  "entityEligibilityCheckRule" : "'use strict';\n({params, imports}) => {\n  const individual = params.entity;\n  const moment = imports.moment;\n  let eligibility = true;\n  \n  const condition11 = new imports.rulesConfig.RuleCondition({individual}).when.ageInYears.greaterThanOrEqualTo(18).matches();\n  \n  eligibility = condition11 ;\n  \n  return eligibility;\n};",
  "active" : true,
  "immutable" : false,
  "voided" : true
}, {
  "name" : "Cards & Schemes -2 (voided~3626)",
  "uuid" : "94edb65d-123a-4766-9f53-ab9bbeaa3250",
  "entityEligibilityCheckRule" : "",
  "active" : true,
  "immutable" : false,
  "voided" : true
}, {
  "name" : "Cards & Schemes-1 (voided~3624)",
  "uuid" : "a12b2ab5-f308-433c-aa6a-0089574e14e4",
  "entityEligibilityCheckRule" : "",
  "active" : true,
  "immutable" : false,
  "voided" : true
}, {
  "name" : "Cards & Schemes",
  "uuid" : "1da24ac0-de54-4ace-adc9-d583d51a99ca",
  "entityEligibilityCheckRule" : "",
  "active" : true,
  "immutable" : true
} ]