[ {
  "uuid" : "72fea624-793e-445f-a75a-5ea906b3bb25",
  "id" : 45310,
  "formUUID" : "6e1ab520-b5af-4f88-9d2c-e1ba02d1e22c",
  "encounterTypeUUID" : "1da24ac0-de54-4ace-adc9-d583d51a99ca",
  "subjectTypeUUID" : "ef404155-62c8-4ef1-b71c-2755d491d3c6",
  "formType" : "Encounter",
  "formName" : "Cards & Schemes",
  "enableApproval" : false
}, {
  "uuid" : "835c9518-57b2-41b9-92ff-3469b5d5a396",
  "id" : 45311,
  "formUUID" : "657dccb1-7657-47e0-91b4-c55ced3a9e24",
  "subjectTypeUUID" : "ef404155-62c8-4ef1-b71c-2755d491d3c6",
  "formType" : "IndividualProfile",
  "formName" : "Individual Registration",
  "enableApproval" : false
}, {
  "uuid" : "07077326-6ea7-43d3-b759-ba67b9964442",
  "id" : 45312,
  "formUUID" : "2ee0b0c9-7c28-48e0-9dcf-522d3d6146b5",
  "subjectTypeUUID" : "f9801f63-bc1e-4a2a-a19a-443dffd4f57e",
  "formType" : "IndividualProfile",
  "formName" : "Household Registration",
  "enableApproval" : false
}, {
  "uuid" : "d7b00749-fe0a-458b-8e81-7246987e0640",
  "id" : 45313,
  "formUUID" : "7c986ee3-0d71-491e-b68a-fb3fbe22a5aa",
  "encounterTypeUUID" : "bb284d3f-e32d-42d1-bbc5-81a193821286",
  "subjectTypeUUID" : "ef404155-62c8-4ef1-b71c-2755d491d3c6",
  "formType" : "Encounter",
  "formName" : "ICDS Encounter",
  "enableApproval" : false
}, {
  "uuid" : "d84f6d50-9ac9-4603-9dd8-f3ab97c3817d",
  "id" : 45314,
  "formUUID" : "4ce2d518-dc59-4dde-af69-e9454fd2c26e",
  "encounterTypeUUID" : "bb284d3f-e32d-42d1-bbc5-81a193821286",
  "subjectTypeUUID" : "ef404155-62c8-4ef1-b71c-2755d491d3c6",
  "formType" : "IndividualEncounterCancellation",
  "formName" : "ICDS Encounter Cancellation",
  "enableApproval" : false
}, {
  "uuid" : "ad63a436-d5e8-4e8a-8717-9f1eb4f1ece8",
  "id" : 45315,
  "formUUID" : "b7f4ad0b-31cf-4a53-b233-fddf69c2a5eb",
  "encounterTypeUUID" : "5552bff7-2465-40f5-9907-a1c1655f9b81",
  "subjectTypeUUID" : "ef404155-62c8-4ef1-b71c-2755d491d3c6",
  "formType" : "Encounter",
  "formName" : "Cards & Schemes Encounter (voided~10616)",
  "enableApproval" : false,
  "voided" : true
}, {
  "uuid" : "9f1221d8-27ec-40b6-a71c-bab1691c3e40",
  "id" : 45316,
  "formUUID" : "0901e038-4981-4959-a0c0-31184579b2f6",
  "encounterTypeUUID" : "5552bff7-2465-40f5-9907-a1c1655f9b81",
  "subjectTypeUUID" : "ef404155-62c8-4ef1-b71c-2755d491d3c6",
  "formType" : "IndividualEncounterCancellation",
  "formName" : "Cards Encounter Cancellation (voided~10617)",
  "enableApproval" : false,
  "voided" : true
}, {
  "uuid" : "a65c300d-9bb5-4730-b69f-0934c3b931a4",
  "id" : 45317,
  "formUUID" : "a338ad4a-3d3d-493a-adc5-504345cddc0a",
  "encounterTypeUUID" : "94edb65d-123a-4766-9f53-ab9bbeaa3250",
  "subjectTypeUUID" : "ef404155-62c8-4ef1-b71c-2755d491d3c6",
  "formType" : "Encounter",
  "formName" : "Cards & Schemes -2 (voided~10694)",
  "enableApproval" : false,
  "voided" : true
}, {
  "uuid" : "4e162a06-ead3-44a5-9f32-68f02f4c57f6",
  "id" : 45318,
  "formUUID" : "edc7613c-c036-4a61-a42c-049e47193028",
  "encounterTypeUUID" : "94edb65d-123a-4766-9f53-ab9bbeaa3250",
  "subjectTypeUUID" : "ef404155-62c8-4ef1-b71c-2755d491d3c6",
  "formType" : "IndividualEncounterCancellation",
  "formName" : "Cards & Schemes -2 Encounter Cancellation (voided~10695)",
  "enableApproval" : false,
  "voided" : true
}, {
  "uuid" : "25d1396b-c664-4885-8364-b76fd6fbfb3a",
  "id" : 45319,
  "formUUID" : "26c06a29-a053-456e-911a-3fcbc15f7213",
  "encounterTypeUUID" : "a12b2ab5-f308-433c-aa6a-0089574e14e4",
  "subjectTypeUUID" : "ef404155-62c8-4ef1-b71c-2755d491d3c6",
  "formType" : "Encounter",
  "formName" : "Cards & Schemes -1 (voided~10689)",
  "enableApproval" : false,
  "voided" : true
}, {
  "uuid" : "7238e899-bb21-433b-9230-be3e882b42b7",
  "id" : 45320,
  "formUUID" : "fe3f6aee-93fa-453a-98e0-aa0dba8f6302",
  "encounterTypeUUID" : "a12b2ab5-f308-433c-aa6a-0089574e14e4",
  "subjectTypeUUID" : "ef404155-62c8-4ef1-b71c-2755d491d3c6",
  "formType" : "IndividualEncounterCancellation",
  "formName" : "Cards & Schemes-1 Encounter Cancellation (voided~10690)",
  "enableApproval" : false,
  "voided" : true
}, {
  "uuid" : "12d982b1-60d7-434d-b094-981b47a4c420",
  "id" : 45321,
  "formUUID" : "6cc5e64f-a16b-48a5-a33f-359637ecde55",
  "encounterTypeUUID" : "1da24ac0-de54-4ace-adc9-d583d51a99ca",
  "subjectTypeUUID" : "ef404155-62c8-4ef1-b71c-2755d491d3c6",
  "formType" : "IndividualEncounterCancellation",
  "formName" : "Cards & Schemes Cancellation",
  "enableApproval" : false
} ]