[ {
  "uuid" : "28e5dd21-af05-467d-9086-3443bc80773a",
  "groupUUID" : "effe02e2-4e9f-4fb9-a5f7-ffa10b8a61c6",
  "privilegeUUID" : "ff360e20-3cc6-4770-adac-6a7e7d97cc9c",
  "allow" : true,
  "privilegeType" : "MultiTxEntityTypeUpdate",
  "notEveryoneGroup" : true,
  "voided" : false
}, {
  "uuid" : "41918bc5-0fef-4016-bec5-b589371dd3e1",
  "groupUUID" : "effe02e2-4e9f-4fb9-a5f7-ffa10b8a61c6",
  "privilegeUUID" : "c21758c9-d238-4746-81e8-f5e1ee3643c0",
  "allow" : true,
  "privilegeType" : "Analytics",
  "notEveryoneGroup" : true,
  "voided" : false
}, {
  "uuid" : "aee344d5-450a-49bf-b505-188df440faf6",
  "groupUUID" : "effe02e2-4e9f-4fb9-a5f7-ffa10b8a61c6",
  "privilegeUUID" : "67410e50-8b40-4735-bfb4-135b13580027",
  "subjectTypeUUID" : "f9801f63-bc1e-4a2a-a19a-443dffd4f57e",
  "allow" : true,
  "privilegeType" : "ViewSubject",
  "notEveryoneGroup" : true,
  "voided" : false
}, {
  "uuid" : "527d7a31-da94-4c05-969d-9504f448f462",
  "groupUUID" : "effe02e2-4e9f-4fb9-a5f7-ffa10b8a61c6",
  "privilegeUUID" : "db791f27-0c04-4060-8938-6f18fb4069ee",
  "subjectTypeUUID" : "f9801f63-bc1e-4a2a-a19a-443dffd4f57e",
  "allow" : true,
  "privilegeType" : "EditSubject",
  "notEveryoneGroup" : true,
  "voided" : false
}, {
  "uuid" : "fda08840-b61c-40db-9eca-e1bd7ac32ef7",
  "groupUUID" : "effe02e2-4e9f-4fb9-a5f7-ffa10b8a61c6",
  "privilegeUUID" : "0843ee63-721c-49c5-8374-818b512caf82",
  "subjectTypeUUID" : "f9801f63-bc1e-4a2a-a19a-443dffd4f57e",
  "allow" : true,
  "privilegeType" : "AddMember",
  "notEveryoneGroup" : true,
  "voided" : false
}, {
  "uuid" : "6368a4d0-d9af-4a23-8db7-a94a898e140e",
  "groupUUID" : "effe02e2-4e9f-4fb9-a5f7-ffa10b8a61c6",
  "privilegeUUID" : "d9d7ae77-a67e-4644-8976-5b3551106a53",
  "subjectTypeUUID" : "f9801f63-bc1e-4a2a-a19a-443dffd4f57e",
  "allow" : true,
  "privilegeType" : "EditMember",
  "notEveryoneGroup" : true,
  "voided" : false
}, {
  "uuid" : "5d447528-360e-4293-b35d-2a43a7a853f6",
  "groupUUID" : "effe02e2-4e9f-4fb9-a5f7-ffa10b8a61c6",
  "privilegeUUID" : "37ae14f9-e6ac-4d24-951a-e457b0cdcf00",
  "subjectTypeUUID" : "f9801f63-bc1e-4a2a-a19a-443dffd4f57e",
  "allow" : false,
  "privilegeType" : "ApproveSubject",
  "notEveryoneGroup" : true,
  "voided" : false
}, {
  "uuid" : "a342034f-9562-4395-92c3-16f9b7fb2738",
  "groupUUID" : "effe02e2-4e9f-4fb9-a5f7-ffa10b8a61c6",
  "privilegeUUID" : "9f2a3495-93b7-47c3-8560-d572b6a9fc61",
  "subjectTypeUUID" : "ef404155-62c8-4ef1-b71c-2755d491d3c6",
  "encounterTypeUUID" : "1da24ac0-de54-4ace-adc9-d583d51a99ca",
  "allow" : true,
  "privilegeType" : "ViewVisit",
  "notEveryoneGroup" : true,
  "voided" : false
}, {
  "uuid" : "9826412c-5816-4bff-aa1e-c5e036567067",
  "groupUUID" : "effe02e2-4e9f-4fb9-a5f7-ffa10b8a61c6",
  "privilegeUUID" : "67410e50-8b40-4735-bfb4-135b13580027",
  "subjectTypeUUID" : "ef404155-62c8-4ef1-b71c-2755d491d3c6",
  "allow" : true,
  "privilegeType" : "ViewSubject",
  "notEveryoneGroup" : true,
  "voided" : false
}, {
  "uuid" : "51118444-561e-4db0-a122-bf98d6f4c140",
  "groupUUID" : "effe02e2-4e9f-4fb9-a5f7-ffa10b8a61c6",
  "privilegeUUID" : "46c3aa38-1ef5-4639-a406-d0b4f9bcb420",
  "subjectTypeUUID" : "ef404155-62c8-4ef1-b71c-2755d491d3c6",
  "allow" : true,
  "privilegeType" : "RegisterSubject",
  "notEveryoneGroup" : true,
  "voided" : false
}, {
  "uuid" : "5fda22f3-6917-4f17-8bcf-febb062115d5",
  "groupUUID" : "effe02e2-4e9f-4fb9-a5f7-ffa10b8a61c6",
  "privilegeUUID" : "db791f27-0c04-4060-8938-6f18fb4069ee",
  "subjectTypeUUID" : "ef404155-62c8-4ef1-b71c-2755d491d3c6",
  "allow" : true,
  "privilegeType" : "EditSubject",
  "notEveryoneGroup" : true,
  "voided" : false
}, {
  "uuid" : "a3cb7f21-377f-4ac9-ab48-a0227f63c6b5",
  "groupUUID" : "effe02e2-4e9f-4fb9-a5f7-ffa10b8a61c6",
  "privilegeUUID" : "37ae14f9-e6ac-4d24-951a-e457b0cdcf00",
  "subjectTypeUUID" : "ef404155-62c8-4ef1-b71c-2755d491d3c6",
  "allow" : false,
  "privilegeType" : "ApproveSubject",
  "notEveryoneGroup" : true,
  "voided" : false
}, {
  "uuid" : "692fa177-fb09-4c8b-88f1-ed63ce60ca89",
  "groupUUID" : "effe02e2-4e9f-4fb9-a5f7-ffa10b8a61c6",
  "privilegeUUID" : "c814bcf3-4739-48d8-8dae-375df72ee468",
  "allow" : false,
  "privilegeType" : "EditEncounterType",
  "notEveryoneGroup" : true,
  "voided" : false
}, {
  "uuid" : "32345b13-1689-4e57-8ceb-515da7601639",
  "groupUUID" : "effe02e2-4e9f-4fb9-a5f7-ffa10b8a61c6",
  "privilegeUUID" : "f042823e-dbed-44dc-b3d7-a4dd342d883e",
  "allow" : false,
  "privilegeType" : "EditConcept",
  "notEveryoneGroup" : true,
  "voided" : false
}, {
  "uuid" : "80fba614-a601-4f94-b8f6-f9c921e8e39e",
  "groupUUID" : "effe02e2-4e9f-4fb9-a5f7-ffa10b8a61c6",
  "privilegeUUID" : "8b335ec5-e42c-425b-ab1c-ba549a19a3f2",
  "allow" : false,
  "privilegeType" : "EditDocumentation",
  "notEveryoneGroup" : true,
  "voided" : false
}, {
  "uuid" : "17c51cb3-bc57-4069-90cf-e6964a4bb9b9",
  "groupUUID" : "effe02e2-4e9f-4fb9-a5f7-ffa10b8a61c6",
  "privilegeUUID" : "d8ce88f8-c965-42c9-bed1-1f3a188b25b4",
  "allow" : false,
  "privilegeType" : "EditOfflineDashboardAndReportCard",
  "notEveryoneGroup" : true,
  "voided" : false
}, {
  "uuid" : "8fd9f07e-432e-4a9e-abe2-ac53f916ddf6",
  "groupUUID" : "effe02e2-4e9f-4fb9-a5f7-ffa10b8a61c6",
  "privilegeUUID" : "9091283d-19fe-4bfd-8db6-c662575747c0",
  "allow" : false,
  "privilegeType" : "EditApplicationMenu",
  "notEveryoneGroup" : true,
  "voided" : false
}, {
  "uuid" : "3de43ef4-6b49-411c-b1c6-23263cf5dfd2",
  "groupUUID" : "effe02e2-4e9f-4fb9-a5f7-ffa10b8a61c6",
  "privilegeUUID" : "0d3e10d7-6e19-4652-9d47-2836210d5f7f",
  "allow" : false,
  "privilegeType" : "EditRuleFailure",
  "notEveryoneGroup" : true,
  "voided" : false
}, {
  "uuid" : "c4fb0a6d-f87f-47e0-a484-40dd0f3f01fd",
  "groupUUID" : "effe02e2-4e9f-4fb9-a5f7-ffa10b8a61c6",
  "privilegeUUID" : "027e6ce6-8bf8-44f4-9621-7de7557d99f5",
  "allow" : false,
  "privilegeType" : "EditCatchment",
  "notEveryoneGroup" : true,
  "voided" : false
}, {
  "uuid" : "5145e84f-b660-4ec5-a11d-eb35d35d35ff",
  "groupUUID" : "effe02e2-4e9f-4fb9-a5f7-ffa10b8a61c6",
  "privilegeUUID" : "e24a7cca-7e76-4398-a2d0-e6db735a8e08",
  "allow" : true,
  "privilegeType" : "EditLanguage",
  "notEveryoneGroup" : true,
  "voided" : false
}, {
  "uuid" : "43bc4821-b367-4205-afaf-ac071cf190cf",
  "groupUUID" : "effe02e2-4e9f-4fb9-a5f7-ffa10b8a61c6",
  "privilegeUUID" : "1cc8fae5-fb31-4643-ad63-58fcfb31a709",
  "allow" : false,
  "privilegeType" : "EditVideo",
  "notEveryoneGroup" : true,
  "voided" : false
}, {
  "uuid" : "aa0adf94-0a3d-467b-8750-875748ffa6be",
  "groupUUID" : "bb551c4b-c517-462a-9952-2f983326ab8d",
  "privilegeUUID" : "67410e50-8b40-4735-bfb4-135b13580027",
  "subjectTypeUUID" : "f9801f63-bc1e-4a2a-a19a-443dffd4f57e",
  "allow" : true,
  "privilegeType" : "ViewSubject",
  "notEveryoneGroup" : false,
  "voided" : false
}, {
  "uuid" : "7c0a21de-d421-49d8-9c3d-49c364d10caf",
  "groupUUID" : "bb551c4b-c517-462a-9952-2f983326ab8d",
  "privilegeUUID" : "46c3aa38-1ef5-4639-a406-d0b4f9bcb420",
  "subjectTypeUUID" : "f9801f63-bc1e-4a2a-a19a-443dffd4f57e",
  "allow" : true,
  "privilegeType" : "RegisterSubject",
  "notEveryoneGroup" : false,
  "voided" : false
}, {
  "uuid" : "c459ab8e-6f5e-499a-8fe1-0a9161ac8de1",
  "groupUUID" : "bb551c4b-c517-462a-9952-2f983326ab8d",
  "privilegeUUID" : "db791f27-0c04-4060-8938-6f18fb4069ee",
  "subjectTypeUUID" : "f9801f63-bc1e-4a2a-a19a-443dffd4f57e",
  "allow" : true,
  "privilegeType" : "EditSubject",
  "notEveryoneGroup" : false,
  "voided" : false
}, {
  "uuid" : "ffbcd0fa-ba12-457b-ac77-762f4fc191ad",
  "groupUUID" : "bb551c4b-c517-462a-9952-2f983326ab8d",
  "privilegeUUID" : "088a30ca-9ce2-4ab3-a517-e249cc43a4bf",
  "subjectTypeUUID" : "f9801f63-bc1e-4a2a-a19a-443dffd4f57e",
  "allow" : true,
  "privilegeType" : "VoidSubject",
  "notEveryoneGroup" : false,
  "voided" : false
}, {
  "uuid" : "a17763ce-0dcb-40c5-891a-91699ba6e4e0",
  "groupUUID" : "bb551c4b-c517-462a-9952-2f983326ab8d",
  "privilegeUUID" : "0843ee63-721c-49c5-8374-818b512caf82",
  "subjectTypeUUID" : "f9801f63-bc1e-4a2a-a19a-443dffd4f57e",
  "allow" : true,
  "privilegeType" : "AddMember",
  "notEveryoneGroup" : false,
  "voided" : false
}, {
  "uuid" : "f6035bcc-cb61-4a30-85cb-dc267cb29d82",
  "groupUUID" : "bb551c4b-c517-462a-9952-2f983326ab8d",
  "privilegeUUID" : "d9d7ae77-a67e-4644-8976-5b3551106a53",
  "subjectTypeUUID" : "f9801f63-bc1e-4a2a-a19a-443dffd4f57e",
  "allow" : true,
  "privilegeType" : "EditMember",
  "notEveryoneGroup" : false,
  "voided" : false
}, {
  "uuid" : "e25d90f7-69d1-495c-952e-38b2533c5528",
  "groupUUID" : "bb551c4b-c517-462a-9952-2f983326ab8d",
  "privilegeUUID" : "85ce5ed4-1490-4980-8c64-63fb423b5f14",
  "subjectTypeUUID" : "ef404155-62c8-4ef1-b71c-2755d491d3c6",
  "encounterTypeUUID" : "1da24ac0-de54-4ace-adc9-d583d51a99ca",
  "allow" : true,
  "privilegeType" : "EditVisit",
  "notEveryoneGroup" : false,
  "voided" : false
}, {
  "uuid" : "81231150-8379-4a49-9f45-81a52fa7ab2e",
  "groupUUID" : "bb551c4b-c517-462a-9952-2f983326ab8d",
  "privilegeUUID" : "51fa8342-3228-4945-88eb-4b41970fa425",
  "subjectTypeUUID" : "ef404155-62c8-4ef1-b71c-2755d491d3c6",
  "encounterTypeUUID" : "1da24ac0-de54-4ace-adc9-d583d51a99ca",
  "allow" : true,
  "privilegeType" : "CancelVisit",
  "notEveryoneGroup" : false,
  "voided" : false
}, {
  "uuid" : "c828f523-ff25-4061-b9e6-7e7a0905c3e6",
  "groupUUID" : "bb551c4b-c517-462a-9952-2f983326ab8d",
  "privilegeUUID" : "305d8287-731b-4094-8139-71bc171b242e",
  "subjectTypeUUID" : "ef404155-62c8-4ef1-b71c-2755d491d3c6",
  "encounterTypeUUID" : "1da24ac0-de54-4ace-adc9-d583d51a99ca",
  "allow" : true,
  "privilegeType" : "VoidVisit",
  "notEveryoneGroup" : false,
  "voided" : false
}, {
  "uuid" : "a3f8d02c-cbd3-4d95-b6f3-0cc22e81a26f",
  "groupUUID" : "bb551c4b-c517-462a-9952-2f983326ab8d",
  "privilegeUUID" : "db791f27-0c04-4060-8938-6f18fb4069ee",
  "subjectTypeUUID" : "ef404155-62c8-4ef1-b71c-2755d491d3c6",
  "allow" : true,
  "privilegeType" : "EditSubject",
  "notEveryoneGroup" : false,
  "voided" : false
}, {
  "uuid" : "d6fec1b5-36fa-4552-bcf9-d3b71f5e03a1",
  "groupUUID" : "bb551c4b-c517-462a-9952-2f983326ab8d",
  "privilegeUUID" : "85ce5ed4-1490-4980-8c64-63fb423b5f14",
  "subjectTypeUUID" : "ef404155-62c8-4ef1-b71c-2755d491d3c6",
  "encounterTypeUUID" : "bb284d3f-e32d-42d1-bbc5-81a193821286",
  "allow" : true,
  "privilegeType" : "EditVisit",
  "notEveryoneGroup" : false,
  "voided" : false
}, {
  "uuid" : "bc59aef8-90b5-4106-8b7d-98d9bf02a7b0",
  "groupUUID" : "bb551c4b-c517-462a-9952-2f983326ab8d",
  "privilegeUUID" : "51fa8342-3228-4945-88eb-4b41970fa425",
  "subjectTypeUUID" : "ef404155-62c8-4ef1-b71c-2755d491d3c6",
  "encounterTypeUUID" : "bb284d3f-e32d-42d1-bbc5-81a193821286",
  "allow" : true,
  "privilegeType" : "CancelVisit",
  "notEveryoneGroup" : false,
  "voided" : false
}, {
  "uuid" : "eb53dd90-a4e5-4b52-bda4-05174360431b",
  "groupUUID" : "bb551c4b-c517-462a-9952-2f983326ab8d",
  "privilegeUUID" : "305d8287-731b-4094-8139-71bc171b242e",
  "subjectTypeUUID" : "ef404155-62c8-4ef1-b71c-2755d491d3c6",
  "encounterTypeUUID" : "bb284d3f-e32d-42d1-bbc5-81a193821286",
  "allow" : true,
  "privilegeType" : "VoidVisit",
  "notEveryoneGroup" : false,
  "voided" : false
}, {
  "uuid" : "2fe4aab3-ae19-4dfd-95c4-ab73474e0aef",
  "groupUUID" : "4417289b-3670-41a3-b158-6349ca2b5aa5",
  "privilegeUUID" : "f042823e-dbed-44dc-b3d7-a4dd342d883e",
  "allow" : true,
  "privilegeType" : "EditConcept",
  "notEveryoneGroup" : true,
  "voided" : false
}, {
  "uuid" : "6498b49b-0362-4f9b-b6db-65e8f1b98e12",
  "groupUUID" : "4417289b-3670-41a3-b158-6349ca2b5aa5",
  "privilegeUUID" : "ee51fb36-8712-4125-8693-5c524bd75327",
  "allow" : true,
  "privilegeType" : "DownloadBundle",
  "notEveryoneGroup" : true,
  "voided" : false
}, {
  "uuid" : "cb357853-7b48-497f-952a-8239e85934c8",
  "groupUUID" : "4417289b-3670-41a3-b158-6349ca2b5aa5",
  "privilegeUUID" : "dd436429-7b9c-4350-bfeb-754717d553ff",
  "allow" : true,
  "privilegeType" : "EditChecklistConfiguration",
  "notEveryoneGroup" : true,
  "voided" : false
}, {
  "uuid" : "56411ab1-d120-40b2-baf8-f1fb9e17e8ca",
  "groupUUID" : "4417289b-3670-41a3-b158-6349ca2b5aa5",
  "privilegeUUID" : "6a687443-8640-4ea7-9df5-7af17e4f3bd9",
  "allow" : false,
  "privilegeType" : "DeleteOrganisationConfiguration",
  "notEveryoneGroup" : true,
  "voided" : false
}, {
  "uuid" : "6e495955-8bd3-4729-86af-e08b1b53abf5",
  "groupUUID" : "4417289b-3670-41a3-b158-6349ca2b5aa5",
  "privilegeUUID" : "8b335ec5-e42c-425b-ab1c-ba549a19a3f2",
  "allow" : true,
  "privilegeType" : "EditDocumentation",
  "notEveryoneGroup" : true,
  "voided" : false
}, {
  "uuid" : "4d05c87c-6e85-4f40-9fba-1c1a9d9346b6",
  "groupUUID" : "4417289b-3670-41a3-b158-6349ca2b5aa5",
  "privilegeUUID" : "9091283d-19fe-4bfd-8db6-c662575747c0",
  "allow" : true,
  "privilegeType" : "EditApplicationMenu",
  "notEveryoneGroup" : true,
  "voided" : false
}, {
  "uuid" : "ccedd429-4260-4260-8f64-0b9cc41e3a7e",
  "groupUUID" : "4417289b-3670-41a3-b158-6349ca2b5aa5",
  "privilegeUUID" : "0d3e10d7-6e19-4652-9d47-2836210d5f7f",
  "allow" : true,
  "privilegeType" : "EditRuleFailure",
  "notEveryoneGroup" : true,
  "voided" : false
}, {
  "uuid" : "e6058150-681a-4f43-93da-7ef2e46d955e",
  "groupUUID" : "effe02e2-4e9f-4fb9-a5f7-ffa10b8a61c6",
  "privilegeUUID" : "a5899d5a-7a9b-4cba-88dd-20167411787c",
  "allow" : true,
  "privilegeType" : "ViewEditEntitiesOnDataEntryApp",
  "notEveryoneGroup" : true,
  "voided" : false
}, {
  "uuid" : "123ec249-d7d2-4a57-bb8e-8a9c984b6403",
  "groupUUID" : "effe02e2-4e9f-4fb9-a5f7-ffa10b8a61c6",
  "privilegeUUID" : "46c3aa38-1ef5-4639-a406-d0b4f9bcb420",
  "subjectTypeUUID" : "f9801f63-bc1e-4a2a-a19a-443dffd4f57e",
  "allow" : true,
  "privilegeType" : "RegisterSubject",
  "notEveryoneGroup" : true,
  "voided" : false
}, {
  "uuid" : "ff59a569-5ca4-4488-93fa-b1aeb40c6123",
  "groupUUID" : "effe02e2-4e9f-4fb9-a5f7-ffa10b8a61c6",
  "privilegeUUID" : "f2915fc4-d2cb-492a-b9bc-88a7bae11b75",
  "subjectTypeUUID" : "f9801f63-bc1e-4a2a-a19a-443dffd4f57e",
  "allow" : true,
  "privilegeType" : "RemoveMember",
  "notEveryoneGroup" : true,
  "voided" : false
}, {
  "uuid" : "6dee87d3-e54c-4fd2-a9b6-8c4570c1383f",
  "groupUUID" : "effe02e2-4e9f-4fb9-a5f7-ffa10b8a61c6",
  "privilegeUUID" : "e3352a23-f478-4166-af11-e949cc69e1cc",
  "subjectTypeUUID" : "ef404155-62c8-4ef1-b71c-2755d491d3c6",
  "encounterTypeUUID" : "1da24ac0-de54-4ace-adc9-d583d51a99ca",
  "allow" : true,
  "privilegeType" : "PerformVisit",
  "notEveryoneGroup" : true,
  "voided" : false
}, {
  "uuid" : "f2052cf5-92ce-481c-b507-55f0daa4bb4b",
  "groupUUID" : "effe02e2-4e9f-4fb9-a5f7-ffa10b8a61c6",
  "privilegeUUID" : "e3352a23-f478-4166-af11-e949cc69e1cc",
  "subjectTypeUUID" : "ef404155-62c8-4ef1-b71c-2755d491d3c6",
  "encounterTypeUUID" : "bb284d3f-e32d-42d1-bbc5-81a193821286",
  "allow" : true,
  "privilegeType" : "PerformVisit",
  "notEveryoneGroup" : true,
  "voided" : false
}, {
  "uuid" : "43c32d6c-6151-449d-a2a1-74c16ea3a030",
  "groupUUID" : "effe02e2-4e9f-4fb9-a5f7-ffa10b8a61c6",
  "privilegeUUID" : "85ce5ed4-1490-4980-8c64-63fb423b5f14",
  "subjectTypeUUID" : "ef404155-62c8-4ef1-b71c-2755d491d3c6",
  "encounterTypeUUID" : "bb284d3f-e32d-42d1-bbc5-81a193821286",
  "allow" : true,
  "privilegeType" : "EditVisit",
  "notEveryoneGroup" : true,
  "voided" : false
}, {
  "uuid" : "15830a0f-04fc-4bfc-8d26-31f9d06ec746",
  "groupUUID" : "effe02e2-4e9f-4fb9-a5f7-ffa10b8a61c6",
  "privilegeUUID" : "51fa8342-3228-4945-88eb-4b41970fa425",
  "subjectTypeUUID" : "ef404155-62c8-4ef1-b71c-2755d491d3c6",
  "encounterTypeUUID" : "bb284d3f-e32d-42d1-bbc5-81a193821286",
  "allow" : true,
  "privilegeType" : "CancelVisit",
  "notEveryoneGroup" : true,
  "voided" : false
}, {
  "uuid" : "ba211ec4-a51b-4c14-91a4-d7947ab621a0",
  "groupUUID" : "effe02e2-4e9f-4fb9-a5f7-ffa10b8a61c6",
  "privilegeUUID" : "305d8287-731b-4094-8139-71bc171b242e",
  "subjectTypeUUID" : "ef404155-62c8-4ef1-b71c-2755d491d3c6",
  "encounterTypeUUID" : "bb284d3f-e32d-42d1-bbc5-81a193821286",
  "allow" : true,
  "privilegeType" : "VoidVisit",
  "notEveryoneGroup" : true,
  "voided" : false
}, {
  "uuid" : "892610e1-8ec3-4da4-a48f-4b2aa1cbc81f",
  "groupUUID" : "effe02e2-4e9f-4fb9-a5f7-ffa10b8a61c6",
  "privilegeUUID" : "e491db17-da8a-4ecd-82b1-9cd9921d7c72",
  "allow" : false,
  "privilegeType" : "EditSubjectType",
  "notEveryoneGroup" : true,
  "voided" : false
}, {
  "uuid" : "47586e9a-ec78-4ea3-a880-2b2f00994f67",
  "groupUUID" : "effe02e2-4e9f-4fb9-a5f7-ffa10b8a61c6",
  "privilegeUUID" : "fc03c90d-6dd4-4067-9096-4e1b3c800270",
  "allow" : false,
  "privilegeType" : "EditProgram",
  "notEveryoneGroup" : true,
  "voided" : false
}, {
  "uuid" : "2a6c765d-8150-4f10-9fd2-4e6f63a4b1e0",
  "groupUUID" : "effe02e2-4e9f-4fb9-a5f7-ffa10b8a61c6",
  "privilegeUUID" : "6a687443-8640-4ea7-9df5-7af17e4f3bd9",
  "allow" : true,
  "privilegeType" : "DeleteOrganisationConfiguration",
  "notEveryoneGroup" : true,
  "voided" : false
}, {
  "uuid" : "13cac9f9-ed4d-45ac-b7c6-7e157e740a5f",
  "groupUUID" : "effe02e2-4e9f-4fb9-a5f7-ffa10b8a61c6",
  "privilegeUUID" : "ee51fb36-8712-4125-8693-5c524bd75327",
  "allow" : false,
  "privilegeType" : "DownloadBundle",
  "notEveryoneGroup" : true,
  "voided" : false
}, {
  "uuid" : "bd232fa1-da27-47ca-b2d9-1b73576cbcca",
  "groupUUID" : "effe02e2-4e9f-4fb9-a5f7-ffa10b8a61c6",
  "privilegeUUID" : "dd436429-7b9c-4350-bfeb-754717d553ff",
  "allow" : false,
  "privilegeType" : "EditChecklistConfiguration",
  "notEveryoneGroup" : true,
  "voided" : false
}, {
  "uuid" : "1461e871-75e0-41bd-9844-b5b3a9a440af",
  "groupUUID" : "effe02e2-4e9f-4fb9-a5f7-ffa10b8a61c6",
  "privilegeUUID" : "911a5dcf-eacd-45e0-a1c4-e65802c11e0d",
  "allow" : false,
  "privilegeType" : "EditExtension",
  "notEveryoneGroup" : true,
  "voided" : false
}, {
  "uuid" : "372e502d-8733-41ae-8357-42996f537e74",
  "groupUUID" : "effe02e2-4e9f-4fb9-a5f7-ffa10b8a61c6",
  "privilegeUUID" : "d60e01c2-ce9e-44f8-8ea1-99e88be93104",
  "allow" : false,
  "privilegeType" : "EditIdentifierSource",
  "notEveryoneGroup" : true,
  "voided" : false
}, {
  "uuid" : "0979d609-ec02-4070-9428-1e5243b24db9",
  "groupUUID" : "effe02e2-4e9f-4fb9-a5f7-ffa10b8a61c6",
  "privilegeUUID" : "27775bb8-2cf0-4f00-92bd-12c7950c9193",
  "allow" : false,
  "privilegeType" : "EditIdentifierUserAssignment",
  "notEveryoneGroup" : true,
  "voided" : false
}, {
  "uuid" : "aed1ec1b-08ea-4787-a972-a60d3448efc8",
  "groupUUID" : "effe02e2-4e9f-4fb9-a5f7-ffa10b8a61c6",
  "privilegeUUID" : "088a30ca-9ce2-4ab3-a517-e249cc43a4bf",
  "subjectTypeUUID" : "f9801f63-bc1e-4a2a-a19a-443dffd4f57e",
  "allow" : true,
  "privilegeType" : "VoidSubject",
  "notEveryoneGroup" : true,
  "voided" : false
}, {
  "uuid" : "875f22fe-850c-41ad-83cf-be2e1555e5f1",
  "groupUUID" : "effe02e2-4e9f-4fb9-a5f7-ffa10b8a61c6",
  "privilegeUUID" : "867d5de9-0bf3-434c-9cb1-bd09a05250af",
  "subjectTypeUUID" : "ef404155-62c8-4ef1-b71c-2755d491d3c6",
  "encounterTypeUUID" : "1da24ac0-de54-4ace-adc9-d583d51a99ca",
  "allow" : true,
  "privilegeType" : "ScheduleVisit",
  "notEveryoneGroup" : true,
  "voided" : false
}, {
  "uuid" : "e6696c36-3a81-4577-801e-afe366d11072",
  "groupUUID" : "effe02e2-4e9f-4fb9-a5f7-ffa10b8a61c6",
  "privilegeUUID" : "51fa8342-3228-4945-88eb-4b41970fa425",
  "subjectTypeUUID" : "ef404155-62c8-4ef1-b71c-2755d491d3c6",
  "encounterTypeUUID" : "1da24ac0-de54-4ace-adc9-d583d51a99ca",
  "allow" : true,
  "privilegeType" : "CancelVisit",
  "notEveryoneGroup" : true,
  "voided" : false
}, {
  "uuid" : "e32af6da-89d6-4b80-a721-07995b50ce40",
  "groupUUID" : "effe02e2-4e9f-4fb9-a5f7-ffa10b8a61c6",
  "privilegeUUID" : "305d8287-731b-4094-8139-71bc171b242e",
  "subjectTypeUUID" : "ef404155-62c8-4ef1-b71c-2755d491d3c6",
  "encounterTypeUUID" : "1da24ac0-de54-4ace-adc9-d583d51a99ca",
  "allow" : true,
  "privilegeType" : "VoidVisit",
  "notEveryoneGroup" : true,
  "voided" : false
}, {
  "uuid" : "ee07d5e9-6c13-40d8-9a74-b2d07493c2b0",
  "groupUUID" : "effe02e2-4e9f-4fb9-a5f7-ffa10b8a61c6",
  "privilegeUUID" : "088a30ca-9ce2-4ab3-a517-e249cc43a4bf",
  "subjectTypeUUID" : "ef404155-62c8-4ef1-b71c-2755d491d3c6",
  "allow" : true,
  "privilegeType" : "VoidSubject",
  "notEveryoneGroup" : true,
  "voided" : false
}, {
  "uuid" : "d2335cf7-53a7-4c25-8157-aac729b9bd76",
  "groupUUID" : "effe02e2-4e9f-4fb9-a5f7-ffa10b8a61c6",
  "privilegeUUID" : "31c16b7d-825a-4bfa-b961-128846beb3ef",
  "allow" : true,
  "privilegeType" : "EditUserConfiguration",
  "notEveryoneGroup" : true,
  "voided" : false
}, {
  "uuid" : "b78ae9ce-59c2-40cb-b5cd-02ab7505358e",
  "groupUUID" : "effe02e2-4e9f-4fb9-a5f7-ffa10b8a61c6",
  "privilegeUUID" : "78902b7a-7970-4557-9ffa-ce8e93d20e9a",
  "allow" : true,
  "privilegeType" : "EditUserGroup",
  "notEveryoneGroup" : true,
  "voided" : false
}, {
  "uuid" : "ea6e1688-2441-4756-b12f-65ba8405d408",
  "groupUUID" : "effe02e2-4e9f-4fb9-a5f7-ffa10b8a61c6",
  "privilegeUUID" : "85ce5ed4-1490-4980-8c64-63fb423b5f14",
  "subjectTypeUUID" : "ef404155-62c8-4ef1-b71c-2755d491d3c6",
  "encounterTypeUUID" : "1da24ac0-de54-4ace-adc9-d583d51a99ca",
  "allow" : true,
  "privilegeType" : "EditVisit",
  "notEveryoneGroup" : true,
  "voided" : false
}, {
  "uuid" : "ac3a4db3-3ef1-4b1a-a8fd-3deb75b4284c",
  "groupUUID" : "effe02e2-4e9f-4fb9-a5f7-ffa10b8a61c6",
  "privilegeUUID" : "9f2a3495-93b7-47c3-8560-d572b6a9fc61",
  "subjectTypeUUID" : "ef404155-62c8-4ef1-b71c-2755d491d3c6",
  "encounterTypeUUID" : "bb284d3f-e32d-42d1-bbc5-81a193821286",
  "allow" : true,
  "privilegeType" : "ViewVisit",
  "notEveryoneGroup" : true,
  "voided" : false
}, {
  "uuid" : "40e50ff5-1b3d-4a25-8080-9c42ca825163",
  "groupUUID" : "effe02e2-4e9f-4fb9-a5f7-ffa10b8a61c6",
  "privilegeUUID" : "867d5de9-0bf3-434c-9cb1-bd09a05250af",
  "subjectTypeUUID" : "ef404155-62c8-4ef1-b71c-2755d491d3c6",
  "encounterTypeUUID" : "bb284d3f-e32d-42d1-bbc5-81a193821286",
  "allow" : true,
  "privilegeType" : "ScheduleVisit",
  "notEveryoneGroup" : true,
  "voided" : false
}, {
  "uuid" : "838fa772-d76a-4c47-9f92-53cbf6e8bead",
  "groupUUID" : "effe02e2-4e9f-4fb9-a5f7-ffa10b8a61c6",
  "privilegeUUID" : "df745841-79e6-4d6e-a04d-f2379449a318",
  "allow" : true,
  "privilegeType" : "EditOrganisationConfiguration",
  "notEveryoneGroup" : true,
  "voided" : false
}, {
  "uuid" : "a23f7319-a700-4d07-a106-1d36fbe13775",
  "groupUUID" : "effe02e2-4e9f-4fb9-a5f7-ffa10b8a61c6",
  "privilegeUUID" : "2ebe6ce5-77fa-491c-a629-f1fc46d87557",
  "allow" : false,
  "privilegeType" : "UploadMetadataAndData",
  "notEveryoneGroup" : true,
  "voided" : false
}, {
  "uuid" : "fc965807-65d7-4a58-b40f-a18c98de2e90",
  "groupUUID" : "effe02e2-4e9f-4fb9-a5f7-ffa10b8a61c6",
  "privilegeUUID" : "59fbf0a4-cb92-45d7-9ec8-fe382ad504ba",
  "allow" : false,
  "privilegeType" : "EditLocationType",
  "notEveryoneGroup" : true,
  "voided" : false
}, {
  "uuid" : "6a0810b2-c84c-44a7-a1cb-37d48d1352ff",
  "groupUUID" : "effe02e2-4e9f-4fb9-a5f7-ffa10b8a61c6",
  "privilegeUUID" : "eb05b1cf-a38a-40a2-b7fe-933ff29bddc5",
  "allow" : false,
  "privilegeType" : "EditLocation",
  "notEveryoneGroup" : true,
  "voided" : false
}, {
  "uuid" : "f19fcdd4-7422-49f7-87f7-9757762de86b",
  "groupUUID" : "effe02e2-4e9f-4fb9-a5f7-ffa10b8a61c6",
  "privilegeUUID" : "83435813-79a7-411b-9b1d-92fcdd439a40",
  "allow" : false,
  "privilegeType" : "PhoneVerification",
  "notEveryoneGroup" : true,
  "voided" : false
}, {
  "uuid" : "d11ac6a9-576f-4fff-aab5-9c4e40f8214a",
  "groupUUID" : "bb551c4b-c517-462a-9952-2f983326ab8d",
  "privilegeUUID" : "a5899d5a-7a9b-4cba-88dd-20167411787c",
  "allow" : true,
  "privilegeType" : "ViewEditEntitiesOnDataEntryApp",
  "notEveryoneGroup" : false,
  "voided" : false
}, {
  "uuid" : "dd3c855d-7bc1-42ff-af7f-969aa15e28cc",
  "groupUUID" : "bb551c4b-c517-462a-9952-2f983326ab8d",
  "privilegeUUID" : "f2915fc4-d2cb-492a-b9bc-88a7bae11b75",
  "subjectTypeUUID" : "f9801f63-bc1e-4a2a-a19a-443dffd4f57e",
  "allow" : true,
  "privilegeType" : "RemoveMember",
  "notEveryoneGroup" : false,
  "voided" : false
}, {
  "uuid" : "e22191f2-c93f-4003-b8d2-b0c384f374bd",
  "groupUUID" : "bb551c4b-c517-462a-9952-2f983326ab8d",
  "privilegeUUID" : "9f2a3495-93b7-47c3-8560-d572b6a9fc61",
  "subjectTypeUUID" : "ef404155-62c8-4ef1-b71c-2755d491d3c6",
  "encounterTypeUUID" : "1da24ac0-de54-4ace-adc9-d583d51a99ca",
  "allow" : true,
  "privilegeType" : "ViewVisit",
  "notEveryoneGroup" : false,
  "voided" : false
}, {
  "uuid" : "c7b8a136-60bd-4b06-ae40-69dcdd5648b0",
  "groupUUID" : "bb551c4b-c517-462a-9952-2f983326ab8d",
  "privilegeUUID" : "67410e50-8b40-4735-bfb4-135b13580027",
  "subjectTypeUUID" : "ef404155-62c8-4ef1-b71c-2755d491d3c6",
  "allow" : true,
  "privilegeType" : "ViewSubject",
  "notEveryoneGroup" : false,
  "voided" : false
}, {
  "uuid" : "7df95e9f-0be3-4bc0-9369-f2eb88ebbf66",
  "groupUUID" : "bb551c4b-c517-462a-9952-2f983326ab8d",
  "privilegeUUID" : "867d5de9-0bf3-434c-9cb1-bd09a05250af",
  "subjectTypeUUID" : "ef404155-62c8-4ef1-b71c-2755d491d3c6",
  "encounterTypeUUID" : "1da24ac0-de54-4ace-adc9-d583d51a99ca",
  "allow" : true,
  "privilegeType" : "ScheduleVisit",
  "notEveryoneGroup" : false,
  "voided" : false
}, {
  "uuid" : "69983aa4-aef6-4420-96e6-a3dd07358761",
  "groupUUID" : "bb551c4b-c517-462a-9952-2f983326ab8d",
  "privilegeUUID" : "e3352a23-f478-4166-af11-e949cc69e1cc",
  "subjectTypeUUID" : "ef404155-62c8-4ef1-b71c-2755d491d3c6",
  "encounterTypeUUID" : "1da24ac0-de54-4ace-adc9-d583d51a99ca",
  "allow" : true,
  "privilegeType" : "PerformVisit",
  "notEveryoneGroup" : false,
  "voided" : false
}, {
  "uuid" : "b382b438-0450-48d0-9696-4c368a91104b",
  "groupUUID" : "bb551c4b-c517-462a-9952-2f983326ab8d",
  "privilegeUUID" : "088a30ca-9ce2-4ab3-a517-e249cc43a4bf",
  "subjectTypeUUID" : "ef404155-62c8-4ef1-b71c-2755d491d3c6",
  "allow" : true,
  "privilegeType" : "VoidSubject",
  "notEveryoneGroup" : false,
  "voided" : false
}, {
  "uuid" : "0b4c9b77-172c-4ea4-9d24-11b131525d07",
  "groupUUID" : "bb551c4b-c517-462a-9952-2f983326ab8d",
  "privilegeUUID" : "867d5de9-0bf3-434c-9cb1-bd09a05250af",
  "subjectTypeUUID" : "ef404155-62c8-4ef1-b71c-2755d491d3c6",
  "encounterTypeUUID" : "bb284d3f-e32d-42d1-bbc5-81a193821286",
  "allow" : true,
  "privilegeType" : "ScheduleVisit",
  "notEveryoneGroup" : false,
  "voided" : false
}, {
  "uuid" : "5c07b856-4dbf-424d-86f9-4177edce3a54",
  "groupUUID" : "4417289b-3670-41a3-b158-6349ca2b5aa5",
  "privilegeUUID" : "2ebe6ce5-77fa-491c-a629-f1fc46d87557",
  "allow" : true,
  "privilegeType" : "UploadMetadataAndData",
  "notEveryoneGroup" : true,
  "voided" : false
}, {
  "uuid" : "3f72459f-57ca-4738-85ad-ea20c2c44710",
  "groupUUID" : "4417289b-3670-41a3-b158-6349ca2b5aa5",
  "privilegeUUID" : "27775bb8-2cf0-4f00-92bd-12c7950c9193",
  "allow" : true,
  "privilegeType" : "EditIdentifierUserAssignment",
  "notEveryoneGroup" : true,
  "voided" : false
}, {
  "uuid" : "142e1c86-c3d5-48a6-8a0b-2e05a8ce68a4",
  "groupUUID" : "4417289b-3670-41a3-b158-6349ca2b5aa5",
  "privilegeUUID" : "1cc8fae5-fb31-4643-ad63-58fcfb31a709",
  "allow" : true,
  "privilegeType" : "EditVideo",
  "notEveryoneGroup" : true,
  "voided" : false
}, {
  "uuid" : "e699ce2c-d6f2-486e-9f13-37e57d5cdbf9",
  "groupUUID" : "bb551c4b-c517-462a-9952-2f983326ab8d",
  "privilegeUUID" : "cac5adae-8d99-4cef-a00b-af7d66e31a09",
  "subjectTypeUUID" : "ef404155-62c8-4ef1-b71c-2755d491d3c6",
  "allow" : false,
  "privilegeType" : "AssignSubject",
  "notEveryoneGroup" : false,
  "voided" : false
}, {
  "uuid" : "33ea1231-07b2-4c86-812e-9a5f74d3b57e",
  "groupUUID" : "bb551c4b-c517-462a-9952-2f983326ab8d",
  "privilegeUUID" : "46c3aa38-1ef5-4639-a406-d0b4f9bcb420",
  "subjectTypeUUID" : "ef404155-62c8-4ef1-b71c-2755d491d3c6",
  "allow" : true,
  "privilegeType" : "RegisterSubject",
  "notEveryoneGroup" : false,
  "voided" : false
}, {
  "uuid" : "9c10ee16-57d6-4396-9b5b-90a98db2c024",
  "groupUUID" : "bb551c4b-c517-462a-9952-2f983326ab8d",
  "privilegeUUID" : "37ae14f9-e6ac-4d24-951a-e457b0cdcf00",
  "subjectTypeUUID" : "ef404155-62c8-4ef1-b71c-2755d491d3c6",
  "allow" : false,
  "privilegeType" : "ApproveSubject",
  "notEveryoneGroup" : false,
  "voided" : false
}, {
  "uuid" : "3e2b0f4c-ac87-493a-b09c-0a53caeca76f",
  "groupUUID" : "bb551c4b-c517-462a-9952-2f983326ab8d",
  "privilegeUUID" : "9f2a3495-93b7-47c3-8560-d572b6a9fc61",
  "subjectTypeUUID" : "ef404155-62c8-4ef1-b71c-2755d491d3c6",
  "encounterTypeUUID" : "bb284d3f-e32d-42d1-bbc5-81a193821286",
  "allow" : true,
  "privilegeType" : "ViewVisit",
  "notEveryoneGroup" : false,
  "voided" : false
}, {
  "uuid" : "97733696-a780-45ab-955a-f67583a22107",
  "groupUUID" : "bb551c4b-c517-462a-9952-2f983326ab8d",
  "privilegeUUID" : "e3352a23-f478-4166-af11-e949cc69e1cc",
  "subjectTypeUUID" : "ef404155-62c8-4ef1-b71c-2755d491d3c6",
  "encounterTypeUUID" : "bb284d3f-e32d-42d1-bbc5-81a193821286",
  "allow" : true,
  "privilegeType" : "PerformVisit",
  "notEveryoneGroup" : false,
  "voided" : false
}, {
  "uuid" : "c0f7771f-2832-44f1-ad38-0d680d2714d1",
  "groupUUID" : "4417289b-3670-41a3-b158-6349ca2b5aa5",
  "privilegeUUID" : "e8c391e4-ecf3-444f-b6f9-91a724627026",
  "allow" : true,
  "privilegeType" : "EditTaskType",
  "notEveryoneGroup" : true,
  "voided" : false
}, {
  "uuid" : "e1c8bca9-e399-447a-8b6a-9e4587d3f5b4",
  "groupUUID" : "4417289b-3670-41a3-b158-6349ca2b5aa5",
  "privilegeUUID" : "e491db17-da8a-4ecd-82b1-9cd9921d7c72",
  "allow" : true,
  "privilegeType" : "EditSubjectType",
  "notEveryoneGroup" : true,
  "voided" : false
}, {
  "uuid" : "8fd3eaf4-edab-43f7-a5a1-c542e18d41a2",
  "groupUUID" : "4417289b-3670-41a3-b158-6349ca2b5aa5",
  "privilegeUUID" : "fc03c90d-6dd4-4067-9096-4e1b3c800270",
  "allow" : true,
  "privilegeType" : "EditProgram",
  "notEveryoneGroup" : true,
  "voided" : false
}, {
  "uuid" : "b65c4204-35fa-41ed-9654-569e2b1789c5",
  "groupUUID" : "4417289b-3670-41a3-b158-6349ca2b5aa5",
  "privilegeUUID" : "c814bcf3-4739-48d8-8dae-375df72ee468",
  "allow" : true,
  "privilegeType" : "EditEncounterType",
  "notEveryoneGroup" : true,
  "voided" : false
}, {
  "uuid" : "a21f4ac3-5b47-4d18-9dc3-8aacfb37013a",
  "groupUUID" : "4417289b-3670-41a3-b158-6349ca2b5aa5",
  "privilegeUUID" : "59fbf0a4-cb92-45d7-9ec8-fe382ad504ba",
  "allow" : true,
  "privilegeType" : "EditLocationType",
  "notEveryoneGroup" : true,
  "voided" : false
}, {
  "uuid" : "b1891376-7dfd-4a85-a7b3-2201f27fe9c8",
  "groupUUID" : "4417289b-3670-41a3-b158-6349ca2b5aa5",
  "privilegeUUID" : "027e6ce6-8bf8-44f4-9621-7de7557d99f5",
  "allow" : true,
  "privilegeType" : "EditCatchment",
  "notEveryoneGroup" : true,
  "voided" : false
}, {
  "uuid" : "af74f1dc-6fef-4617-940d-9c3cda0f2f45",
  "groupUUID" : "4417289b-3670-41a3-b158-6349ca2b5aa5",
  "privilegeUUID" : "78902b7a-7970-4557-9ffa-ce8e93d20e9a",
  "allow" : true,
  "privilegeType" : "EditUserGroup",
  "notEveryoneGroup" : true,
  "voided" : false
}, {
  "uuid" : "0511132e-90a9-4df9-a954-2e6649edce7e",
  "groupUUID" : "4417289b-3670-41a3-b158-6349ca2b5aa5",
  "privilegeUUID" : "31c16b7d-825a-4bfa-b961-128846beb3ef",
  "allow" : true,
  "privilegeType" : "EditUserConfiguration",
  "notEveryoneGroup" : true,
  "voided" : false
}, {
  "uuid" : "7c95328e-bc93-48a5-99af-718ca9f01343",
  "groupUUID" : "4417289b-3670-41a3-b158-6349ca2b5aa5",
  "privilegeUUID" : "d8ce88f8-c965-42c9-bed1-1f3a188b25b4",
  "allow" : true,
  "privilegeType" : "EditOfflineDashboardAndReportCard",
  "notEveryoneGroup" : true,
  "voided" : false
}, {
  "uuid" : "30080703-331e-4199-892d-b5d4eaab8394",
  "groupUUID" : "4417289b-3670-41a3-b158-6349ca2b5aa5",
  "privilegeUUID" : "911a5dcf-eacd-45e0-a1c4-e65802c11e0d",
  "allow" : true,
  "privilegeType" : "EditExtension",
  "notEveryoneGroup" : true,
  "voided" : false
}, {
  "uuid" : "380807a4-9792-4e2c-b063-76533ebfddd9",
  "groupUUID" : "4417289b-3670-41a3-b158-6349ca2b5aa5",
  "privilegeUUID" : "eb05b1cf-a38a-40a2-b7fe-933ff29bddc5",
  "allow" : true,
  "privilegeType" : "EditLocation",
  "notEveryoneGroup" : true,
  "voided" : false
}, {
  "uuid" : "64b4bd64-8d5a-4864-9379-1edfcb997e1c",
  "groupUUID" : "4417289b-3670-41a3-b158-6349ca2b5aa5",
  "privilegeUUID" : "d60e01c2-ce9e-44f8-8ea1-99e88be93104",
  "allow" : true,
  "privilegeType" : "EditIdentifierSource",
  "notEveryoneGroup" : true,
  "voided" : false
}, {
  "uuid" : "9c7a2902-0ab8-481d-9f38-ceac8fea1e37",
  "groupUUID" : "4417289b-3670-41a3-b158-6349ca2b5aa5",
  "privilegeUUID" : "83435813-79a7-411b-9b1d-92fcdd439a40",
  "allow" : true,
  "privilegeType" : "PhoneVerification",
  "notEveryoneGroup" : true,
  "voided" : false
}, {
  "uuid" : "b6a376e7-5b82-4d8c-a756-e33880fb6332",
  "groupUUID" : "4417289b-3670-41a3-b158-6349ca2b5aa5",
  "privilegeUUID" : "e24a7cca-7e76-4398-a2d0-e6db735a8e08",
  "allow" : true,
  "privilegeType" : "EditLanguage",
  "notEveryoneGroup" : true,
  "voided" : false
} ]