[ {
  "uuid" : "bf0ea901-60f5-46f1-8759-89e5bb726c5c",
  "voided" : false,
  "dashboardUUID" : "c4d3bc0a-027e-4a6a-87dd-85e5b7285523",
  "groupUUID" : "bb551c4b-c517-462a-9952-2f983326ab8d",
  "groupName" : "Everyone",
  "dashboardName" : "Default Dashboard",
  "dashboardDescription" : null,
  "groupOneOfTheDefaultGroups" : true,
  "primaryDashboard" : true,
  "secondaryDashboard" : false
}, {
  "uuid" : "7e463866-42af-4c95-a648-3fc1a3e58f3d",
  "voided" : true,
  "dashboardUUID" : "c4d3bc0a-027e-4a6a-87dd-85e5b7285523",
  "groupUUID" : "bb551c4b-c517-462a-9952-2f983326ab8d",
  "groupName" : "Everyone",
  "dashboardName" : "Default Dashboard",
  "dashboardDescription" : null,
  "groupOneOfTheDefaultGroups" : true,
  "primaryDashboard" : true,
  "secondaryDashboard" : false
}, {
  "uuid" : "5b80022f-859e-4447-a7a9-c1492e93dde7",
  "voided" : false,
  "dashboardUUID" : "c4d3bc0a-027e-4a6a-87dd-85e5b7285523",
  "groupUUID" : "bb551c4b-c517-462a-9952-2f983326ab8d",
  "groupName" : "Everyone",
  "dashboardName" : "Default Dashboard",
  "dashboardDescription" : null,
  "groupOneOfTheDefaultGroups" : true,
  "primaryDashboard" : false,
  "secondaryDashboard" : false
}, {
  "uuid" : "5156af9c-2ddc-4e66-9c94-7cb8ebc90a7d",
  "voided" : false,
  "dashboardUUID" : "c7d3f921-9754-499c-8f74-16d8eecd1976",
  "groupUUID" : "bb551c4b-c517-462a-9952-2f983326ab8d",
  "groupName" : "Everyone",
  "dashboardName" : "Primary",
  "dashboardDescription" : "",
  "groupOneOfTheDefaultGroups" : true,
  "primaryDashboard" : false,
  "secondaryDashboard" : false
}, {
  "uuid" : "f9618416-7247-4f24-957d-6b35fd43d696",
  "voided" : false,
  "dashboardUUID" : "bbd95638-f889-47a5-a1fb-71de5ef2546b",
  "groupUUID" : "bb551c4b-c517-462a-9952-2f983326ab8d",
  "groupName" : "Everyone",
  "dashboardName" : "Cards",
  "dashboardDescription" : "",
  "groupOneOfTheDefaultGroups" : true,
  "primaryDashboard" : true,
  "secondaryDashboard" : false
} ]