{
  "operationalEncounterTypes" : [ {
    "uuid" : "94f567e8-d454-46d0-84bb-86c2eda6d9f8",
    "encounterType" : {
      "uuid" : "bb284d3f-e32d-42d1-bbc5-81a193821286",
      "voided" : false
    },
    "name" : "ICDS",
    "voided" : false
  }, {
    "uuid" : "2260e4cd-c3bb-42a8-8eca-86838e2cb064",
    "encounterType" : {
      "uuid" : "5552bff7-2465-40f5-9907-a1c1655f9b81",
      "voided" : false
    },
    "name" : "Cards & Schemes (voided~3560)",
    "voided" : true
  }, {
    "uuid" : "60dbe838-fb3d-4c5d-88b7-a515b60a9759",
    "encounterType" : {
      "uuid" : "94edb65d-123a-4766-9f53-ab9bbeaa3250",
      "voided" : false
    },
    "name" : "Cards & Schemes -2 (voided~3589)",
    "voided" : true
  }, {
    "uuid" : "93a36c37-93fc-4485-88c3-403316b4438d",
    "encounterType" : {
      "uuid" : "a12b2ab5-f308-433c-aa6a-0089574e14e4",
      "voided" : false
    },
    "name" : "Cards & Schemes-1 (voided~3587)",
    "voided" : true
  }, {
    "uuid" : "d59ab7b5-01a6-48cd-b003-5c4f0609db8a",
    "encounterType" : {
      "uuid" : "1da24ac0-de54-4ace-adc9-d583d51a99ca",
      "voided" : false
    },
    "name" : "Cards & Schemes",
    "voided" : false
  } ]
}