{
  "uuid" : "47ea23fb-527f-4ee2-a0c3-ab1eb5bf67ea",
  "settings" : {
    "languages" : [ "en", "gu_IN", "hi_IN" ],
    "customRegistrationLocations" : [ ],
    "searchResultFields" : [ {
      "subjectTypeName" : "Individual",
      "subjectTypeUUID" : "ef404155-62c8-4ef1-b71c-2755d491d3c6",
      "searchResultConcepts" : [ {
        "name" : "Created by",
        "uuid" : "61037977-1d80-42ca-a521-bd33a4e94785",
        "displayOrder" : 1
      } ]
    }, {
      "subjectTypeName" : "Household",
      "subjectTypeUUID" : "f9801f63-bc1e-4a2a-a19a-443dffd4f57e",
      "searchResultConcepts" : [ {
        "name" : "Created by",
        "uuid" : "61037977-1d80-42ca-a521-bd33a4e94785",
        "displayOrder" : 1
      } ]
    } ],
    "metabaseSetupEnabled" : true,
    "searchFilters" : [ ],
    "myDashboardFilters" : [ ]
  },
  "worklistUpdationRule" : ""
}