[ {
  "uuid" : "c4d3bc0a-027e-4a6a-87dd-85e5b7285523",
  "id" : 892,
  "name" : "Default Dashboard",
  "sections" : [ {
    "uuid" : "fb302038-25a1-4cd6-9f56-80ef67b21103",
    "id" : 1679,
    "name" : "Recent Statistics",
    "description" : "",
    "viewType" : "Tile",
    "displayOrder" : 2.0,
    "dashboardUUID" : "c4d3bc0a-027e-4a6a-87dd-85e5b7285523",
    "dashboardSectionCardMappings" : [ {
      "uuid" : "8afecd6c-741c-4871-86f1-bce171f8bfd8",
      "displayOrder" : 1.0,
      "dashboardSectionUUID" : "fb302038-25a1-4cd6-9f56-80ef67b21103",
      "reportCardUUID" : "f366f35a-5c4f-4ff7-b510-2dc9f5f88847",
      "voided" : false
    }, {
      "uuid" : "383b8df8-93d8-43d9-bc96-545e1176fe63",
      "displayOrder" : -1.0,
      "dashboardSectionUUID" : "fb302038-25a1-4cd6-9f56-80ef67b21103",
      "reportCardUUID" : "e1036b69-df46-4351-9916-10cd4cfcb6bd",
      "voided" : true
    }, {
      "uuid" : "9fb198b6-ae10-4c3f-a8e6-652b7d1b7e9c",
      "displayOrder" : 3.0,
      "dashboardSectionUUID" : "fb302038-25a1-4cd6-9f56-80ef67b21103",
      "reportCardUUID" : "dd961ee1-9d4e-4ec9-99f0-99b36672be7c",
      "voided" : false
    } ],
    "voided" : false
  }, {
    "uuid" : "741711ef-df17-4884-8928-20dee701479e",
    "id" : 1678,
    "name" : "Visit Details",
    "description" : "",
    "viewType" : "Tile",
    "displayOrder" : 1.0,
    "dashboardUUID" : "c4d3bc0a-027e-4a6a-87dd-85e5b7285523",
    "dashboardSectionCardMappings" : [ {
      "uuid" : "4dff9285-88b3-43de-a90b-9823ab32e433",
      "displayOrder" : 2.0,
      "dashboardSectionUUID" : "741711ef-df17-4884-8928-20dee701479e",
      "reportCardUUID" : "85ce7239-e8b5-4e57-b07d-66c18cee47b2",
      "voided" : false
    }, {
      "uuid" : "4d139c45-1854-46ec-ad80-40725f7b9b8a",
      "displayOrder" : 1.0,
      "dashboardSectionUUID" : "741711ef-df17-4884-8928-20dee701479e",
      "reportCardUUID" : "6085c2f4-52e7-4b08-85b6-d6b2612b4cf5",
      "voided" : false
    } ],
    "voided" : false
  }, {
    "uuid" : "2ce712c2-3fa3-4ca4-9703-95766ef512c2",
    "id" : 1677,
    "name" : "Registration Overview",
    "description" : "",
    "viewType" : "Tile",
    "displayOrder" : 3.0,
    "dashboardUUID" : "c4d3bc0a-027e-4a6a-87dd-85e5b7285523",
    "dashboardSectionCardMappings" : [ {
      "uuid" : "59179efb-472b-4065-903f-ba85fed31307",
      "displayOrder" : 2.0,
      "dashboardSectionUUID" : "2ce712c2-3fa3-4ca4-9703-95766ef512c2",
      "reportCardUUID" : "f0bf9c89-b485-4dee-8f2c-b3a5ca7e59d6",
      "voided" : false
    }, {
      "uuid" : "e02a68ed-c02b-4cba-a5b5-6a5c71ab5eb8",
      "displayOrder" : 1.0,
      "dashboardSectionUUID" : "2ce712c2-3fa3-4ca4-9703-95766ef512c2",
      "reportCardUUID" : "a1673f8a-c394-4bcf-8b6f-63d83a5443e2",
      "voided" : false
    } ],
    "voided" : false
  } ],
  "filters" : [ {
    "uuid" : "20367018-a168-43ff-a28f-64cd46ad3e2c",
    "id" : 544,
    "name" : "Subject Type",
    "filterConfig" : {
      "type" : "SubjectType",
      "subjectTypeUUID" : null,
      "widget" : null,
      "groupSubjectTypeFilter" : null,
      "observationBasedFilter" : null
    },
    "voided" : false
  }, {
    "uuid" : "efea5b8d-d621-47d0-a02c-c9b1a667b680",
    "id" : 543,
    "name" : "As On Date",
    "filterConfig" : {
      "type" : "AsOnDate",
      "subjectTypeUUID" : null,
      "widget" : null,
      "groupSubjectTypeFilter" : null,
      "observationBasedFilter" : null
    },
    "voided" : false
  } ],
  "voided" : false
}, {
  "uuid" : "c7d3f921-9754-499c-8f74-16d8eecd1976",
  "id" : 893,
  "name" : "Primary",
  "description" : "",
  "sections" : [ {
    "uuid" : "5a40b098-447b-4ef2-90eb-c4e5903c9551",
    "id" : 1680,
    "name" : "Registration",
    "description" : "",
    "viewType" : "Tile",
    "displayOrder" : 100.0,
    "dashboardUUID" : "c7d3f921-9754-499c-8f74-16d8eecd1976",
    "dashboardSectionCardMappings" : [ {
      "uuid" : "f72c6c7a-1a5e-45b2-8bf3-46ef60372db6",
      "displayOrder" : 1.0,
      "dashboardSectionUUID" : "5a40b098-447b-4ef2-90eb-c4e5903c9551",
      "reportCardUUID" : "a1673f8a-c394-4bcf-8b6f-63d83a5443e2",
      "voided" : false
    }, {
      "uuid" : "008c892c-3d90-4056-9cef-2ea9f8daf12c",
      "displayOrder" : -1.0,
      "dashboardSectionUUID" : "5a40b098-447b-4ef2-90eb-c4e5903c9551",
      "reportCardUUID" : "f0bf9c89-b485-4dee-8f2c-b3a5ca7e59d6",
      "voided" : true
    }, {
      "uuid" : "52063508-c2ba-4727-a2a4-ba9bd5167387",
      "displayOrder" : -1.0,
      "dashboardSectionUUID" : "5a40b098-447b-4ef2-90eb-c4e5903c9551",
      "reportCardUUID" : "f0bf9c89-b485-4dee-8f2c-b3a5ca7e59d6",
      "voided" : true
    }, {
      "uuid" : "eab3bd5f-cf5c-4f61-95d2-bd3843dba284",
      "displayOrder" : 3.0,
      "dashboardSectionUUID" : "5a40b098-447b-4ef2-90eb-c4e5903c9551",
      "reportCardUUID" : "b3db1cbe-e655-435b-bc5f-231a0006695b",
      "voided" : false
    }, {
      "uuid" : "266f612c-c3d2-4bf2-9e06-4c413269d7e3",
      "displayOrder" : 4.0,
      "dashboardSectionUUID" : "5a40b098-447b-4ef2-90eb-c4e5903c9551",
      "reportCardUUID" : "122d9bfa-bb6f-46c8-befb-926081d9f5a5",
      "voided" : false
    }, {
      "uuid" : "ad0db797-738a-4b1f-8b96-76200526bab5",
      "displayOrder" : -1.0,
      "dashboardSectionUUID" : "5a40b098-447b-4ef2-90eb-c4e5903c9551",
      "reportCardUUID" : "78046b3b-3f8c-4ee6-a6e5-ff5694c0b2d2",
      "voided" : true
    }, {
      "uuid" : "c4221ed7-221e-4e6c-bc12-b87036c588a5",
      "displayOrder" : 2.0,
      "dashboardSectionUUID" : "5a40b098-447b-4ef2-90eb-c4e5903c9551",
      "reportCardUUID" : "f0bf9c89-b485-4dee-8f2c-b3a5ca7e59d6",
      "voided" : false
    } ],
    "voided" : false
  } ],
  "filters" : [ {
    "uuid" : "087f76b8-f10c-444d-8086-dcaff6ee9265",
    "id" : 546,
    "name" : "Subject Type",
    "filterConfig" : {
      "type" : "SubjectType",
      "subjectTypeUUID" : null,
      "widget" : null,
      "groupSubjectTypeFilter" : null,
      "observationBasedFilter" : null
    },
    "voided" : true
  }, {
    "uuid" : "81e1f460-b98b-48be-8bd4-3682bd53dcbb",
    "id" : 547,
    "name" : "Date",
    "filterConfig" : {
      "type" : "RegistrationDate",
      "subjectTypeUUID" : "f9801f63-bc1e-4a2a-a19a-443dffd4f57e",
      "widget" : "Default",
      "groupSubjectTypeFilter" : null,
      "observationBasedFilter" : null
    },
    "voided" : false
  }, {
    "uuid" : "6518bf40-28c1-4d0f-ba77-70a8a6539df7",
    "id" : 545,
    "name" : "Date",
    "filterConfig" : {
      "type" : "RegistrationDate",
      "subjectTypeUUID" : "ef404155-62c8-4ef1-b71c-2755d491d3c6",
      "widget" : "Default",
      "groupSubjectTypeFilter" : null,
      "observationBasedFilter" : null
    },
    "voided" : false
  } ],
  "voided" : false
}, {
  "uuid" : "bbd95638-f889-47a5-a1fb-71de5ef2546b",
  "id" : 996,
  "name" : "Cards",
  "description" : "",
  "sections" : [ {
    "uuid" : "39ab7cf2-8716-4e14-9b69-e1c5e389c335",
    "id" : 1902,
    "name" : "Labour Card",
    "description" : "",
    "viewType" : "Tile",
    "displayOrder" : 100.0,
    "dashboardUUID" : "bbd95638-f889-47a5-a1fb-71de5ef2546b",
    "dashboardSectionCardMappings" : [ {
      "uuid" : "4625bcdc-1a22-40fc-8c81-57f6f8fd2d61",
      "displayOrder" : -1.0,
      "dashboardSectionUUID" : "39ab7cf2-8716-4e14-9b69-e1c5e389c335",
      "reportCardUUID" : "122d9bfa-bb6f-46c8-befb-926081d9f5a5",
      "voided" : true
    }, {
      "uuid" : "05e73579-f65b-4a39-a609-1513566e53ab",
      "displayOrder" : 2.0,
      "dashboardSectionUUID" : "39ab7cf2-8716-4e14-9b69-e1c5e389c335",
      "reportCardUUID" : "e24723d4-ea30-449f-a0d7-262db949cc6c",
      "voided" : false
    }, {
      "uuid" : "c76ffc54-a40f-441a-ad1c-e93f045b8c7a",
      "displayOrder" : 1.0,
      "dashboardSectionUUID" : "39ab7cf2-8716-4e14-9b69-e1c5e389c335",
      "reportCardUUID" : "1c173bed-a87f-4c46-aed2-a714819a8c5b",
      "voided" : false
    }, {
      "uuid" : "715ab392-29e7-4023-9e06-e5811eba4022",
      "displayOrder" : -1.0,
      "dashboardSectionUUID" : "39ab7cf2-8716-4e14-9b69-e1c5e389c335",
      "reportCardUUID" : "b3db1cbe-e655-435b-bc5f-231a0006695b",
      "voided" : true
    } ],
    "voided" : false
  }, {
    "uuid" : "ec2a785c-add1-47f4-b103-823b67987a1c",
    "id" : 1903,
    "name" : "Ayushman Card",
    "description" : "",
    "viewType" : "Tile",
    "displayOrder" : 100.0,
    "dashboardUUID" : "bbd95638-f889-47a5-a1fb-71de5ef2546b",
    "dashboardSectionCardMappings" : [ {
      "uuid" : "9bb1ff17-ccc9-47f7-8bee-68a7957635ca",
      "displayOrder" : 2.0,
      "dashboardSectionUUID" : "ec2a785c-add1-47f4-b103-823b67987a1c",
      "reportCardUUID" : "517c8d06-313a-44f2-93db-72a0d2a7907f",
      "voided" : false
    }, {
      "uuid" : "d1c33e7d-0bd1-4fa3-87f4-e4dc5aa7c1b0",
      "displayOrder" : 1.0,
      "dashboardSectionUUID" : "ec2a785c-add1-47f4-b103-823b67987a1c",
      "reportCardUUID" : "cc63982c-97d2-4f72-82f9-caeea5c33664",
      "voided" : false
    } ],
    "voided" : false
  }, {
    "uuid" : "5b370325-870a-45d6-add6-6266899237f8",
    "id" : 1900,
    "name" : "Registrations",
    "description" : "",
    "viewType" : "Tile",
    "displayOrder" : 100.0,
    "dashboardUUID" : "bbd95638-f889-47a5-a1fb-71de5ef2546b",
    "dashboardSectionCardMappings" : [ {
      "uuid" : "cc87694c-2041-4a48-8306-7fad77be2c5e",
      "displayOrder" : -1.0,
      "dashboardSectionUUID" : "5b370325-870a-45d6-add6-6266899237f8",
      "reportCardUUID" : "1c173bed-a87f-4c46-aed2-a714819a8c5b",
      "voided" : true
    }, {
      "uuid" : "e12f6081-cb17-4086-858b-95a548938f1c",
      "displayOrder" : 4.0,
      "dashboardSectionUUID" : "5b370325-870a-45d6-add6-6266899237f8",
      "reportCardUUID" : "d901df4f-602d-442a-a9d0-901e8229c454",
      "voided" : false
    }, {
      "uuid" : "c03d2cc7-e4a4-45e5-827c-b61e85d1f387",
      "displayOrder" : -1.0,
      "dashboardSectionUUID" : "5b370325-870a-45d6-add6-6266899237f8",
      "reportCardUUID" : "cc63982c-97d2-4f72-82f9-caeea5c33664",
      "voided" : true
    }, {
      "uuid" : "8ec8525e-0b5f-4b28-8b45-4d81b48ceda8",
      "displayOrder" : 3.0,
      "dashboardSectionUUID" : "5b370325-870a-45d6-add6-6266899237f8",
      "reportCardUUID" : "19b73d4b-0119-4310-9983-5420d4e12365",
      "voided" : false
    }, {
      "uuid" : "815231fb-6b8b-4aa7-8425-4a40ba69d943",
      "displayOrder" : 1.0,
      "dashboardSectionUUID" : "5b370325-870a-45d6-add6-6266899237f8",
      "reportCardUUID" : "f0bf9c89-b485-4dee-8f2c-b3a5ca7e59d6",
      "voided" : false
    }, {
      "uuid" : "e9e472c5-da71-47fa-8f24-84ebb7a864ce",
      "displayOrder" : 2.0,
      "dashboardSectionUUID" : "5b370325-870a-45d6-add6-6266899237f8",
      "reportCardUUID" : "a1673f8a-c394-4bcf-8b6f-63d83a5443e2",
      "voided" : false
    }, {
      "uuid" : "02a86779-4e77-4d29-9851-d66c2128f3eb",
      "displayOrder" : -1.0,
      "dashboardSectionUUID" : "5b370325-870a-45d6-add6-6266899237f8",
      "reportCardUUID" : "b3db1cbe-e655-435b-bc5f-231a0006695b",
      "voided" : true
    }, {
      "uuid" : "4f1aa5dd-28fa-4cb4-bf8d-b475c72e5f5c",
      "displayOrder" : -1.0,
      "dashboardSectionUUID" : "5b370325-870a-45d6-add6-6266899237f8",
      "reportCardUUID" : "517c8d06-313a-44f2-93db-72a0d2a7907f",
      "voided" : true
    }, {
      "uuid" : "2dace6ca-64a1-4b2a-a4eb-b4411080e09d",
      "displayOrder" : -1.0,
      "dashboardSectionUUID" : "5b370325-870a-45d6-add6-6266899237f8",
      "reportCardUUID" : "e24723d4-ea30-449f-a0d7-262db949cc6c",
      "voided" : true
    }, {
      "uuid" : "104bb984-5666-4860-a188-87ac9e7da05e",
      "displayOrder" : -1.0,
      "dashboardSectionUUID" : "5b370325-870a-45d6-add6-6266899237f8",
      "reportCardUUID" : "122d9bfa-bb6f-46c8-befb-926081d9f5a5",
      "voided" : true
    } ],
    "voided" : false
  }, {
    "uuid" : "fafe2db3-a9c1-41a1-b533-89ac6d7b8152",
    "id" : 1901,
    "name" : "E-Shram",
    "description" : "",
    "viewType" : "Tile",
    "displayOrder" : 100.0,
    "dashboardUUID" : "bbd95638-f889-47a5-a1fb-71de5ef2546b",
    "dashboardSectionCardMappings" : [ {
      "uuid" : "efe129f3-d903-4566-bd38-f8351926bc13",
      "displayOrder" : 1.0,
      "dashboardSectionUUID" : "fafe2db3-a9c1-41a1-b533-89ac6d7b8152",
      "reportCardUUID" : "b3db1cbe-e655-435b-bc5f-231a0006695b",
      "voided" : false
    }, {
      "uuid" : "b8d35e98-313c-44a5-aa25-113fa4705e57",
      "displayOrder" : 2.0,
      "dashboardSectionUUID" : "fafe2db3-a9c1-41a1-b533-89ac6d7b8152",
      "reportCardUUID" : "122d9bfa-bb6f-46c8-befb-926081d9f5a5",
      "voided" : false
    } ],
    "voided" : false
  } ],
  "filters" : [ ],
  "voided" : false
} ]