[ {
  "uuid" : "6085c2f4-52e7-4b08-85b6-d6b2612b4cf5",
  "id" : 4354,
  "name" : "Scheduled visits",
  "color" : "#388e3c",
  "nested" : false,
  "count" : 1,
  "standardReportCardType" : "27020b32-c21b-43a4-81bd-7b88ad3a6ef0",
  "standardReportCardInputSubjectTypes" : [ ],
  "standardReportCardInputPrograms" : [ ],
  "standardReportCardInputEncounterTypes" : [ ],
  "voided" : false
}, {
  "uuid" : "85ce7239-e8b5-4e57-b07d-66c18cee47b2",
  "id" : 4355,
  "name" : "Overdue visits",
  "color" : "#d32f2f",
  "nested" : false,
  "count" : 1,
  "standardReportCardType" : "9f88bee5-2ab9-4ac4-ae19-d07e9715bdb5",
  "standardReportCardInputSubjectTypes" : [ ],
  "standardReportCardInputPrograms" : [ ],
  "standardReportCardInputEncounterTypes" : [ ],
  "voided" : false
}, {
  "uuid" : "f366f35a-5c4f-4ff7-b510-2dc9f5f88847",
  "id" : 4357,
  "name" : "Recent registrations",
  "color" : "#ffffff",
  "nested" : false,
  "count" : 1,
  "standardReportCardType" : "88a7514c-48c0-4d5d-a421-d074e43bb36c",
  "standardReportCardInputSubjectTypes" : [ ],
  "standardReportCardInputPrograms" : [ ],
  "standardReportCardInputEncounterTypes" : [ ],
  "standardReportCardInputRecentDuration" : "{\"value\":\"1\",\"unit\":\"days\"}",
  "voided" : false
}, {
  "uuid" : "e1036b69-df46-4351-9916-10cd4cfcb6bd",
  "id" : 4358,
  "name" : "Recent enrolments",
  "color" : "#ffffff",
  "nested" : false,
  "count" : 1,
  "standardReportCardType" : "a5efc04c-317a-4823-a203-e62603454a65",
  "standardReportCardInputSubjectTypes" : [ ],
  "standardReportCardInputPrograms" : [ ],
  "standardReportCardInputEncounterTypes" : [ ],
  "standardReportCardInputRecentDuration" : "{\"value\":\"1\",\"unit\":\"days\"}",
  "voided" : false
}, {
  "uuid" : "dd961ee1-9d4e-4ec9-99f0-99b36672be7c",
  "id" : 4359,
  "name" : "Recent visits",
  "color" : "#ffffff",
  "nested" : false,
  "count" : 1,
  "standardReportCardType" : "77b5b3fa-de35-4f24-996b-2842492ea6e0",
  "standardReportCardInputSubjectTypes" : [ ],
  "standardReportCardInputPrograms" : [ ],
  "standardReportCardInputEncounterTypes" : [ ],
  "standardReportCardInputRecentDuration" : "{\"value\":\"1\",\"unit\":\"days\"}",
  "voided" : false
}, {
  "uuid" : "a1673f8a-c394-4bcf-8b6f-63d83a5443e2",
  "id" : 4356,
  "name" : "Total Individual Registered",
  "color" : "#eff9c7",
  "nested" : false,
  "count" : 1,
  "standardReportCardType" : "1fbcadf3-bf1a-439e-9e13-24adddfbf6c0",
  "standardReportCardInputSubjectTypes" : [ "ef404155-62c8-4ef1-b71c-2755d491d3c6" ],
  "standardReportCardInputPrograms" : [ ],
  "standardReportCardInputEncounterTypes" : [ ],
  "voided" : false
}, {
  "uuid" : "f0bf9c89-b485-4dee-8f2c-b3a5ca7e59d6",
  "id" : 4360,
  "name" : "Total Household Registered",
  "description" : "",
  "color" : "#bff0e8",
  "nested" : false,
  "count" : 1,
  "standardReportCardType" : "1fbcadf3-bf1a-439e-9e13-24adddfbf6c0",
  "standardReportCardInputSubjectTypes" : [ "f9801f63-bc1e-4a2a-a19a-443dffd4f57e" ],
  "standardReportCardInputPrograms" : [ ],
  "standardReportCardInputEncounterTypes" : [ ],
  "voided" : false
}, {
  "uuid" : "78046b3b-3f8c-4ee6-a6e5-ff5694c0b2d2",
  "id" : 4361,
  "name" : "Individuals registered but schemes details not captured",
  "query" : "'use strict';\n({params, imports}) => {\n    // Fetch individuals where \"voided\" is false\n    const individualsList = params.db.objects('Individual').filtered(\"individual.voided == false\");\n\n    // Filter for individuals where \"ICDS\" is not filled or \"Cards & Schemes\" is not filled\n    const icdsOrCardsNotFilledList = _.filter(individualsList, function(o) {\n        return (!o.ICDS || o.ICDS.trim() === '') || (!o['Cards & Schemes'] || o['Cards & Schemes'].trim() === '');\n    });\n\n    return {\n        reportCards: [\n            {\n                cardName: 'Missing ICDS or Cards & Schemes',\n                cardColor: '#ff6347', // Example: Tomato red to indicate missing data\n                textColor: '#ffffff',\n                primaryValue: icdsOrCardsNotFilledList.length,\n                secondaryValue: `( ${(icdsOrCardsNotFilledList.length / individualsList.length * 100).toFixed(2)}% )`,\n                lineListFunction: () => {\n                    return params.db.objects('Individual').filtered(\n                        \"individual.voided == false && ((ICDS == null || ICDS == '') || ([Cards & Schemes] == null || [Cards & Schemes] == ''))\"\n                    );\n                }\n            }\n        ]\n    };\n};\n",
  "description" : "",
  "color" : "#ff0000",
  "nested" : true,
  "count" : 1,
  "standardReportCardInputSubjectTypes" : [ ],
  "standardReportCardInputPrograms" : [ ],
  "standardReportCardInputEncounterTypes" : [ ],
  "voided" : false
}, {
  "uuid" : "b3db1cbe-e655-435b-bc5f-231a0006695b",
  "id" : 4362,
  "name" : "Total Individuals with E-Shram card",
  "query" : "'use strict';\n({ params, imports }) => {\n    return params.db.objects('Individual').filtered(`\n        subjectType.name == 'Individual' AND \n        voided == false AND \n        SUBQUERY(encounters, $enc, \n            $enc.encounterType.name == 'Cards & Schemes-1' AND \n            $enc.encounterDateTime != null AND \n            SUBQUERY($enc.observations, $obs, \n                ($obs.concept.uuid == 'a2d99824-5f29-42fb-a821-35df6f10255b' AND \n                 $obs.valueJSON CONTAINS '\"2f93db8a-0e68-4f70-8921-b7028689839f\"')\n            ).@count > 0\n        ).@count > 0\n    `);\n};",
  "description" : "",
  "color" : "#bcd1ed",
  "nested" : false,
  "count" : 1,
  "standardReportCardInputSubjectTypes" : [ ],
  "standardReportCardInputPrograms" : [ ],
  "standardReportCardInputEncounterTypes" : [ ],
  "voided" : false
}, {
  "uuid" : "122d9bfa-bb6f-46c8-befb-926081d9f5a5",
  "id" : 4363,
  "name" : "Total Individuals without E-Shram card",
  "query" : "'use strict';\n({ params, imports }) => {\n    return params.db.objects('Individual').filtered(`\n        subjectType.name == 'Individual' AND \n        voided == false AND \n        SUBQUERY(encounters, $enc, \n            $enc.encounterType.name == 'Cards & Schemes' AND \n            $enc.encounterDateTime != null AND \n            SUBQUERY($enc.observations, $obs, \n                ($obs.concept.uuid == 'a2d99824-5f29-42fb-a821-35df6f10255b' AND \n                 $obs.valueJSON CONTAINS '\"10d045f7-d260-4fe4-9941-d2d795d468a5\"')\n            ).@count > 0\n        ).@count > 0\n    `);\n};",
  "description" : "",
  "color" : "#f4b7cd",
  "nested" : false,
  "count" : 1,
  "standardReportCardInputSubjectTypes" : [ ],
  "standardReportCardInputPrograms" : [ ],
  "standardReportCardInputEncounterTypes" : [ ],
  "voided" : false
}, {
  "uuid" : "1c173bed-a87f-4c46-aed2-a714819a8c5b",
  "id" : 4749,
  "name" : "Total individual with Labour Card",
  "query" : "'use strict';\n({ params, imports }) => {\n    return params.db.objects('Individual').filtered(`\n        subjectType.name == 'Individual' AND \n        voided == false AND \n        SUBQUERY(encounters, $enc, \n            $enc.encounterType.name == 'Cards & Schemes' AND \n            $enc.encounterDateTime != null AND \n            SUBQUERY($enc.observations, $obs, \n                ($obs.concept.uuid == '00f5cefd-914e-40b3-b46a-04361d2e3820' AND \n                 $obs.valueJSON CONTAINS '\"10d045f7-d260-4fe4-9941-d2d795d468a5\"')\n            ).@count > 0\n        ).@count > 0\n    `);\n};",
  "description" : "",
  "color" : "#e7cceb",
  "nested" : false,
  "count" : 1,
  "standardReportCardInputSubjectTypes" : [ ],
  "standardReportCardInputPrograms" : [ ],
  "standardReportCardInputEncounterTypes" : [ ],
  "voided" : false
}, {
  "uuid" : "cc63982c-97d2-4f72-82f9-caeea5c33664",
  "id" : 4750,
  "name" : "Total individuals with Ayushman Card",
  "query" : "'use strict';\n({ params, imports }) => {\n    return params.db.objects('Individual').filtered(`\n        subjectType.name == 'Individual' AND \n        voided == false AND \n        SUBQUERY(encounters, $enc, \n            $enc.encounterType.name == 'Cards & Schemes-1' AND \n            $enc.encounterDateTime != null AND \n            SUBQUERY($enc.observations, $obs, \n                ($obs.concept.uuid == '8a7a44fc-6f5c-45a4-9520-44acd6ca5ae6' AND \n                 $obs.valueJSON CONTAINS '\"2f93db8a-0e68-4f70-8921-b7028689839f\"')\n            ).@count > 0\n        ).@count > 0\n    `);\n};",
  "description" : "",
  "color" : "#ecafaf",
  "nested" : false,
  "count" : 1,
  "standardReportCardInputSubjectTypes" : [ ],
  "standardReportCardInputPrograms" : [ ],
  "standardReportCardInputEncounterTypes" : [ ],
  "voided" : false
}, {
  "uuid" : "e24723d4-ea30-449f-a0d7-262db949cc6c",
  "id" : 4751,
  "name" : "Total Individual without Labour Card",
  "query" : "'use strict';\n({ params, imports }) => {\n    return params.db.objects('Individual').filtered(`\n        subjectType.name == 'Individual' AND \n        voided == false AND \n        SUBQUERY(encounters, $enc, \n            $enc.encounterType.name == 'Cards & Schemes' AND \n            $enc.encounterDateTime != null AND \n            SUBQUERY($enc.observations, $obs, \n                ($obs.concept.uuid == '00f5cefd-914e-40b3-b46a-04361d2e3820' AND \n                 $obs.valueJSON CONTAINS '\"10d045f7-d260-4fe4-9941-d2d795d468a5\"')\n            ).@count > 0\n        ).@count > 0\n    `);\n};",
  "description" : "",
  "color" : "#f7d2a1",
  "nested" : false,
  "count" : 1,
  "standardReportCardInputSubjectTypes" : [ ],
  "standardReportCardInputPrograms" : [ ],
  "standardReportCardInputEncounterTypes" : [ ],
  "voided" : false
}, {
  "uuid" : "517c8d06-313a-44f2-93db-72a0d2a7907f",
  "id" : 4752,
  "name" : "Total Individual without Ayushman Card",
  "query" : "'use strict';\n({ params, imports }) => {\n    return params.db.objects('Individual').filtered(`\n        subjectType.name == 'Individual' AND \n        voided == false AND \n        SUBQUERY(encounters, $enc, \n            $enc.encounterType.name == 'Cards & Schemes-1' AND \n            $enc.encounterDateTime != null AND \n            SUBQUERY($enc.observations, $obs, \n                ($obs.concept.uuid == '8a7a44fc-6f5c-45a4-9520-44acd6ca5ae6' AND \n                 $obs.valueJSON CONTAINS '\"2f93db8a-0e68-4f70-8921-b7028689839f\"')\n            ).@count > 0\n        ).@count > 0\n    `);\n};",
  "description" : "",
  "color" : "#daf7ed",
  "nested" : false,
  "count" : 1,
  "standardReportCardInputSubjectTypes" : [ ],
  "standardReportCardInputPrograms" : [ ],
  "standardReportCardInputEncounterTypes" : [ ],
  "voided" : false
}, {
  "uuid" : "d901df4f-602d-442a-a9d0-901e8229c454",
  "id" : 4753,
  "name" : "My Households",
  "query" : "'use strict';\n({params, imports}) => {\nconst _ = imports.lodash;\n    const user = params.db.objects('UserInfo')[0].name;\n    \n     return params.db.objects('Individual')\n     .filtered('voided = false and subjectType.name = \"Household\"')\n     .filtered(`SUBQUERY(observations, $observation, $observation.concept.uuid = '61037977-1d80-42ca-a521-bd33a4e94785' and $observation.valueJSON contains \"${user}\" ).@count > 0`)\n};",
  "description" : "",
  "color" : "#ebf8e7",
  "nested" : false,
  "count" : 1,
  "standardReportCardInputSubjectTypes" : [ ],
  "standardReportCardInputPrograms" : [ ],
  "standardReportCardInputEncounterTypes" : [ ],
  "voided" : false
}, {
  "uuid" : "19b73d4b-0119-4310-9983-5420d4e12365",
  "id" : 4754,
  "name" : "My Individuals",
  "query" : "// Documentation - https://docs.mongodb.com/realm-legacy/docs/javascript/latest/index.html#queries\n'use strict';\n({params, imports}) => {\nconst _ = imports.lodash;\n    const user = params.db.objects('UserInfo')[0].name;\n    \n     return params.db.objects('Individual')\n     .filtered('voided = false and subjectType.name = \"Individual\"')\n     .filtered(`SUBQUERY(observations, $observation, $observation.concept.uuid = '61037977-1d80-42ca-a521-bd33a4e94785' and $observation.valueJSON contains \"${user}\" ).@count > 0`)\n};",
  "description" : "",
  "color" : "#e7f8f6",
  "nested" : false,
  "count" : 1,
  "standardReportCardInputSubjectTypes" : [ ],
  "standardReportCardInputPrograms" : [ ],
  "standardReportCardInputEncounterTypes" : [ ],
  "voided" : false
} ]