[ {
  "name" : "Household",
  "uuid" : "f9801f63-bc1e-4a2a-a19a-443dffd4f57e",
  "active" : true,
  "type" : "Household",
  "subjectSummaryRule" : "",
  "programEligibilityCheckRule" : "",
  "allowEmptyLocation" : false,
  "allowMiddleName" : false,
  "lastNameOptional" : false,
  "allowProfilePicture" : false,
  "uniqueName" : false,
  "iconFileS3Key" : "https://s3.ap-south-1.amazonaws.com/prod-user-media/saaras/icons/f9801f63-bc1e-4a2a-a19a-443dffd4f57e.png",
  "shouldSyncByLocation" : true,
  "settings" : {
    "displayRegistrationDetails" : true,
    "displayPlannedEncounters" : true
  },
  "group" : true,
  "household" : true,
  "directlyAssignable" : false,
  "voided" : false
}, {
  "name" : "Individual",
  "uuid" : "ef404155-62c8-4ef1-b71c-2755d491d3c6",
  "active" : true,
  "type" : "Person",
  "subjectSummaryRule" : "",
  "programEligibilityCheckRule" : "",
  "allowEmptyLocation" : false,
  "allowMiddleName" : false,
  "lastNameOptional" : true,
  "allowProfilePicture" : false,
  "uniqueName" : false,
  "iconFileS3Key" : "https://s3.ap-south-1.amazonaws.com/prod-user-media/saaras/icons/ef404155-62c8-4ef1-b71c-2755d491d3c6.png",
  "shouldSyncByLocation" : true,
  "settings" : {
    "displayRegistrationDetails" : true,
    "displayPlannedEncounters" : true
  },
  "group" : false,
  "household" : false,
  "directlyAssignable" : false,
  "voided" : false
} ]