{
  "name" : "Teacher Registration",
  "uuid" : "05be8e9f-0adc-4f0d-b216-4bec1e8a4d10",
  "formType" : "IndividualProfile",
  "formElementGroups" : [ {
    "uuid" : "189e39e6-c1fe-4abc-9620-9624cd7b81f7",
    "name" : "Details",
    "displayOrder" : 1.0,
    "display" : "Details",
    "formElements" : [ {
      "name" : "School UDISE Code",
      "uuid" : "49586f09-f670-4d51-bfba-c14bd56d50e5",
      "keyValues" : [ ],
      "concept" : {
        "name" : "School UDISE Code",
        "uuid" : "8e17040c-fc51-430e-83be-e5c59703f2dc",
        "dataType" : "Numeric",
        "answers" : [ ],
        "active" : true
      },
      "displayOrder" : 1.0,
      "type" : "SingleSelect",
      "validFormat" : {
        "regex" : "^[0-9]{11}$",
        "descriptionKey" : "AddAValidUDISECode"
      },
      "mandatory" : true
    }, {
      "name" : "Teacher CFMS ID",
      "uuid" : "b4032cf8-60f8-4bd4-bfa9-6f50b3e19b16",
      "keyValues" : [ ],
      "concept" : {
        "name" : "Teacher CMSF ID",
        "uuid" : "2a6ce14d-b712-4c84-86f7-4e42a71dc3c6",
        "dataType" : "Text",
        "answers" : [ ],
        "active" : true
      },
      "displayOrder" : 2.0,
      "type" : "SingleSelect",
      "mandatory" : true
    }, {
      "name" : "Mobile Number",
      "uuid" : "f83aebdd-0073-4240-bf72-db4b1e426967",
      "keyValues" : [ ],
      "concept" : {
        "name" : "Mobile Number",
        "uuid" : "b3756942-ec0b-4f11-ad10-319fbc3d932f",
        "dataType" : "Numeric",
        "answers" : [ ],
        "active" : true
      },
      "displayOrder" : 3.0,
      "type" : "SingleSelect",
      "validFormat" : {
        "regex" : "^\\d{10}$",
        "descriptionKey" : "AddAValid10DigitMobilenumber"
      },
      "mandatory" : true
    }, {
      "name" : "Phone Number",
      "uuid" : "946e6858-bd9b-44fb-905e-ac50717a16d3",
      "keyValues" : [ ],
      "concept" : {
        "name" : "Phone Number",
        "uuid" : "2ff72f47-e6c1-424c-b64e-890d09497679",
        "dataType" : "PhoneNumber",
        "answers" : [ ],
        "active" : true,
        "keyValues" : [ {
          "key" : "verifyPhoneNumber",
          "value" : false
        } ]
      },
      "displayOrder" : 4.0,
      "type" : "SingleSelect",
      "mandatory" : true,
      "voided" : true
    } ],
    "timed" : false
  } ],
  "decisionRule" : "",
  "visitScheduleRule" : "",
  "validationRule" : "",
  "checklistsRule" : "",
  "decisionConcepts" : [ ]
}