[ {
  "name" : "1",
  "uuid" : "9139d435-2178-46d9-aea9-429597e533b2",
  "dataType" : "NA",
  "active" : true
}, {
  "name" : "10",
  "uuid" : "7f0e1fbd-a1b9-4121-b630-dfec36a2dfd0",
  "dataType" : "NA",
  "active" : true
}, {
  "name" : "2",
  "uuid" : "0dc335ea-663d-4b81-b0b4-153d098a5839",
  "dataType" : "NA",
  "active" : true
}, {
  "name" : "2 Wheeler",
  "uuid" : "3769e0c6-ea4f-4836-b6c4-6603b27b5f91",
  "dataType" : "NA",
  "active" : true
}, {
  "name" : "3",
  "uuid" : "9f2ddb48-9c8c-435b-b986-6fff8ab6a6e6",
  "dataType" : "NA",
  "active" : true
}, {
  "name" : "4",
  "uuid" : "3721e294-6f2a-410f-9741-c33079f80d0b",
  "dataType" : "NA",
  "active" : true
}, {
  "name" : "4 Wheeler",
  "uuid" : "58cc3e54-5a82-48e1-91bf-c1c0dd26a2e0",
  "dataType" : "NA",
  "active" : true
}, {
  "name" : "5",
  "uuid" : "98408506-1159-4245-ba94-5834be1ccd2e",
  "dataType" : "NA",
  "active" : true
}, {
  "name" : "6",
  "uuid" : "e9ce8718-ef32-4870-b3cb-b5e733fc115a",
  "dataType" : "NA",
  "active" : true
}, {
  "name" : "7",
  "uuid" : "aafae271-765c-4347-be3b-3fc1e00e63a1",
  "dataType" : "NA",
  "active" : true
}, {
  "name" : "8",
  "uuid" : "d7443a73-80b7-4320-9c45-6558595be70a",
  "dataType" : "NA",
  "active" : true
}, {
  "name" : "9",
  "uuid" : "29d29318-6b0c-4a2b-85e3-5392bd5a668f",
  "dataType" : "NA",
  "active" : true
}, {
  "name" : "A daily attendance form will start getting scheduled from date of registration of Phulwari.",
  "uuid" : "5aa2a390-764b-40cb-a601-ef520fd82d88",
  "dataType" : "Coded",
  "active" : true,
  "answers" : [ {
    "name" : "Counselling Placeholder",
    "uuid" : "c0d10b18-9e61-442a-9665-1f57524b37dc",
    "order" : 0.0
  } ]
}, {
  "name" : "Aadha kacha pakka",
  "uuid" : "8e7eee58-19a7-4189-a29b-a90c801765ba",
  "dataType" : "NA",
  "active" : true
}, {
  "name" : "Aamatola",
  "uuid" : "d67d31a8-d76b-4d28-a623-9c23a0052e66",
  "dataType" : "NA",
  "active" : true,
  "keyValues" : [ {
    "key" : "village",
    "value" : "Adwar"
  } ]
}, {
  "name" : "Absent",
  "uuid" : "10885638-561a-42b6-8b24-8daa01864c89",
  "dataType" : "NA",
  "active" : true
}, {
  "name" : "Ahirgawan",
  "uuid" : "c6e3c748-a2c2-4663-af41-48bdb9e7fa12",
  "dataType" : "NA",
  "active" : true,
  "keyValues" : [ {
    "key" : "village",
    "value" : "Ahirgawan,Tarera,Sital pani,Daldali"
  } ]
}, {
  "name" : "Ahirwar",
  "uuid" : "2e889b9c-c0ff-4076-a74a-4d84fa20fbdb",
  "dataType" : "NA",
  "active" : true
}, {
  "name" : "Alwar",
  "uuid" : "026756a0-87b1-4aff-b10d-48ecf5144613",
  "dataType" : "NA",
  "active" : true,
  "keyValues" : [ {
    "key" : "village",
    "value" : "Ghata,Chottibairagi,Badibairagi,Alwar Village"
  } ]
}, {
  "name" : "Amadhar tola",
  "uuid" : "e989447a-7d98-49bb-a063-62a73ff16d48",
  "dataType" : "NA",
  "active" : true,
  "keyValues" : [ {
    "key" : "village",
    "value" : "Padmania"
  } ]
}, {
  "name" : "Antyodaya",
  "uuid" : "eace7aa2-8444-4c43-b5aa-8b5ec0b19a20",
  "dataType" : "NA",
  "active" : true
}, {
  "name" : "APL",
  "uuid" : "36008c2c-7748-426d-9784-ffc5a267db07",
  "dataType" : "NA",
  "active" : true
}, {
  "name" : "Are children wearing Mask",
  "uuid" : "491f7970-8137-4f61-84e6-32de51937728",
  "dataType" : "Coded",
  "active" : true,
  "answers" : [ {
    "name" : "Yes",
    "uuid" : "04bb1773-c353-44a1-a68c-9b448e07ff70",
    "order" : 0.0
  }, {
    "name" : "No",
    "uuid" : "e7b50c78-3d90-484d-a224-9887887780dc",
    "order" : 1.0
  } ]
}, {
  "name" : "Are enough eggs boiled today?",
  "uuid" : "dbeb3b10-79dc-487e-962c-956496df1634",
  "dataType" : "Coded",
  "active" : true,
  "answers" : [ {
    "name" : "Yes",
    "uuid" : "04bb1773-c353-44a1-a68c-9b448e07ff70",
    "order" : 0.0
  }, {
    "name" : "No",
    "uuid" : "e7b50c78-3d90-484d-a224-9887887780dc",
    "order" : 1.0
  } ]
}, {
  "name" : "Are there any children present",
  "uuid" : "b46dca57-e659-4d57-b604-d49414753291",
  "dataType" : "Coded",
  "active" : true,
  "answers" : [ {
    "name" : "Yes",
    "uuid" : "04bb1773-c353-44a1-a68c-9b448e07ff70",
    "order" : 0.0
  }, {
    "name" : "No",
    "uuid" : "e7b50c78-3d90-484d-a224-9887887780dc",
    "order" : 1.0
  } ]
}, {
  "name" : "Ataria",
  "uuid" : "d88638b9-2048-4b68-8998-17a5330a1457",
  "dataType" : "NA",
  "active" : true,
  "keyValues" : [ {
    "key" : "village",
    "value" : "temp1"
  } ]
}, {
  "name" : "attendance date",
  "uuid" : "582f517e-7f77-4bcb-b329-94fddf4ed13f",
  "dataType" : "Date",
  "active" : true
}, {
  "name" : "Away from village",
  "uuid" : "72fd70f8-65ae-4ac4-8339-6faf455e04f5",
  "dataType" : "NA",
  "active" : true
}, {
  "name" : "Badi Tumi",
  "uuid" : "d487c162-d25e-4c8b-a047-eab51629d06c",
  "dataType" : "NA",
  "active" : true,
  "keyValues" : [ {
    "key" : "village",
    "value" : "Dabhaniya,Badi Tumi,Chirpani"
  } ]
}, {
  "name" : "Baghad",
  "uuid" : "a144578b-fd97-472e-8243-14e4bab01499",
  "dataType" : "NA",
  "active" : true,
  "keyValues" : [ {
    "key" : "village",
    "value" : "Baghad"
  } ]
}, {
  "name" : "Baiga",
  "uuid" : "2265b559-682f-427b-9b32-7039995f3b4e",
  "dataType" : "NA",
  "active" : true
}, {
  "name" : "Baigantola",
  "uuid" : "3c37178b-bfe5-426d-9a90-9ced65946fec",
  "dataType" : "NA",
  "active" : true,
  "keyValues" : [ {
    "key" : "village",
    "value" : "Khamroud Village"
  } ]
}, {
  "name" : "Bairagi",
  "uuid" : "4564c552-f3c7-4807-ae5a-09f9b48970b2",
  "dataType" : "NA",
  "active" : true,
  "keyValues" : [ {
    "key" : "village",
    "value" : "Bairagi village"
  } ]
}, {
  "name" : "Barbaspur",
  "uuid" : "e9aabe6c-855f-47be-9f25-d61d5b1c13bf",
  "dataType" : "NA",
  "active" : true,
  "keyValues" : [ {
    "key" : "village",
    "value" : "Barbaspur"
  } ]
}, {
  "name" : "Batiya",
  "uuid" : "d9cd5cb5-5d14-4d00-90aa-17f31d91c98e",
  "dataType" : "NA",
  "active" : true,
  "keyValues" : [ {
    "key" : "village",
    "value" : "Batiya"
  } ]
}, {
  "name" : "Beechtola",
  "uuid" : "25675274-ac62-4d99-b7c3-b88bc45c9bc8",
  "dataType" : "NA",
  "active" : true,
  "keyValues" : [ {
    "key" : "village",
    "value" : "Ahirgawan"
  } ]
}, {
  "name" : "Belapani",
  "uuid" : "8da98038-89f9-40e9-a2a4-8b7bdc47bddf",
  "dataType" : "NA",
  "active" : true,
  "keyValues" : [ {
    "key" : "village",
    "value" : "Belapani"
  } ]
}, {
  "name" : "Belhaitola",
  "uuid" : "e7d09f77-b2b4-4c3e-950c-940844de3bb7",
  "dataType" : "NA",
  "active" : true,
  "keyValues" : [ {
    "key" : "village",
    "value" : "Dona"
  } ]
}, {
  "name" : "Bhadratola",
  "uuid" : "cc596d52-e0af-4475-a8a2-bf278891615b",
  "dataType" : "NA",
  "active" : true,
  "keyValues" : [ {
    "key" : "village",
    "value" : "Alwar Village,Lamsarai"
  } ]
}, {
  "name" : "Bhaisan",
  "uuid" : "4b086321-f60c-4493-8166-6b7414263823",
  "dataType" : "NA",
  "active" : true,
  "keyValues" : [ {
    "key" : "village",
    "value" : "Bhaisan"
  } ]
}, {
  "name" : "Bharratola",
  "uuid" : "31cdf3f0-7bf3-48a2-aa33-b313b5f5e4bf",
  "dataType" : "NA",
  "active" : true,
  "keyValues" : [ {
    "key" : "village",
    "value" : "Bicharpur"
  } ]
}, {
  "name" : "Bhayantola",
  "uuid" : "19b78ed5-384a-4c83-b840-4f6f43e25057",
  "dataType" : "NA",
  "active" : true,
  "keyValues" : [ {
    "key" : "village",
    "value" : "Ufrikala"
  } ]
}, {
  "name" : "Bhumiyatola",
  "uuid" : "3fa4c8e5-72ab-4395-a564-46bfe0ff134e",
  "dataType" : "NA",
  "active" : true,
  "keyValues" : [ {
    "key" : "village",
    "value" : "Duradhar"
  } ]
}, {
  "name" : "Bhuratola",
  "uuid" : "1f525932-240a-468b-a21b-74056e86570a",
  "dataType" : "NA",
  "active" : true,
  "keyValues" : [ {
    "key" : "village",
    "value" : "Bhuratola"
  } ]
}, {
  "name" : "Bicep circumference",
  "uuid" : "241843cc-7753-4f8b-81a2-8f8911d38b2e",
  "dataType" : "Numeric",
  "unit" : "cms",
  "active" : true
}, {
  "name" : "Bijapuri 2",
  "uuid" : "a83983d1-3fe0-4d50-98f3-3d5f767ca9f3",
  "dataType" : "NA",
  "active" : true,
  "keyValues" : [ {
    "key" : "village",
    "value" : "Adwar,Hathbandha,Jairhi"
  } ]
}, {
  "name" : "Bijapuri No.2",
  "uuid" : "f1405014-08cf-4a1f-a8e1-e586a213b0b3",
  "dataType" : "NA",
  "active" : true,
  "keyValues" : [ {
    "key" : "village",
    "value" : "Bijapuri No.2,Jarhi (near Godhantola)"
  } ]
}, {
  "name" : "Bijouri",
  "uuid" : "0237e91a-d8ee-4ed4-9459-f29aa5b197df",
  "dataType" : "NA",
  "active" : true,
  "keyValues" : [ {
    "key" : "village",
    "value" : "temp2"
  } ]
}, {
  "name" : "Birth",
  "uuid" : "46bc3a4b-bc43-42b5-a990-18fdaefa9a8b",
  "dataType" : "NA",
  "active" : true
}, {
  "name" : "Birth Defects",
  "uuid" : "408ce177-eac2-4103-8b5e-3f8bc67bea2b",
  "dataType" : "Coded",
  "active" : true,
  "answers" : [ {
    "name" : "Cleft Lip",
    "uuid" : "2f9cd5ed-4434-4df6-ba6e-710b05e15451",
    "order" : 1.0
  }, {
    "name" : "Cleft Palate",
    "uuid" : "bb2f528c-3cd2-44ee-9542-474d06376596",
    "order" : 2.0
  }, {
    "name" : "Umbilical Hernia",
    "uuid" : "ed5e316a-8995-4de6-ad2e-65a683993624",
    "order" : 3.0
  }, {
    "name" : "Inguinal Hernia",
    "uuid" : "24084b76-e772-4360-a60a-426dce8d7ebb",
    "order" : 4.0
  }, {
    "name" : "Hydrocele",
    "uuid" : "9e6fb895-6742-4cd8-9f61-522c37360c60",
    "order" : 5.0
  }, {
    "name" : "Undescended Testicle",
    "uuid" : "6cff00cb-9998-4041-a65b-2d1247a14103",
    "order" : 6.0
  }, {
    "name" : "Hypospadias",
    "uuid" : "3c782841-6bad-460d-b765-5e1c5ffd5da7",
    "order" : 7.0
  }, {
    "name" : "Congenital Heart disease (Patent Dutus arteriosus or Coarctation(narrowing) of aorta)",
    "uuid" : "8cb3a07a-ccfb-41a3-a975-3b40ce01c368",
    "order" : 8.0
  }, {
    "name" : "neural tube defects",
    "uuid" : "995481b1-e68b-4abb-b774-4fe6c016f5d2",
    "order" : 9.0
  }, {
    "name" : "Congenital Cataract",
    "uuid" : "a591d7ea-38b5-4a82-967e-bc751fe298eb",
    "order" : 10.0
  }, {
    "name" : "Congenital deafness",
    "uuid" : "ff071de9-d145-4704-b4f2-fb91c513cf81",
    "order" : 11.0
  }, {
    "name" : "Club foot",
    "uuid" : "03b3682a-0d96-4de9-bec7-31e71facd14c",
    "order" : 12.0
  }, {
    "name" : "Down's syndrome",
    "uuid" : "ef94187b-fd61-4052-8c46-0d9053b07171",
    "order" : 13.0
  }, {
    "name" : "Other",
    "uuid" : "05ea583c-51d2-412d-ad00-06c432ffe538",
    "order" : 14.0
  }, {
    "name" : "None",
    "uuid" : "ebda5e05-a995-43ca-ad1a-30af3b937539",
    "unique" : true,
    "order" : 15.0
  } ]
}, {
  "name" : "Birth Order",
  "uuid" : "c218b516-a47f-411a-ad82-c3f1f446d9b0",
  "dataType" : "Numeric",
  "active" : true
}, {
  "name" : "Birth Weight",
  "uuid" : "7ff327c5-8678-41e3-af39-c86f214c6f14",
  "dataType" : "Numeric",
  "lowNormal" : 2.5,
  "unit" : "kg",
  "active" : true
}, {
  "name" : "BPL",
  "uuid" : "5c9f10e3-3e20-4a3b-a971-f43b40dd017c",
  "dataType" : "NA",
  "active" : true
}, {
  "name" : "Business",
  "uuid" : "945dc6ea-f049-484a-b333-14acfe1de7e6",
  "dataType" : "NA",
  "active" : true
}, {
  "name" : "Caste Category",
  "uuid" : "61ab6413-5c6a-4512-ab6e-7d5cd1439569",
  "dataType" : "Coded",
  "active" : true,
  "answers" : [ {
    "name" : "ST",
    "uuid" : "dd076e03-68ae-4b53-adf6-641c69b9a518",
    "order" : 1.0
  }, {
    "name" : "SC",
    "uuid" : "a3519a96-350e-4da4-90d9-827c0ff15538",
    "order" : 2.0
  }, {
    "name" : "OBC",
    "uuid" : "e92925ed-4a15-40c0-a0a7-a21c965dad48",
    "order" : 3.0
  }, {
    "name" : "General",
    "uuid" : "cae99772-b389-4baf-849b-9c7c2b06c951",
    "order" : 4.0
  } ]
}, {
  "name" : "Cause of child's death",
  "uuid" : "bf818a3e-6290-4e3f-922e-25e70d0a99f3",
  "dataType" : "Text",
  "active" : true
}, {
  "name" : "Chandania",
  "uuid" : "72754013-a45d-496c-bd55-07d8f110b779",
  "dataType" : "NA",
  "active" : true,
  "keyValues" : [ {
    "key" : "village",
    "value" : "temp3,Picharwahi"
  } ]
}, {
  "name" : "Chatua",
  "uuid" : "ab88a8fa-8e83-463e-ac58-602cf9775341",
  "dataType" : "NA",
  "active" : true,
  "keyValues" : [ {
    "key" : "village",
    "value" : "Chatua (Anuppur)"
  } ]
}, {
  "name" : "Chatua 2",
  "uuid" : "1eb48800-2315-45df-97fd-5eb5d44746f7",
  "dataType" : "NA",
  "active" : true,
  "keyValues" : [ {
    "key" : "village",
    "value" : "Chatua (Anuppur)"
  } ]
}, {
  "name" : "Chhatenitola",
  "uuid" : "1f51ed3b-cd8c-4054-aa0d-7a12499707ed",
  "dataType" : "NA",
  "active" : true,
  "keyValues" : [ {
    "key" : "village",
    "value" : "Tarera"
  } ]
}, {
  "name" : "Child Disabilities",
  "uuid" : "100cf9ac-313d-4d20-9968-6113deecbb26",
  "dataType" : "Coded",
  "active" : true,
  "answers" : [ {
    "name" : "Hands",
    "uuid" : "f54ad2a1-3e1d-452f-8a97-54c9d806ab0c",
    "order" : 1.0
  }, {
    "name" : "Feet",
    "uuid" : "63f3b16d-0ddd-49dc-86a2-3ac855b11ea2",
    "order" : 2.0
  }, {
    "name" : "Mental",
    "uuid" : "121e3bd4-70b4-4c80-b188-3a3018556934",
    "order" : 3.0
  }, {
    "name" : "Other",
    "uuid" : "05ea583c-51d2-412d-ad00-06c432ffe538",
    "order" : 4.0
  }, {
    "name" : "None",
    "uuid" : "ebda5e05-a995-43ca-ad1a-30af3b937539",
    "unique" : true,
    "order" : 5.0
  } ]
}, {
  "name" : "Children present in phulwari",
  "uuid" : "c3b87f3d-1eac-47c7-b7c8-6057fd9f27ac",
  "dataType" : "Subject",
  "active" : true,
  "keyValues" : [ {
    "key" : "subjectTypeUUID",
    "value" : "9f2af1f9-e150-4f8e-aad3-40bb7eb05aa3"
  } ]
}, {
  "name" : "Chiliamar",
  "uuid" : "50b881db-ba95-463d-b80f-0556387fa227",
  "dataType" : "NA",
  "active" : true,
  "keyValues" : [ {
    "key" : "village",
    "value" : "temp4,Belapani"
  } ]
}, {
  "name" : "Christian",
  "uuid" : "48daa405-dcdb-4706-9dbd-a54562012331",
  "dataType" : "NA",
  "active" : true
}, {
  "name" : "Chronic Illness",
  "uuid" : "ab9df5ba-7ffc-45eb-8200-0e11ed291260",
  "dataType" : "Coded",
  "active" : true,
  "answers" : [ {
    "name" : "Yes",
    "uuid" : "04bb1773-c353-44a1-a68c-9b448e07ff70",
    "abnormal" : true,
    "order" : 1.0
  }, {
    "name" : "No",
    "uuid" : "e7b50c78-3d90-484d-a224-9887887780dc",
    "order" : 2.0
  } ]
}, {
  "name" : "Cleanliness of Children",
  "uuid" : "abac946e-7dff-4f18-922e-8f492e2daef7",
  "dataType" : "Coded",
  "active" : true,
  "answers" : [ {
    "name" : "1",
    "uuid" : "9139d435-2178-46d9-aea9-429597e533b2",
    "order" : 0.0
  }, {
    "name" : "2",
    "uuid" : "0dc335ea-663d-4b81-b0b4-153d098a5839",
    "order" : 1.0
  }, {
    "name" : "3",
    "uuid" : "9f2ddb48-9c8c-435b-b986-6fff8ab6a6e6",
    "order" : 2.0
  }, {
    "name" : "4",
    "uuid" : "3721e294-6f2a-410f-9741-c33079f80d0b",
    "order" : 3.0
  }, {
    "name" : "5",
    "uuid" : "98408506-1159-4245-ba94-5834be1ccd2e",
    "order" : 4.0
  }, {
    "name" : "6",
    "uuid" : "e9ce8718-ef32-4870-b3cb-b5e733fc115a",
    "order" : 5.0
  }, {
    "name" : "7",
    "uuid" : "aafae271-765c-4347-be3b-3fc1e00e63a1",
    "order" : 6.0
  }, {
    "name" : "8",
    "uuid" : "d7443a73-80b7-4320-9c45-6558595be70a",
    "order" : 7.0
  }, {
    "name" : "9",
    "uuid" : "29d29318-6b0c-4a2b-85e3-5392bd5a668f",
    "order" : 8.0
  }, {
    "name" : "10",
    "uuid" : "7f0e1fbd-a1b9-4121-b630-dfec36a2dfd0",
    "order" : 9.0
  } ]
}, {
  "name" : "Cleanliness of Phulwari",
  "uuid" : "1b07a54f-80af-44fa-a171-fb4ef0f2d221",
  "dataType" : "Coded",
  "active" : true,
  "answers" : [ {
    "name" : "1",
    "uuid" : "9139d435-2178-46d9-aea9-429597e533b2",
    "order" : 0.0
  }, {
    "name" : "2",
    "uuid" : "0dc335ea-663d-4b81-b0b4-153d098a5839",
    "order" : 1.0
  }, {
    "name" : "3",
    "uuid" : "9f2ddb48-9c8c-435b-b986-6fff8ab6a6e6",
    "order" : 2.0
  }, {
    "name" : "4",
    "uuid" : "3721e294-6f2a-410f-9741-c33079f80d0b",
    "order" : 3.0
  }, {
    "name" : "5",
    "uuid" : "98408506-1159-4245-ba94-5834be1ccd2e",
    "order" : 4.0
  }, {
    "name" : "6",
    "uuid" : "e9ce8718-ef32-4870-b3cb-b5e733fc115a",
    "order" : 5.0
  }, {
    "name" : "7",
    "uuid" : "aafae271-765c-4347-be3b-3fc1e00e63a1",
    "order" : 6.0
  }, {
    "name" : "8",
    "uuid" : "d7443a73-80b7-4320-9c45-6558595be70a",
    "order" : 7.0
  }, {
    "name" : "9",
    "uuid" : "29d29318-6b0c-4a2b-85e3-5392bd5a668f",
    "order" : 8.0
  }, {
    "name" : "10",
    "uuid" : "7f0e1fbd-a1b9-4121-b630-dfec36a2dfd0",
    "order" : 9.0
  } ]
}, {
  "name" : "Cleanliness of Toys",
  "uuid" : "09b7b38a-311c-4fc1-ab3d-ef670243eadc",
  "dataType" : "Coded",
  "active" : true,
  "answers" : [ {
    "name" : "1",
    "uuid" : "9139d435-2178-46d9-aea9-429597e533b2",
    "order" : 0.0
  }, {
    "name" : "2",
    "uuid" : "0dc335ea-663d-4b81-b0b4-153d098a5839",
    "order" : 1.0
  }, {
    "name" : "3",
    "uuid" : "9f2ddb48-9c8c-435b-b986-6fff8ab6a6e6",
    "order" : 2.0
  }, {
    "name" : "4",
    "uuid" : "3721e294-6f2a-410f-9741-c33079f80d0b",
    "order" : 3.0
  }, {
    "name" : "5",
    "uuid" : "98408506-1159-4245-ba94-5834be1ccd2e",
    "order" : 4.0
  }, {
    "name" : "6",
    "uuid" : "e9ce8718-ef32-4870-b3cb-b5e733fc115a",
    "order" : 5.0
  }, {
    "name" : "7",
    "uuid" : "aafae271-765c-4347-be3b-3fc1e00e63a1",
    "order" : 6.0
  }, {
    "name" : "8",
    "uuid" : "d7443a73-80b7-4320-9c45-6558595be70a",
    "order" : 7.0
  }, {
    "name" : "9",
    "uuid" : "29d29318-6b0c-4a2b-85e3-5392bd5a668f",
    "order" : 8.0
  }, {
    "name" : "10",
    "uuid" : "7f0e1fbd-a1b9-4121-b630-dfec36a2dfd0",
    "order" : 9.0
  } ]
}, {
  "name" : "Cleanliness of Vessels",
  "uuid" : "f3390dd6-0bde-4941-8b07-1a1859c6795e",
  "dataType" : "Coded",
  "active" : true,
  "answers" : [ {
    "name" : "1",
    "uuid" : "9139d435-2178-46d9-aea9-429597e533b2",
    "order" : 0.0
  }, {
    "name" : "2",
    "uuid" : "0dc335ea-663d-4b81-b0b4-153d098a5839",
    "order" : 1.0
  }, {
    "name" : "3",
    "uuid" : "9f2ddb48-9c8c-435b-b986-6fff8ab6a6e6",
    "order" : 2.0
  }, {
    "name" : "4",
    "uuid" : "3721e294-6f2a-410f-9741-c33079f80d0b",
    "order" : 3.0
  }, {
    "name" : "5",
    "uuid" : "98408506-1159-4245-ba94-5834be1ccd2e",
    "order" : 4.0
  }, {
    "name" : "6",
    "uuid" : "e9ce8718-ef32-4870-b3cb-b5e733fc115a",
    "order" : 5.0
  }, {
    "name" : "7",
    "uuid" : "aafae271-765c-4347-be3b-3fc1e00e63a1",
    "order" : 6.0
  }, {
    "name" : "8",
    "uuid" : "d7443a73-80b7-4320-9c45-6558595be70a",
    "order" : 7.0
  }, {
    "name" : "9",
    "uuid" : "29d29318-6b0c-4a2b-85e3-5392bd5a668f",
    "order" : 8.0
  }, {
    "name" : "10",
    "uuid" : "7f0e1fbd-a1b9-4121-b630-dfec36a2dfd0",
    "order" : 9.0
  } ]
}, {
  "name" : "Cleft Lip",
  "uuid" : "2f9cd5ed-4434-4df6-ba6e-710b05e15451",
  "dataType" : "NA",
  "active" : true
}, {
  "name" : "Cleft Palate",
  "uuid" : "bb2f528c-3cd2-44ee-9542-474d06376596",
  "dataType" : "NA",
  "active" : true
}, {
  "name" : "Club foot",
  "uuid" : "03b3682a-0d96-4de9-bec7-31e71facd14c",
  "dataType" : "NA",
  "active" : true
}, {
  "name" : "Completion",
  "uuid" : "f63a0122-8156-4956-a29c-c0722ff22a89",
  "dataType" : "NA",
  "active" : true
}, {
  "name" : "Congenital Cataract",
  "uuid" : "a591d7ea-38b5-4a82-967e-bc751fe298eb",
  "dataType" : "NA",
  "active" : true
}, {
  "name" : "Congenital deafness",
  "uuid" : "ff071de9-d145-4704-b4f2-fb91c513cf81",
  "dataType" : "NA",
  "active" : true
}, {
  "name" : "Congenital Heart disease (Patent Dutus arteriosus or Coarctation(narrowing) of aorta)",
  "uuid" : "8cb3a07a-ccfb-41a3-a975-3b40ce01c368",
  "dataType" : "NA",
  "active" : true
}, {
  "name" : "Counselling Placeholder",
  "uuid" : "c0d10b18-9e61-442a-9665-1f57524b37dc",
  "dataType" : "NA",
  "active" : true
}, {
  "name" : "Cycle",
  "uuid" : "2ecc9fee-493c-4ce5-bd5d-c3139a2fa48f",
  "dataType" : "NA",
  "active" : true
}, {
  "name" : "Dadra Silvari",
  "uuid" : "e1947382-e6a2-4e30-8eee-a1f176cb49ef",
  "dataType" : "NA",
  "active" : true,
  "keyValues" : [ {
    "key" : "village",
    "value" : "Dadra Silvari"
  } ]
}, {
  "name" : "Date of Albendazole dosage",
  "uuid" : "f1474aca-539f-4fd7-9826-d1672b33b344",
  "dataType" : "Date",
  "active" : true
}, {
  "name" : "Date of child's death",
  "uuid" : "ea699728-9f5e-4a63-9e4d-352dbee5969b",
  "dataType" : "Date",
  "active" : true
}, {
  "name" : "Date of phulwari resume",
  "uuid" : "19fea5db-c219-405b-ab6e-664ef6befbfd",
  "dataType" : "Date",
  "active" : true
}, {
  "name" : "Day of month for growth monitoring visit",
  "uuid" : "8c607c63-25fb-4af1-984e-37dd1bae653d",
  "dataType" : "Numeric",
  "lowAbsolute" : 15.0,
  "highAbsolute" : 30.0,
  "active" : true
}, {
  "name" : "Death",
  "uuid" : "afff87d7-4c40-4dd4-9bf7-8e5d9adb3b83",
  "dataType" : "NA",
  "active" : true
}, {
  "name" : "Dhanpuri",
  "uuid" : "43e95843-d1b7-42cf-bc04-be0f68cd2d01",
  "dataType" : "NA",
  "active" : true,
  "keyValues" : [ {
    "key" : "village",
    "value" : "temp5"
  } ]
}, {
  "name" : "Diwantola",
  "uuid" : "c8949750-744a-49d9-8d43-aab3e1fcad72",
  "dataType" : "NA",
  "active" : true,
  "keyValues" : [ {
    "key" : "village",
    "value" : "Salargondi"
  } ]
}, {
  "name" : "Does any child need a health checkup",
  "uuid" : "3b19d1ff-61ad-4bff-92fe-604595855017",
  "dataType" : "Coded",
  "active" : true,
  "answers" : [ {
    "name" : "Yes",
    "uuid" : "04bb1773-c353-44a1-a68c-9b448e07ff70",
    "order" : 0.0
  }, {
    "name" : "No",
    "uuid" : "e7b50c78-3d90-484d-a224-9887887780dc",
    "order" : 1.0
  } ]
}, {
  "name" : "Don't know",
  "uuid" : "a032ffce-c9f5-46f8-b89d-f82d5e91fc45",
  "dataType" : "NA",
  "active" : true
}, {
  "name" : "Dongritola",
  "uuid" : "3bb72aab-eca5-494a-b5da-bf04f784adf1",
  "dataType" : "NA",
  "active" : true,
  "keyValues" : [ {
    "key" : "village",
    "value" : "Jaithari"
  } ]
}, {
  "name" : "Doomartola",
  "uuid" : "de208ce6-9e7f-464f-b79f-5e896e935976",
  "dataType" : "NA",
  "active" : true,
  "keyValues" : [ {
    "key" : "village",
    "value" : "Doomartola"
  } ]
}, {
  "name" : "Down's syndrome",
  "uuid" : "ef94187b-fd61-4052-8c46-0d9053b07171",
  "dataType" : "NA",
  "active" : true
}, {
  "name" : "Dudhmania",
  "uuid" : "b2a0f857-82f0-4e1f-b0f0-08917107aca8",
  "dataType" : "NA",
  "active" : true,
  "keyValues" : [ {
    "key" : "village",
    "value" : "temp6,Dudhmania,Jarwahi"
  } ]
}, {
  "name" : "Duradhar",
  "uuid" : "01c7a2b5-2325-476b-a161-11c9832b48a6",
  "dataType" : "NA",
  "active" : true,
  "keyValues" : [ {
    "key" : "village",
    "value" : "Batiya,Duradhar,Thunguni"
  } ]
}, {
  "name" : "Economic Status",
  "uuid" : "add96a34-28b6-41ec-8d1b-d3b7e4eb9810",
  "dataType" : "Coded",
  "active" : true,
  "answers" : [ {
    "name" : "Orange Card",
    "uuid" : "0c34051e-0b85-4500-bda9-3a546535a2e3",
    "order" : 0.0
  }, {
    "name" : "White Card",
    "uuid" : "fe27e743-351f-47a2-b9cb-ba51df771de7",
    "order" : 1.0
  }, {
    "name" : "Yellow Card",
    "uuid" : "60d82d04-3d65-4be1-88c4-176b6f9d2381",
    "order" : 2.0
  } ]
}, {
  "name" : "Enrolment ID",
  "uuid" : "bdc60d4a-3c3f-4300-ab52-544252d41c1b",
  "dataType" : "Id",
  "active" : true
}, {
  "name" : "Exit",
  "uuid" : "9913a5eb-b571-4a61-b6b8-d9b644422fff",
  "dataType" : "NA",
  "active" : true
}, {
  "name" : "Farming",
  "uuid" : "3767fd62-be7e-4d39-b3ae-05e88d4f5c21",
  "dataType" : "NA",
  "active" : true
}, {
  "name" : "Father's Name",
  "uuid" : "cc4e6c8f-99ea-4d47-a672-a6e5b513806d",
  "dataType" : "Text",
  "active" : true
}, {
  "name" : "Father's Occupation",
  "uuid" : "fb3214f4-d040-40bc-bd38-883ad5e0cae7",
  "dataType" : "Coded",
  "active" : true,
  "answers" : [ {
    "name" : "Labour",
    "uuid" : "54eb4ba3-e940-4d36-ba56-d303f066c088",
    "order" : 1.0
  }, {
    "name" : "Farming",
    "uuid" : "3767fd62-be7e-4d39-b3ae-05e88d4f5c21",
    "order" : 2.0
  }, {
    "name" : "Business",
    "uuid" : "945dc6ea-f049-484a-b333-14acfe1de7e6",
    "order" : 3.0
  }, {
    "name" : "Job",
    "uuid" : "4416a93c-38e8-4bc9-b440-00fa79d04914",
    "order" : 4.0
  }, {
    "name" : "Other",
    "uuid" : "05ea583c-51d2-412d-ad00-06c432ffe538",
    "order" : 5.0
  }, {
    "name" : "Don't know",
    "uuid" : "a032ffce-c9f5-46f8-b89d-f82d5e91fc45",
    "order" : 6.0
  } ]
}, {
  "name" : "Feet",
  "uuid" : "63f3b16d-0ddd-49dc-86a2-3ac855b11ea2",
  "dataType" : "NA",
  "active" : true
}, {
  "name" : "Fridge",
  "uuid" : "705f8530-6d93-4460-ac6b-36e5647efc31",
  "dataType" : "NA",
  "active" : true
}, {
  "name" : "General",
  "uuid" : "cae99772-b389-4baf-849b-9c7c2b06c951",
  "dataType" : "NA",
  "active" : true
}, {
  "name" : "Generator",
  "uuid" : "c89c34a0-41f4-4dfc-9d5f-872a1812aa31",
  "dataType" : "NA",
  "active" : true
}, {
  "name" : "Ghurritola",
  "uuid" : "e711b578-1868-4044-8919-7be99b33dcc9",
  "dataType" : "NA",
  "active" : true,
  "keyValues" : [ {
    "key" : "village",
    "value" : "Ghurritola"
  } ]
}, {
  "name" : "Gijri",
  "uuid" : "d8cf2f07-65c0-45dc-b0c9-6f8fc90851a2",
  "dataType" : "NA",
  "active" : true,
  "keyValues" : [ {
    "key" : "village",
    "value" : "Gijri,Amoda,Bijora"
  } ]
}, {
  "name" : "Gond",
  "uuid" : "9fad61f4-56b4-4ae8-8500-1012fe26eefd",
  "dataType" : "NA",
  "active" : true
}, {
  "name" : "Gonda",
  "uuid" : "7c6c2d06-e426-403d-a590-7988f59cc997",
  "dataType" : "NA",
  "active" : true,
  "keyValues" : [ {
    "key" : "village",
    "value" : "temp7"
  } ]
}, {
  "name" : "Gondi",
  "uuid" : "dbdf5abf-fda2-4d59-9d21-42a2c6efeb9b",
  "dataType" : "NA",
  "active" : true,
  "keyValues" : [ {
    "key" : "village",
    "value" : "Pakripani,Pakhatola"
  } ]
}, {
  "name" : "Gondi phulwari",
  "uuid" : "e40b4df1-803a-4543-ab8d-7d623acce432",
  "dataType" : "NA",
  "active" : true,
  "keyValues" : [ {
    "key" : "village",
    "value" : "Gondi"
  } ]
}, {
  "name" : "Goratola",
  "uuid" : "3d46d442-4568-4127-8c64-59dd2c4bfe99",
  "dataType" : "NA",
  "active" : true,
  "keyValues" : [ {
    "key" : "village",
    "value" : "Sarai (Near Tarang)"
  } ]
}, {
  "name" : "Graduate",
  "uuid" : "ca03f17e-07bb-440b-a9e3-f8fdfe0b9389",
  "dataType" : "NA",
  "active" : true
}, {
  "name" : "Gram Panchayat",
  "uuid" : "9a598e4d-0be1-47e4-a5a8-a4b66f373fd1",
  "dataType" : "Location",
  "active" : true,
  "keyValues" : [ {
    "key" : "isWithinCatchment",
    "value" : true
  }, {
    "key" : "lowestAddressLevelTypeUUIDs",
    "value" : [ "29fc16df-778a-4181-874e-2b91e40191a5" ]
  }, {
    "key" : "highestAddressLevelTypeUUID",
    "value" : "27659508-6e8b-4552-b8ee-044093209413"
  } ]
}, {
  "name" : "Gram panchayat",
  "uuid" : "d6bb1543-0c1c-4c01-bd47-3883701d945b",
  "dataType" : "Coded",
  "active" : true,
  "answers" : [ {
    "name" : "Ahirgawan",
    "uuid" : "c6e3c748-a2c2-4663-af41-48bdb9e7fa12",
    "order" : 1.0
  }, {
    "name" : "Alwar",
    "uuid" : "026756a0-87b1-4aff-b10d-48ecf5144613",
    "order" : 2.0
  }, {
    "name" : "Ataria",
    "uuid" : "d88638b9-2048-4b68-8998-17a5330a1457",
    "order" : 3.0
  }, {
    "name" : "Badi Tumi",
    "uuid" : "d487c162-d25e-4c8b-a047-eab51629d06c",
    "order" : 4.0
  }, {
    "name" : "Bijouri",
    "uuid" : "0237e91a-d8ee-4ed4-9459-f29aa5b197df",
    "order" : 5.0
  }, {
    "name" : "Chandania",
    "uuid" : "72754013-a45d-496c-bd55-07d8f110b779",
    "order" : 6.0
  }, {
    "name" : "Chiliamar",
    "uuid" : "50b881db-ba95-463d-b80f-0556387fa227",
    "order" : 7.0
  }, {
    "name" : "Duradhar",
    "uuid" : "01c7a2b5-2325-476b-a161-11c9832b48a6",
    "order" : 8.0
  }, {
    "name" : "Dhanpuri",
    "uuid" : "43e95843-d1b7-42cf-bc04-be0f68cd2d01",
    "order" : 9.0
  }, {
    "name" : "Dudhmania",
    "uuid" : "b2a0f857-82f0-4e1f-b0f0-08917107aca8",
    "order" : 10.0
  }, {
    "name" : "Gonda",
    "uuid" : "7c6c2d06-e426-403d-a590-7988f59cc997",
    "order" : 11.0
  }, {
    "name" : "Karpa",
    "uuid" : "073ff2ed-1474-462d-a9c3-0d2a6581f441",
    "order" : 12.0
  }, {
    "name" : "Kharsol",
    "uuid" : "1d94d868-4093-489f-889b-a9b6c8f51cd4",
    "order" : 13.0
  }, {
    "name" : "Khamroud",
    "uuid" : "593dd7ac-c9ca-493d-a4fe-5fdc84c84dfb",
    "order" : 14.0
  }, {
    "name" : "Kodar",
    "uuid" : "eab32ed0-6e08-48fe-b987-106f0d11cdfa",
    "order" : 15.0
  }, {
    "name" : "Khumni",
    "uuid" : "5ab7807d-f295-41e3-8b5a-094006b5b103",
    "order" : 16.0
  }, {
    "name" : "Ledra",
    "uuid" : "efa85385-38a5-4ee8-8d71-7445513abbe3",
    "order" : 17.0
  }, {
    "name" : "Mithu mahua",
    "uuid" : "dc42945d-90f4-4160-9f28-c99399481c84",
    "order" : 18.0
  }, {
    "name" : "Nagula",
    "uuid" : "63879021-7aad-45b7-83fe-7c4b89acb617",
    "order" : 19.0
  }, {
    "name" : "Nogawan",
    "uuid" : "47016656-fde5-4910-b9e5-0f51d82d69c3",
    "order" : 20.0
  }, {
    "name" : "Padmania",
    "uuid" : "624666b1-9b1d-4512-9930-e5cbc9f38ded",
    "order" : 21.0
  }, {
    "name" : "Padri",
    "uuid" : "55d10b93-0d65-4fc9-b127-a82223fb20e1",
    "order" : 22.0
  }, {
    "name" : "Sarai",
    "uuid" : "da30db67-8777-4e8b-9009-190d947db4f0",
    "order" : 23.0
  }, {
    "name" : "Sarfa",
    "uuid" : "fa729199-f789-4939-826d-36c7a5aa7124",
    "order" : 24.0
  }, {
    "name" : "Tarang",
    "uuid" : "86652a24-9064-40ae-9a3b-890ad8af13bd",
    "order" : 25.0
  }, {
    "name" : "Ufrikala",
    "uuid" : "98a3d527-7d39-45a8-b81d-a080f93e23e9",
    "order" : 26.0
  }, {
    "name" : "Gijri",
    "uuid" : "d8cf2f07-65c0-45dc-b0c9-6f8fc90851a2",
    "order" : 27.0
  }, {
    "name" : "Bijapuri 2",
    "uuid" : "a83983d1-3fe0-4d50-98f3-3d5f767ca9f3",
    "order" : 28.0
  }, {
    "name" : "Lamsarai",
    "uuid" : "618212a2-bbc3-484b-8bd9-48f851baa642",
    "order" : 29.0
  }, {
    "name" : "Bijapuri No.2",
    "uuid" : "f1405014-08cf-4a1f-a8e1-e586a213b0b3",
    "order" : 29.0
  }, {
    "name" : "Salar Gondi",
    "uuid" : "5d3f7b1c-c769-4c39-87e9-2cbd645ce3b0",
    "order" : 30.0
  }, {
    "name" : "Karoundapani",
    "uuid" : "079eb40b-8c22-4ee4-99c3-6dcd0336fd25",
    "order" : 31.0
  }, {
    "name" : "Gondi",
    "uuid" : "dbdf5abf-fda2-4d59-9d21-42a2c6efeb9b",
    "order" : 31.0
  }, {
    "name" : "Other",
    "uuid" : "05ea583c-51d2-412d-ad00-06c432ffe538",
    "order" : 32.0
  }, {
    "name" : "Medakhar",
    "uuid" : "842951a2-95df-4edc-a850-ba0480721322",
    "order" : 32.0
  }, {
    "name" : "Ledhra",
    "uuid" : "f6079f20-d647-4e5f-a7bf-829ed80eacd4",
    "order" : 33.0
  }, {
    "name" : "Salargondi",
    "uuid" : "1ce44b9d-bd19-4039-b645-ab24130a7b9e",
    "order" : 35.0
  } ]
}, {
  "name" : "Growth Faltering Status",
  "uuid" : "a5067bcc-d333-4c80-a0f2-d61df9d210d3",
  "dataType" : "Coded",
  "active" : true,
  "answers" : [ {
    "name" : "Yes",
    "uuid" : "04bb1773-c353-44a1-a68c-9b448e07ff70",
    "order" : 1.0
  }, {
    "name" : "No",
    "uuid" : "e7b50c78-3d90-484d-a224-9887887780dc",
    "order" : 2.0
  } ]
}, {
  "name" : "Hands",
  "uuid" : "f54ad2a1-3e1d-452f-8a97-54c9d806ab0c",
  "dataType" : "NA",
  "active" : true
}, {
  "name" : "Harradadar",
  "uuid" : "347ca768-9a87-4481-a19c-164040e74ab8",
  "dataType" : "NA",
  "active" : true,
  "keyValues" : [ {
    "key" : "village",
    "value" : "Harradadar"
  } ]
}, {
  "name" : "Hathbandha",
  "uuid" : "4aec9c83-849c-4b26-97d1-ffed9ac04d9b",
  "dataType" : "NA",
  "active" : true,
  "keyValues" : [ {
    "key" : "village",
    "value" : "Hathbandha"
  } ]
}, {
  "name" : "Hathbandha tola",
  "uuid" : "a55d6134-0271-44cb-bb04-fecd6691621c",
  "dataType" : "NA",
  "active" : true,
  "keyValues" : [ {
    "key" : "village",
    "value" : "Hathbandha"
  } ]
}, {
  "name" : "Height",
  "uuid" : "d883d5fe-e17d-4136-b989-089fa0295e34",
  "dataType" : "Numeric",
  "lowAbsolute" : 20.0,
  "highAbsolute" : 300.0,
  "lowNormal" : 30.0,
  "highNormal" : 200.0,
  "unit" : "cm",
  "active" : true
}, {
  "name" : "Height for age Grade",
  "uuid" : "d3c6de74-dd39-4dd6-a4e0-7cd5b7966de9",
  "dataType" : "Numeric",
  "active" : true
}, {
  "name" : "Height for age Status",
  "uuid" : "b1d2ec00-9ad0-408e-b1f2-e73e7e2e63d1",
  "dataType" : "Coded",
  "active" : true,
  "answers" : [ {
    "name" : "Normal",
    "uuid" : "ba43b326-18a1-4f8d-ad04-29b0371461e0",
    "order" : 1.0
  }, {
    "name" : "Stunted",
    "uuid" : "a479eac6-bb14-47e2-a9a6-76f2839ace32",
    "abnormal" : true,
    "order" : 2.0
  }, {
    "name" : "Severely stunted",
    "uuid" : "b2ecbfc6-6403-4812-8fd0-3376e2dd173f",
    "abnormal" : true,
    "order" : 3.0
  } ]
}, {
  "name" : "Height for age z-score",
  "uuid" : "38b0f43a-bdb0-4538-831f-9fac324ecde9",
  "dataType" : "Numeric",
  "lowNormal" : -2.0,
  "highNormal" : 2.0,
  "active" : true
}, {
  "name" : "Hindu",
  "uuid" : "5f1f8a86-478b-4e7b-ae5e-ac7b207e65b8",
  "dataType" : "NA",
  "active" : true
}, {
  "name" : "Housework",
  "uuid" : "3e7e80cc-1744-4292-a34f-1beff9dd2316",
  "dataType" : "NA",
  "active" : true
}, {
  "name" : "Hydrocele",
  "uuid" : "9e6fb895-6742-4cd8-9f61-522c37360c60",
  "dataType" : "NA",
  "active" : true
}, {
  "name" : "Hypospadias",
  "uuid" : "3c782841-6bad-460d-b765-5e1c5ffd5da7",
  "dataType" : "NA",
  "active" : true
}, {
  "name" : "In migration",
  "uuid" : "e9e0c7f4-9de8-42c8-901b-c228ea18b92c",
  "dataType" : "NA",
  "active" : true
}, {
  "name" : "In village but not coming to phulwari",
  "uuid" : "3a9184e7-bc15-4646-8048-9503b3d5a10d",
  "dataType" : "NA",
  "active" : true
}, {
  "name" : "Inguinal Hernia",
  "uuid" : "24084b76-e772-4360-a60a-426dce8d7ebb",
  "dataType" : "NA",
  "active" : true
}, {
  "name" : "Is attendance register filled",
  "uuid" : "cc94bdb8-262a-4dee-a2be-81d97ea652fc",
  "dataType" : "Coded",
  "active" : true,
  "answers" : [ {
    "name" : "Yes",
    "uuid" : "04bb1773-c353-44a1-a68c-9b448e07ff70",
    "order" : 0.0
  }, {
    "name" : "No",
    "uuid" : "e7b50c78-3d90-484d-a224-9887887780dc",
    "order" : 1.0
  }, {
    "name" : "Other",
    "uuid" : "05ea583c-51d2-412d-ad00-06c432ffe538",
    "order" : 2.0
  } ]
}, {
  "name" : "Is baby exclusively breastfeeding",
  "uuid" : "5a3b65c1-1647-47d0-ad66-d8b22722c472",
  "dataType" : "Coded",
  "active" : true,
  "answers" : [ {
    "name" : "Yes",
    "uuid" : "04bb1773-c353-44a1-a68c-9b448e07ff70",
    "order" : 1.0
  }, {
    "name" : "No",
    "uuid" : "e7b50c78-3d90-484d-a224-9887887780dc",
    "abnormal" : true,
    "order" : 2.0
  } ]
}, {
  "name" : "Is chlorine solution available in sufficient amount",
  "uuid" : "eb382946-2878-41d9-8ddc-52f313809ac1",
  "dataType" : "Coded",
  "active" : true,
  "answers" : [ {
    "name" : "Yes",
    "uuid" : "04bb1773-c353-44a1-a68c-9b448e07ff70",
    "order" : 0.0
  }, {
    "name" : "No",
    "uuid" : "e7b50c78-3d90-484d-a224-9887887780dc",
    "order" : 1.0
  }, {
    "name" : "Other",
    "uuid" : "05ea583c-51d2-412d-ad00-06c432ffe538",
    "order" : 2.0
  } ]
}, {
  "name" : "Is consumption register filled",
  "uuid" : "97613bbe-8a90-4b35-9ac2-d2fc6dad06a2",
  "dataType" : "Coded",
  "active" : true,
  "answers" : [ {
    "name" : "Yes",
    "uuid" : "04bb1773-c353-44a1-a68c-9b448e07ff70",
    "order" : 0.0
  }, {
    "name" : "No",
    "uuid" : "e7b50c78-3d90-484d-a224-9887887780dc",
    "order" : 1.0
  }, {
    "name" : "Other",
    "uuid" : "05ea583c-51d2-412d-ad00-06c432ffe538",
    "order" : 2.0
  } ]
}, {
  "name" : "Is ration available in sufficient amount",
  "uuid" : "741255f7-ccc8-4be6-bc0e-0dda398b8726",
  "dataType" : "Coded",
  "active" : true,
  "answers" : [ {
    "name" : "Yes",
    "uuid" : "04bb1773-c353-44a1-a68c-9b448e07ff70",
    "order" : 0.0
  }, {
    "name" : "No",
    "uuid" : "e7b50c78-3d90-484d-a224-9887887780dc",
    "order" : 1.0
  }, {
    "name" : "Other",
    "uuid" : "05ea583c-51d2-412d-ad00-06c432ffe538",
    "order" : 2.0
  } ]
}, {
  "name" : "Is there any developmental delay or disability seen?",
  "uuid" : "cbcfdd44-dac8-435f-9cd9-35f20db1f367",
  "dataType" : "Coded",
  "active" : true,
  "answers" : [ {
    "name" : "Yes",
    "uuid" : "04bb1773-c353-44a1-a68c-9b448e07ff70",
    "abnormal" : true,
    "order" : 1.0
  }, {
    "name" : "No",
    "uuid" : "e7b50c78-3d90-484d-a224-9887887780dc",
    "order" : 2.0
  } ]
}, {
  "name" : "Is today egg distribution day?",
  "uuid" : "accfb46d-509d-43df-ade8-eb0cccf6391f",
  "dataType" : "Coded",
  "active" : true,
  "answers" : [ {
    "name" : "Yes",
    "uuid" : "04bb1773-c353-44a1-a68c-9b448e07ff70",
    "order" : 0.0
  }, {
    "name" : "No",
    "uuid" : "e7b50c78-3d90-484d-a224-9887887780dc",
    "order" : 1.0
  } ]
}, {
  "name" : "Is worker wearing a Mask",
  "uuid" : "97d8f8d8-ca79-41d0-9332-8c5521dd3ded",
  "dataType" : "Coded",
  "active" : true,
  "answers" : [ {
    "name" : "Yes",
    "uuid" : "04bb1773-c353-44a1-a68c-9b448e07ff70",
    "order" : 0.0
  }, {
    "name" : "No",
    "uuid" : "e7b50c78-3d90-484d-a224-9887887780dc",
    "order" : 1.0
  } ]
}, {
  "name" : "Jain",
  "uuid" : "1819bf5a-775c-4f28-af9e-650dbc5e0570",
  "dataType" : "NA",
  "active" : true
}, {
  "name" : "Jarratola",
  "uuid" : "5af5ed69-44e9-4d65-b73f-7425507b462e",
  "dataType" : "NA",
  "active" : true,
  "keyValues" : [ {
    "key" : "village",
    "value" : "Mithu mahua"
  } ]
}, {
  "name" : "Jarwahi",
  "uuid" : "8dfd8e77-3a0b-4409-aad4-2e12e865f2cd",
  "dataType" : "NA",
  "active" : true,
  "keyValues" : [ {
    "key" : "village",
    "value" : "Jarwahi"
  } ]
}, {
  "name" : "Job",
  "uuid" : "4416a93c-38e8-4bc9-b440-00fa79d04914",
  "dataType" : "NA",
  "active" : true
}, {
  "name" : "Kaccha",
  "uuid" : "a7466416-d7e5-491a-b980-2526e09dac17",
  "dataType" : "NA",
  "active" : true
}, {
  "name" : "Kairhai tola",
  "uuid" : "d7b9b3db-f4d1-42e0-a4d7-2e87b35c3a27",
  "dataType" : "NA",
  "active" : true,
  "keyValues" : [ {
    "key" : "village",
    "value" : "Kharsol"
  } ]
}, {
  "name" : "Karhaitola",
  "uuid" : "94c30041-4cc9-46f8-9997-e71f7e4e0c04",
  "dataType" : "NA",
  "active" : true,
  "keyValues" : [ {
    "key" : "village",
    "value" : "Dona"
  } ]
}, {
  "name" : "Karoundapani",
  "uuid" : "079eb40b-8c22-4ee4-99c3-6dcd0336fd25",
  "dataType" : "NA",
  "active" : true,
  "keyValues" : [ {
    "key" : "village",
    "value" : "Debridadar,Doomartola,Navatola"
  } ]
}, {
  "name" : "Karoundi",
  "uuid" : "e4986ae7-e114-4e74-bd54-095146dc7798",
  "dataType" : "NA",
  "active" : true,
  "keyValues" : [ {
    "key" : "village",
    "value" : "Karoundi"
  } ]
}, {
  "name" : "Karpa",
  "uuid" : "073ff2ed-1474-462d-a9c3-0d2a6581f441",
  "dataType" : "NA",
  "active" : true,
  "keyValues" : [ {
    "key" : "village",
    "value" : "temp8,Konhatola"
  } ]
}, {
  "name" : "Katurdona",
  "uuid" : "5bcb0fd9-4d77-4783-97b3-59809ad52ada",
  "dataType" : "NA",
  "active" : true,
  "keyValues" : [ {
    "key" : "village",
    "value" : "Katurdona"
  } ]
}, {
  "name" : "Khalebhanvar",
  "uuid" : "dfb30c2b-7875-459d-9ebd-6b8eed70e9fc",
  "dataType" : "NA",
  "active" : true,
  "keyValues" : [ {
    "key" : "village",
    "value" : "Khalebhanvar"
  } ]
}, {
  "name" : "Khamroud",
  "uuid" : "593dd7ac-c9ca-493d-a4fe-5fdc84c84dfb",
  "dataType" : "NA",
  "active" : true,
  "keyValues" : [ {
    "key" : "village",
    "value" : "Piparaha (Near Chaura Dadar),Chatua (Anuppur),Tankitola,Katurdona,Khalebhanvar,Khamroud Village"
  } ]
}, {
  "name" : "Kharsol",
  "uuid" : "1d94d868-4093-489f-889b-a9b6c8f51cd4",
  "dataType" : "NA",
  "active" : true,
  "keyValues" : [ {
    "key" : "village",
    "value" : "Kharsol,Majhauli"
  } ]
}, {
  "name" : "Kharsolihantola",
  "uuid" : "f65ff638-9ab6-418b-8615-6b672e64b63c",
  "dataType" : "NA",
  "active" : true,
  "keyValues" : [ {
    "key" : "village",
    "value" : "Badi Tumi"
  } ]
}, {
  "name" : "Khodratola",
  "uuid" : "3f6763eb-0082-44bd-8ceb-2ad991dff4a3",
  "dataType" : "NA",
  "active" : true,
  "keyValues" : [ {
    "key" : "village",
    "value" : "Sital pani"
  } ]
}, {
  "name" : "Khumni",
  "uuid" : "5ab7807d-f295-41e3-8b5a-094006b5b103",
  "dataType" : "NA",
  "active" : true,
  "keyValues" : [ {
    "key" : "village",
    "value" : "Khumni,BulhuPani"
  } ]
}, {
  "name" : "Kodar",
  "uuid" : "eab32ed0-6e08-48fe-b987-106f0d11cdfa",
  "dataType" : "NA",
  "active" : true,
  "keyValues" : [ {
    "key" : "village",
    "value" : "Udal,Kodar Village,Dadra Silvari,Neeche Silvari"
  } ]
}, {
  "name" : "Konhatola",
  "uuid" : "77c0f817-f1d2-4335-a075-abcddbd9208f",
  "dataType" : "NA",
  "active" : true,
  "keyValues" : [ {
    "key" : "village",
    "value" : "Konhatola"
  } ]
}, {
  "name" : "Labour",
  "uuid" : "54eb4ba3-e940-4d36-ba56-d303f066c088",
  "dataType" : "NA",
  "active" : true
}, {
  "name" : "Lamsarai",
  "uuid" : "618212a2-bbc3-484b-8bd9-48f851baa642",
  "dataType" : "NA",
  "active" : true,
  "keyValues" : [ {
    "key" : "village",
    "value" : "Ghurritola,Karoundi,Lamsarai (Near Ahirwar),Lamsarai (Near Keshwani)"
  } ]
}, {
  "name" : "Land Area",
  "uuid" : "6a6b6d30-45f3-4076-a108-0514aabe3886",
  "dataType" : "Numeric",
  "unit" : "Acre(s)",
  "active" : true
}, {
  "name" : "Land possession",
  "uuid" : "6a0d80bf-e271-4012-a8e1-9d9c91b18a14",
  "dataType" : "Coded",
  "active" : true,
  "answers" : [ {
    "name" : "Yes",
    "uuid" : "04bb1773-c353-44a1-a68c-9b448e07ff70",
    "order" : 1.0
  }, {
    "name" : "No",
    "uuid" : "e7b50c78-3d90-484d-a224-9887887780dc",
    "order" : 2.0
  } ]
}, {
  "name" : "Ledhra",
  "uuid" : "f6079f20-d647-4e5f-a7bf-829ed80eacd4",
  "dataType" : "NA",
  "active" : true,
  "keyValues" : [ {
    "key" : "village",
    "value" : "Ledhra"
  } ]
}, {
  "name" : "Ledra",
  "uuid" : "efa85385-38a5-4ee8-8d71-7445513abbe3",
  "dataType" : "NA",
  "active" : true,
  "keyValues" : [ {
    "key" : "village",
    "value" : "temp9"
  } ]
}, {
  "name" : "Literate",
  "uuid" : "13ca5a58-9aa3-4c84-a0f5-1cae268fa4bd",
  "dataType" : "NA",
  "active" : true
}, {
  "name" : "Londa",
  "uuid" : "64d95a39-d030-4151-bbd2-30515e480109",
  "dataType" : "NA",
  "active" : true,
  "keyValues" : [ {
    "key" : "village",
    "value" : "Ramna no 02"
  } ]
}, {
  "name" : "Lukantola",
  "uuid" : "66ba19bf-c2b3-495c-964d-8a0d7cfa686d",
  "dataType" : "NA",
  "active" : true,
  "keyValues" : [ {
    "key" : "village",
    "value" : "Debridadar"
  } ]
}, {
  "name" : "Maharantola",
  "uuid" : "7105f451-f5c5-41fa-9124-cf71a3a1f313",
  "dataType" : "NA",
  "active" : true,
  "keyValues" : [ {
    "key" : "village",
    "value" : "Lamsarai (Near Keshwani),Lamsarai"
  } ]
}, {
  "name" : "Mahuatola",
  "uuid" : "7a6a9650-2291-44be-8326-3449b94349b1",
  "dataType" : "NA",
  "active" : true,
  "keyValues" : [ {
    "key" : "village",
    "value" : "Thunguni"
  } ]
}, {
  "name" : "Majhuatola",
  "uuid" : "26f411f9-5f2c-45d6-9a12-e17855a59270",
  "dataType" : "NA",
  "active" : true,
  "keyValues" : [ {
    "key" : "village",
    "value" : "Majhauli"
  } ]
}, {
  "name" : "Mandir tola",
  "uuid" : "2558d954-56fb-4d35-a7f9-1dc9ad4f9df1",
  "dataType" : "NA",
  "active" : true,
  "keyValues" : [ {
    "key" : "village",
    "value" : "Khamroud Village"
  } ]
}, {
  "name" : "Mandlantola",
  "uuid" : "43b961f0-56f2-452f-a8b1-c87db28f3be8",
  "dataType" : "NA",
  "active" : true,
  "keyValues" : [ {
    "key" : "village",
    "value" : "Ledhra"
  } ]
}, {
  "name" : "Manjhetola",
  "uuid" : "a6df964e-e24f-46f9-b9ca-00a090aa55f4",
  "dataType" : "NA",
  "active" : true,
  "keyValues" : [ {
    "key" : "village",
    "value" : "Lamsarai (Near Keshwani),Lamsarai,Uprikhurd,Manjhetola"
  } ]
}, {
  "name" : "Medakhar",
  "uuid" : "842951a2-95df-4edc-a850-ba0480721322",
  "dataType" : "NA",
  "active" : true,
  "keyValues" : [ {
    "key" : "village",
    "value" : "Uprikhurd"
  } ]
}, {
  "name" : "Mental",
  "uuid" : "121e3bd4-70b4-4c80-b188-3a3018556934",
  "dataType" : "NA",
  "active" : true
}, {
  "name" : "Migration",
  "uuid" : "229fac5f-468e-46f0-b812-bdcc56840b6c",
  "dataType" : "NA",
  "active" : true
}, {
  "name" : "Mithu mahua",
  "uuid" : "dc42945d-90f4-4160-9f28-c99399481c84",
  "dataType" : "NA",
  "active" : true,
  "keyValues" : [ {
    "key" : "village",
    "value" : "Dona,Jaithari,Mithu mahua,Tithi"
  } ]
}, {
  "name" : "Moderately Underweight",
  "uuid" : "e422d466-f7a5-408e-b79a-d9f177ab8c5c",
  "dataType" : "NA",
  "active" : true
}, {
  "name" : "Mohalla",
  "uuid" : "3d95a3b6-b6a2-4335-a680-e14095cd9dfb",
  "dataType" : "Text",
  "active" : true
}, {
  "name" : "Mother's education Level",
  "uuid" : "ffd6b888-b2b5-4fcb-82fc-1f81c4c5e620",
  "dataType" : "Coded",
  "active" : true,
  "answers" : [ {
    "name" : "Literate",
    "uuid" : "13ca5a58-9aa3-4c84-a0f5-1cae268fa4bd",
    "order" : 1.0
  }, {
    "name" : "Secondary",
    "uuid" : "e117bee2-f823-4e46-803f-1667c4c3e7cf",
    "order" : 2.0
  }, {
    "name" : "Graduate",
    "uuid" : "ca03f17e-07bb-440b-a9e3-f8fdfe0b9389",
    "order" : 3.0
  }, {
    "name" : "Post Graduate",
    "uuid" : "b54ddb89-e686-4576-a5e2-5ac2999cd2c7",
    "order" : 4.0
  }, {
    "name" : "Uneducated",
    "uuid" : "516640f1-df7f-4746-b71a-0698e8ac29e3",
    "order" : 5.0
  }, {
    "name" : "Primary",
    "uuid" : "8fd06d73-aba5-40fe-a92d-32b6bba2e1bd",
    "order" : 6.0
  } ]
}, {
  "name" : "Mother's Name",
  "uuid" : "36525e7b-575f-4b34-aae8-9a031adb84eb",
  "dataType" : "Text",
  "active" : true
}, {
  "name" : "Mother's Occupation",
  "uuid" : "dc9882a4-ceff-4dc9-b6fc-3e2ba7e9b197",
  "dataType" : "Coded",
  "active" : true,
  "answers" : [ {
    "name" : "Housework",
    "uuid" : "3e7e80cc-1744-4292-a34f-1beff9dd2316",
    "order" : 1.0
  }, {
    "name" : "Labour",
    "uuid" : "54eb4ba3-e940-4d36-ba56-d303f066c088",
    "order" : 2.0
  }, {
    "name" : "Farming",
    "uuid" : "3767fd62-be7e-4d39-b3ae-05e88d4f5c21",
    "order" : 3.0
  }, {
    "name" : "Business",
    "uuid" : "945dc6ea-f049-484a-b333-14acfe1de7e6",
    "order" : 4.0
  }, {
    "name" : "Job",
    "uuid" : "4416a93c-38e8-4bc9-b440-00fa79d04914",
    "order" : 5.0
  }, {
    "name" : "Other",
    "uuid" : "05ea583c-51d2-412d-ad00-06c432ffe538",
    "order" : 6.0
  }, {
    "name" : "Don't know",
    "uuid" : "a032ffce-c9f5-46f8-b89d-f82d5e91fc45",
    "order" : 7.0
  } ]
}, {
  "name" : "Moto tola",
  "uuid" : "153ed936-dc9d-41c2-b0f0-7980151e42ba",
  "dataType" : "NA",
  "active" : true,
  "keyValues" : [ {
    "key" : "village",
    "value" : "Gijri"
  } ]
}, {
  "name" : "Muslim",
  "uuid" : "2e41ff7c-13ad-4bb3-964a-29f098691a7d",
  "dataType" : "NA",
  "active" : true
}, {
  "name" : "Nagula",
  "uuid" : "63879021-7aad-45b7-83fe-7c4b89acb617",
  "dataType" : "NA",
  "active" : true,
  "keyValues" : [ {
    "key" : "village",
    "value" : "temp10,Bicharpur,Manjhetola"
  } ]
}, {
  "name" : "Name of Disease",
  "uuid" : "ee71d898-53aa-4acb-943e-ecc1b16e6a6c",
  "dataType" : "Text",
  "active" : true
}, {
  "name" : "Name of Phulwari Worker",
  "uuid" : "e6049748-7bef-4e2c-9721-55f8d178be3e",
  "dataType" : "Text",
  "active" : true
}, {
  "name" : "Navatola",
  "uuid" : "d5a2bc00-c31c-431a-8a10-78c07c2ff9f3",
  "dataType" : "NA",
  "active" : true,
  "keyValues" : [ {
    "key" : "village",
    "value" : "Navatola"
  } ]
}, {
  "name" : "Nayak",
  "uuid" : "9dd331a7-568f-43f4-9884-0258ed94c346",
  "dataType" : "NA",
  "active" : true
}, {
  "name" : "neural tube defects",
  "uuid" : "995481b1-e68b-4abb-b774-4fe6c016f5d2",
  "dataType" : "NA",
  "active" : true
}, {
  "name" : "No",
  "uuid" : "e7b50c78-3d90-484d-a224-9887887780dc",
  "dataType" : "NA",
  "active" : true
}, {
  "name" : "No child present",
  "uuid" : "ef5505bb-b339-4b52-83a2-7083b90a04ed",
  "dataType" : "NA",
  "active" : true,
  "keyValues" : [ ]
}, {
  "name" : "Nogawan",
  "uuid" : "47016656-fde5-4910-b9e5-0f51d82d69c3",
  "dataType" : "NA",
  "active" : true,
  "keyValues" : [ {
    "key" : "village",
    "value" : "temp11"
  } ]
}, {
  "name" : "None",
  "uuid" : "ebda5e05-a995-43ca-ad1a-30af3b937539",
  "dataType" : "NA",
  "active" : true
}, {
  "name" : "Normal",
  "uuid" : "ba43b326-18a1-4f8d-ad04-29b0371461e0",
  "dataType" : "NA",
  "active" : true
}, {
  "name" : "OBC",
  "uuid" : "e92925ed-4a15-40c0-a0a7-a21c965dad48",
  "dataType" : "NA",
  "active" : true
}, {
  "name" : "Obese",
  "uuid" : "c7512031-62fb-4bbc-b793-7fde56d45883",
  "dataType" : "NA",
  "active" : true
}, {
  "name" : "Old anganwadi kendra",
  "uuid" : "842c435e-d3e1-4ab2-b7e4-aa286f7ae76c",
  "dataType" : "NA",
  "active" : true,
  "keyValues" : [ {
    "key" : "village",
    "value" : "Sarfa"
  } ]
}, {
  "name" : "Old panchayat bhavan",
  "uuid" : "5ef20a99-7cf2-4ca7-b65c-3d92be1a1a30",
  "dataType" : "NA",
  "active" : true,
  "keyValues" : [ {
    "key" : "village",
    "value" : "Khumni"
  } ]
}, {
  "name" : "Orange Card",
  "uuid" : "0c34051e-0b85-4500-bda9-3a546535a2e3",
  "dataType" : "NA",
  "active" : true
}, {
  "name" : "Other",
  "uuid" : "05ea583c-51d2-412d-ad00-06c432ffe538",
  "dataType" : "NA",
  "active" : true
}, {
  "name" : "Other Chronic Illness",
  "uuid" : "989a09cf-a570-4ea9-ac67-422da92afce1",
  "dataType" : "Text",
  "active" : true
}, {
  "name" : "Other disability",
  "uuid" : "88a6bcbb-90b8-4ecb-8dfa-62ad871e3621",
  "dataType" : "Text",
  "active" : true
}, {
  "name" : "Other Gram panchayat",
  "uuid" : "d7e88b8c-77c0-4643-a852-4398d681d37f",
  "dataType" : "Text",
  "active" : true
}, {
  "name" : "Other property",
  "uuid" : "84d72d0d-20d6-471b-9d76-c139f9eccc55",
  "dataType" : "Text",
  "active" : true
}, {
  "name" : "Other reason for being absent",
  "uuid" : "290f9aeb-ef7d-4748-8ca8-baaf3495e39f",
  "dataType" : "NA",
  "active" : true
}, {
  "name" : "Other reason for cancelling",
  "uuid" : "f23251e2-68c6-447b-84c2-285d61e95f0f",
  "dataType" : "Text",
  "active" : true
}, {
  "name" : "Other reason for cancelling Phulwari Attendance",
  "uuid" : "e8068409-a8cd-4ea5-9a6b-63accfc8a53a",
  "dataType" : "Text",
  "active" : true
}, {
  "name" : "Other reason for Program exit",
  "uuid" : "d91a3041-3c1b-440d-9c54-a3c40b6dbff5",
  "dataType" : "Text",
  "active" : true
}, {
  "name" : "Other reason for remaining absent",
  "uuid" : "1ff8f092-dc61-4c99-8d19-779a47af9429",
  "dataType" : "Text",
  "active" : true
}, {
  "name" : "Other sub caste",
  "uuid" : "1f605949-1359-49aa-8d04-ac5f653864c7",
  "dataType" : "Text",
  "active" : true
}, {
  "name" : "Overweight",
  "uuid" : "74481c32-e400-4103-b656-b4f52e517fdd",
  "dataType" : "NA",
  "active" : true
}, {
  "name" : "Padmania",
  "uuid" : "624666b1-9b1d-4512-9930-e5cbc9f38ded",
  "dataType" : "NA",
  "active" : true,
  "keyValues" : [ {
    "key" : "village",
    "value" : "Kui,Padmania Village"
  } ]
}, {
  "name" : "Padri",
  "uuid" : "55d10b93-0d65-4fc9-b127-a82223fb20e1",
  "dataType" : "NA",
  "active" : true,
  "keyValues" : [ {
    "key" : "village",
    "value" : "temp12,temp13,Padri (near Chaura Dadar),Bakantola"
  } ]
}, {
  "name" : "Pakhatola",
  "uuid" : "c145312b-72c3-418a-8056-db2c530f62c5",
  "dataType" : "NA",
  "active" : true,
  "keyValues" : [ {
    "key" : "village",
    "value" : "Pakhatola"
  } ]
}, {
  "name" : "Pakka",
  "uuid" : "b808c44a-a417-4816-ad0b-cde680f2124a",
  "dataType" : "NA",
  "active" : true
}, {
  "name" : "Pakripani",
  "uuid" : "2f7676f2-eecf-4e2f-9cdd-4bf6a5f52d82",
  "dataType" : "NA",
  "active" : true,
  "keyValues" : [ {
    "key" : "village",
    "value" : "Pakripani"
  } ]
}, {
  "name" : "Panchayat Bhavan",
  "uuid" : "5c63b245-c2e9-4b36-9d7c-04f8843ea75e",
  "dataType" : "NA",
  "active" : true,
  "keyValues" : [ {
    "key" : "village",
    "value" : "Khamroud Village"
  } ]
}, {
  "name" : "Panika",
  "uuid" : "301e4561-261a-4b55-bc2e-3a969bf5d0a5",
  "dataType" : "NA",
  "active" : true,
  "keyValues" : [ {
    "key" : "village",
    "value" : "Ahirgawan"
  } ]
}, {
  "name" : "Panikantola",
  "uuid" : "165169b4-e84a-41da-9590-65069eb21a07",
  "dataType" : "NA",
  "active" : true,
  "keyValues" : [ {
    "key" : "village",
    "value" : "Panikantola"
  } ]
}, {
  "name" : "Pateratola",
  "uuid" : "ff7909f8-733d-4578-acfb-edfa02fb4042",
  "dataType" : "NA",
  "active" : true,
  "keyValues" : [ {
    "key" : "village",
    "value" : "Padmania Village"
  } ]
}, {
  "name" : "Payari",
  "uuid" : "e94e33c6-776a-484c-9a99-78eba5b15b52",
  "dataType" : "NA",
  "active" : true,
  "keyValues" : [ {
    "key" : "village",
    "value" : "Payari"
  } ]
}, {
  "name" : "Peepaltola",
  "uuid" : "e48d6a13-c467-4095-b057-8a14357a6442",
  "dataType" : "NA",
  "active" : true,
  "keyValues" : [ {
    "key" : "village",
    "value" : "Tarang,BulhuPani"
  } ]
}, {
  "name" : "Phulwari",
  "uuid" : "6129d59e-17ee-4e0d-a48d-df00b0df326b",
  "dataType" : "Coded",
  "active" : true,
  "answers" : [ {
    "name" : "Hathbandha tola",
    "uuid" : "a55d6134-0271-44cb-bb04-fecd6691621c",
    "order" : 0.0
  }, {
    "name" : "Beechtola",
    "uuid" : "25675274-ac62-4d99-b7c3-b88bc45c9bc8",
    "order" : 1.0
  }, {
    "name" : "Dongritola",
    "uuid" : "3bb72aab-eca5-494a-b5da-bf04f784adf1",
    "order" : 2.0
  }, {
    "name" : "Talvatola",
    "uuid" : "4e0055f8-f4c9-44b2-95c3-6d0293db52c2",
    "order" : 3.0
  }, {
    "name" : "Chhatenitola",
    "uuid" : "1f51ed3b-cd8c-4054-aa0d-7a12499707ed",
    "order" : 4.0
  }, {
    "name" : "Khodratola",
    "uuid" : "3f6763eb-0082-44bd-8ceb-2ad991dff4a3",
    "order" : 5.0
  }, {
    "name" : "Old anganwadi kendra",
    "uuid" : "842c435e-d3e1-4ab2-b7e4-aa286f7ae76c",
    "order" : 6.0
  }, {
    "name" : "Dadra Silvari",
    "uuid" : "e1947382-e6a2-4e30-8eee-a1f176cb49ef",
    "order" : 7.0
  }, {
    "name" : "Tikratola",
    "uuid" : "92dde0ce-5c31-4812-9bc3-477361001359",
    "order" : 8.0
  }, {
    "name" : "Piparhatola",
    "uuid" : "cb7fe53c-1ef9-419b-ac29-e1a06f3020ad",
    "order" : 9.0
  }, {
    "name" : "Karhaitola",
    "uuid" : "94c30041-4cc9-46f8-9997-e71f7e4e0c04",
    "order" : 10.0
  }, {
    "name" : "Jarratola",
    "uuid" : "5af5ed69-44e9-4d65-b73f-7425507b462e",
    "order" : 11.0
  }, {
    "name" : "Old panchayat bhavan",
    "uuid" : "5ef20a99-7cf2-4ca7-b65c-3d92be1a1a30",
    "order" : 12.0
  }, {
    "name" : "Tagritola",
    "uuid" : "f2f3c0e6-2f71-46c9-bd4d-3364d66d34e4",
    "order" : 13.0
  }, {
    "name" : "Panika",
    "uuid" : "301e4561-261a-4b55-bc2e-3a969bf5d0a5",
    "order" : 14.0
  }, {
    "name" : "Schooltola",
    "uuid" : "6088b28d-1218-4e52-8243-e9e28b1be59c",
    "order" : 15.0
  }, {
    "name" : "Upartola",
    "uuid" : "7a72371a-7a29-4c2e-a909-53abc8552ba7",
    "order" : 16.0
  }, {
    "name" : "Payari",
    "uuid" : "e94e33c6-776a-484c-9a99-78eba5b15b52",
    "order" : 17.0
  }, {
    "name" : "Katurdona",
    "uuid" : "5bcb0fd9-4d77-4783-97b3-59809ad52ada",
    "order" : 18.0
  }, {
    "name" : "Khalebhanvar",
    "uuid" : "dfb30c2b-7875-459d-9ebd-6b8eed70e9fc",
    "order" : 19.0
  }, {
    "name" : "Samudayik Bhavan",
    "uuid" : "d0da4dc0-b5fc-4c09-bcf0-ea9619af51a1",
    "order" : 20.0
  }, {
    "name" : "Chatua",
    "uuid" : "ab88a8fa-8e83-463e-ac58-602cf9775341",
    "order" : 21.0
  }, {
    "name" : "Chatua 2",
    "uuid" : "1eb48800-2315-45df-97fd-5eb5d44746f7",
    "order" : 22.0
  }, {
    "name" : "Ramtola",
    "uuid" : "4a31cd46-3374-433a-97c4-e4ab3f1110cf",
    "order" : 23.0
  }, {
    "name" : "Goratola",
    "uuid" : "3d46d442-4568-4127-8c64-59dd2c4bfe99",
    "order" : 24.0
  }, {
    "name" : "Peepaltola",
    "uuid" : "e48d6a13-c467-4095-b057-8a14357a6442",
    "order" : 25.0
  }, {
    "name" : "Baigantola",
    "uuid" : "3c37178b-bfe5-426d-9a90-9ced65946fec",
    "order" : 26.0
  }, {
    "name" : "Panchayat Bhavan",
    "uuid" : "5c63b245-c2e9-4b36-9d7c-04f8843ea75e",
    "order" : 27.0
  }, {
    "name" : "Mahuatola",
    "uuid" : "7a6a9650-2291-44be-8326-3449b94349b1",
    "order" : 28.0
  }, {
    "name" : "Bhumiyatola",
    "uuid" : "3fa4c8e5-72ab-4395-a564-46bfe0ff134e",
    "order" : 29.0
  }, {
    "name" : "Kharsolihantola",
    "uuid" : "f65ff638-9ab6-418b-8615-6b672e64b63c",
    "order" : 30.0
  }, {
    "name" : "Majhuatola",
    "uuid" : "26f411f9-5f2c-45d6-9a12-e17855a59270",
    "order" : 31.0
  }, {
    "name" : "Pateratola",
    "uuid" : "ff7909f8-733d-4578-acfb-edfa02fb4042",
    "order" : 32.0
  }, {
    "name" : "Saraihatola",
    "uuid" : "8ccf6514-6e9f-4ca8-a01b-d3f0fad445da",
    "order" : 33.0
  }, {
    "name" : "Batiya",
    "uuid" : "d9cd5cb5-5d14-4d00-90aa-17f31d91c98e",
    "order" : 34.0
  }, {
    "name" : "Aamatola",
    "uuid" : "d67d31a8-d76b-4d28-a623-9c23a0052e66",
    "order" : 35.0
  }, {
    "name" : "Manjhetola",
    "uuid" : "a6df964e-e24f-46f9-b9ca-00a090aa55f4",
    "order" : 36.0
  }, {
    "name" : "Talwa tola",
    "uuid" : "2c6b97b9-d1a5-4a8d-a9aa-52f199b8a445",
    "order" : 37.0
  }, {
    "name" : "Hathbandha",
    "uuid" : "4aec9c83-849c-4b26-97d1-ffed9ac04d9b",
    "order" : 38.0
  }, {
    "name" : "Karoundi",
    "uuid" : "e4986ae7-e114-4e74-bd54-095146dc7798",
    "order" : 39.0
  }, {
    "name" : "Bhadratola",
    "uuid" : "cc596d52-e0af-4475-a8a2-bf278891615b",
    "order" : 40.0
  }, {
    "name" : "Rajhantola",
    "uuid" : "dbdc65c6-b954-461a-a5e8-27aa0ecc8753",
    "order" : 41.0
  }, {
    "name" : "Prem Nagar",
    "uuid" : "27c4b773-a0eb-4bfe-a5c9-bcfaca5a09cd",
    "order" : 42.0
  }, {
    "name" : "Upar tola",
    "uuid" : "b4058ed8-cecd-4b1b-8310-1cdd85b4c70e",
    "order" : 43.0
  }, {
    "name" : "Belhaitola",
    "uuid" : "e7d09f77-b2b4-4c3e-950c-940844de3bb7",
    "order" : 44.0
  }, {
    "name" : "Kairhai tola",
    "uuid" : "d7b9b3db-f4d1-42e0-a4d7-2e87b35c3a27",
    "order" : 45.0
  }, {
    "name" : "Moto tola",
    "uuid" : "153ed936-dc9d-41c2-b0f0-7980151e42ba",
    "order" : 46.0
  }, {
    "name" : "Lukantola",
    "uuid" : "66ba19bf-c2b3-495c-964d-8a0d7cfa686d",
    "order" : 47.0
  }, {
    "name" : "Maharantola",
    "uuid" : "7105f451-f5c5-41fa-9124-cf71a3a1f313",
    "order" : 48.0
  }, {
    "name" : "Harradadar",
    "uuid" : "347ca768-9a87-4481-a19c-164040e74ab8",
    "order" : 49.0
  }, {
    "name" : "Bhuratola",
    "uuid" : "1f525932-240a-468b-a21b-74056e86570a",
    "order" : 50.0
  }, {
    "name" : "Konhatola",
    "uuid" : "77c0f817-f1d2-4335-a075-abcddbd9208f",
    "order" : 51.0
  }, {
    "name" : "School tola",
    "uuid" : "9a9506bc-5650-49dd-bb59-ef8f92c4651c",
    "order" : 52.0
  }, {
    "name" : "Doomartola",
    "uuid" : "de208ce6-9e7f-464f-b79f-5e896e935976",
    "order" : 53.0
  }, {
    "name" : "Bharratola",
    "uuid" : "31cdf3f0-7bf3-48a2-aa33-b313b5f5e4bf",
    "order" : 54.0
  }, {
    "name" : "Mandlantola",
    "uuid" : "43b961f0-56f2-452f-a8b1-c87db28f3be8",
    "order" : 55.0
  }, {
    "name" : "Navatola",
    "uuid" : "d5a2bc00-c31c-431a-8a10-78c07c2ff9f3",
    "order" : 56.0
  }, {
    "name" : "Pakripani",
    "uuid" : "2f7676f2-eecf-4e2f-9cdd-4bf6a5f52d82",
    "order" : 57.0
  }, {
    "name" : "Jarwahi",
    "uuid" : "8dfd8e77-3a0b-4409-aad4-2e12e865f2cd",
    "order" : 58.0
  }, {
    "name" : "Semartola",
    "uuid" : "396299ba-bdee-4b76-8801-3cf8f8e23675",
    "order" : 59.0
  }, {
    "name" : "Pakhatola",
    "uuid" : "c145312b-72c3-418a-8056-db2c530f62c5",
    "order" : 60.0
  }, {
    "name" : "Diwantola",
    "uuid" : "c8949750-744a-49d9-8d43-aab3e1fcad72",
    "order" : 61.0
  }, {
    "name" : "Belapani",
    "uuid" : "8da98038-89f9-40e9-a2a4-8b7bdc47bddf",
    "order" : 62.0
  }, {
    "name" : "Ghurritola",
    "uuid" : "e711b578-1868-4044-8919-7be99b33dcc9",
    "order" : 63.0
  }, {
    "name" : "Bhayantola",
    "uuid" : "19b78ed5-384a-4c83-b840-4f6f43e25057",
    "order" : 64.0
  }, {
    "name" : "Mandir tola",
    "uuid" : "2558d954-56fb-4d35-a7f9-1dc9ad4f9df1",
    "order" : 65.0
  }, {
    "name" : "Nagula",
    "uuid" : "63879021-7aad-45b7-83fe-7c4b89acb617",
    "order" : 66.0
  }, {
    "name" : "Panikantola",
    "uuid" : "165169b4-e84a-41da-9590-65069eb21a07",
    "order" : 67.0
  }, {
    "name" : "Washing dongari",
    "uuid" : "fd46d7a5-deda-4cd8-b5b0-8b72944a4fe3",
    "order" : 68.0
  }, {
    "name" : "Amadhar tola",
    "uuid" : "e989447a-7d98-49bb-a063-62a73ff16d48",
    "order" : 69.0
  }, {
    "name" : "Londa",
    "uuid" : "64d95a39-d030-4151-bbd2-30515e480109",
    "order" : 70.0
  }, {
    "name" : "Barbaspur",
    "uuid" : "e9aabe6c-855f-47be-9f25-d61d5b1c13bf",
    "order" : 71.0
  }, {
    "name" : "Rakhital",
    "uuid" : "68bd6982-7a68-4019-a1cf-a66b6dc53537",
    "order" : 72.0
  }, {
    "name" : "Bhaisan",
    "uuid" : "4b086321-f60c-4493-8166-6b7414263823",
    "order" : 73.0
  }, {
    "name" : "Gondi phulwari",
    "uuid" : "e40b4df1-803a-4543-ab8d-7d623acce432",
    "order" : 74.0
  }, {
    "name" : "Bairagi",
    "uuid" : "4564c552-f3c7-4807-ae5a-09f9b48970b2",
    "order" : 75.0
  }, {
    "name" : "Baghad",
    "uuid" : "a144578b-fd97-472e-8243-14e4bab01499",
    "order" : 76.0
  } ]
}, {
  "name" : "Phulwari Group",
  "uuid" : "3fd6a9b4-6698-4206-86e6-1c74d190dda5",
  "dataType" : "GroupAffiliation",
  "active" : true,
  "keyValues" : [ ]
}, {
  "name" : "Phulwari group",
  "uuid" : "c8a8cee2-c22d-47ec-af22-299d9a360190",
  "dataType" : "GroupAffiliation",
  "active" : true
}, {
  "name" : "Phulwari is closed",
  "uuid" : "44ad0c12-3fd4-4cb3-aa73-a382b3263442",
  "dataType" : "NA",
  "active" : true
}, {
  "name" : "Phulwari registration name should be one of the Phulwari name!",
  "uuid" : "39c9f0df-1b56-46f1-b3a1-f057ee65b956",
  "dataType" : "NA",
  "active" : true,
  "keyValues" : [ ]
}, {
  "name" : "Piparhatola",
  "uuid" : "cb7fe53c-1ef9-419b-ac29-e1a06f3020ad",
  "dataType" : "NA",
  "active" : true,
  "keyValues" : [ {
    "key" : "village",
    "value" : "Piparaha (Near Chaura Dadar)"
  } ]
}, {
  "name" : "Place of child's death",
  "uuid" : "0ae4649b-c1ba-41ee-86e3-3911ae6c87db",
  "dataType" : "Text",
  "active" : true
}, {
  "name" : "Placeholder for counselling form element",
  "uuid" : "b4e5a662-97bf-4846-b9b7-9baeab4d89c4",
  "dataType" : "Coded",
  "active" : true
}, {
  "name" : "Please provide any other comment or observation",
  "uuid" : "ba45e400-ac7d-475b-93ba-e70dc8295c6e",
  "dataType" : "Text",
  "active" : true
}, {
  "name" : "Please provide name of child and information about suffering.",
  "uuid" : "fcd955af-6488-4f62-bfe3-4fc0e2975eb0",
  "dataType" : "Text",
  "active" : true
}, {
  "name" : "Possible risk of overweight",
  "uuid" : "f9525016-c15c-41ef-8438-43dc18ae7fa7",
  "dataType" : "NA",
  "active" : true
}, {
  "name" : "Post Graduate",
  "uuid" : "b54ddb89-e686-4576-a5e2-5ac2999cd2c7",
  "dataType" : "NA",
  "active" : true
}, {
  "name" : "Prem Nagar",
  "uuid" : "27c4b773-a0eb-4bfe-a5c9-bcfaca5a09cd",
  "dataType" : "NA",
  "active" : true,
  "keyValues" : [ {
    "key" : "village",
    "value" : "Salar Gondi"
  } ]
}, {
  "name" : "Primary",
  "uuid" : "8fd06d73-aba5-40fe-a92d-32b6bba2e1bd",
  "dataType" : "NA",
  "active" : true
}, {
  "name" : "Program exit",
  "uuid" : "51dfd71b-1b06-4477-9ca3-f88acbafc0db",
  "dataType" : "NA",
  "active" : true
}, {
  "name" : "Property",
  "uuid" : "beef9533-cfa1-4efa-bed3-d14169468c1c",
  "dataType" : "Coded",
  "active" : true,
  "answers" : [ {
    "name" : "Tractor",
    "uuid" : "f9648a00-6ba1-4b87-b08f-f527ddd8d1cb",
    "order" : 1.0
  }, {
    "name" : "4 Wheeler",
    "uuid" : "58cc3e54-5a82-48e1-91bf-c1c0dd26a2e0",
    "order" : 2.0
  }, {
    "name" : "2 Wheeler",
    "uuid" : "3769e0c6-ea4f-4836-b6c4-6603b27b5f91",
    "order" : 3.0
  }, {
    "name" : "Fridge",
    "uuid" : "705f8530-6d93-4460-ac6b-36e5647efc31",
    "order" : 4.0
  }, {
    "name" : "Cycle",
    "uuid" : "2ecc9fee-493c-4ce5-bd5d-c3139a2fa48f",
    "order" : 5.0
  }, {
    "name" : "Generator",
    "uuid" : "c89c34a0-41f4-4dfc-9d5f-872a1812aa31",
    "order" : 6.0
  }, {
    "name" : "Other",
    "uuid" : "05ea583c-51d2-412d-ad00-06c432ffe538",
    "order" : 7.0
  }, {
    "name" : "None",
    "uuid" : "ebda5e05-a995-43ca-ad1a-30af3b937539",
    "unique" : true,
    "order" : 8.0
  } ]
}, {
  "name" : "Quality of Khichdi and other food",
  "uuid" : "763c03ed-0642-4e38-a17d-4558460eab79",
  "dataType" : "Coded",
  "active" : true,
  "answers" : [ {
    "name" : "1",
    "uuid" : "9139d435-2178-46d9-aea9-429597e533b2",
    "order" : 0.0
  }, {
    "name" : "2",
    "uuid" : "0dc335ea-663d-4b81-b0b4-153d098a5839",
    "order" : 1.0
  }, {
    "name" : "3",
    "uuid" : "9f2ddb48-9c8c-435b-b986-6fff8ab6a6e6",
    "order" : 2.0
  }, {
    "name" : "4",
    "uuid" : "3721e294-6f2a-410f-9741-c33079f80d0b",
    "order" : 3.0
  }, {
    "name" : "5",
    "uuid" : "98408506-1159-4245-ba94-5834be1ccd2e",
    "order" : 4.0
  }, {
    "name" : "6",
    "uuid" : "e9ce8718-ef32-4870-b3cb-b5e733fc115a",
    "order" : 5.0
  }, {
    "name" : "7",
    "uuid" : "aafae271-765c-4347-be3b-3fc1e00e63a1",
    "order" : 6.0
  }, {
    "name" : "8",
    "uuid" : "d7443a73-80b7-4320-9c45-6558595be70a",
    "order" : 7.0
  }, {
    "name" : "9",
    "uuid" : "29d29318-6b0c-4a2b-85e3-5392bd5a668f",
    "order" : 8.0
  }, {
    "name" : "10",
    "uuid" : "7f0e1fbd-a1b9-4121-b630-dfec36a2dfd0",
    "order" : 9.0
  } ]
}, {
  "name" : "Rajhantola",
  "uuid" : "dbdc65c6-b954-461a-a5e8-27aa0ecc8753",
  "dataType" : "NA",
  "active" : true,
  "keyValues" : [ {
    "key" : "village",
    "value" : "Alwar Village"
  } ]
}, {
  "name" : "Rakhital",
  "uuid" : "68bd6982-7a68-4019-a1cf-a66b6dc53537",
  "dataType" : "NA",
  "active" : true,
  "keyValues" : [ {
    "key" : "village",
    "value" : "Rakhital"
  } ]
}, {
  "name" : "Ramtola",
  "uuid" : "4a31cd46-3374-433a-97c4-e4ab3f1110cf",
  "dataType" : "NA",
  "active" : true,
  "keyValues" : [ {
    "key" : "village",
    "value" : "Sarai (Near Tarang)"
  } ]
}, {
  "name" : "Ration Card",
  "uuid" : "476a0b71-485b-4a0a-ba6f-4f3cf13568ca",
  "dataType" : "Coded",
  "active" : true,
  "answers" : [ {
    "name" : "APL",
    "uuid" : "36008c2c-7748-426d-9784-ffc5a267db07",
    "order" : 1.0
  }, {
    "name" : "BPL",
    "uuid" : "5c9f10e3-3e20-4a3b-a971-f43b40dd017c",
    "order" : 2.0
  }, {
    "name" : "Antyodaya",
    "uuid" : "eace7aa2-8444-4c43-b5aa-8b5ec0b19a20",
    "order" : 3.0
  }, {
    "name" : "No",
    "uuid" : "e7b50c78-3d90-484d-a224-9887887780dc",
    "order" : 4.0
  } ]
}, {
  "name" : "Reason for being absent",
  "uuid" : "54f745f1-8d3b-4081-b8eb-196a4969db32",
  "dataType" : "Coded",
  "active" : true,
  "answers" : [ {
    "name" : "Migration",
    "uuid" : "229fac5f-468e-46f0-b812-bdcc56840b6c",
    "order" : 0.0
  }, {
    "name" : "Sick",
    "uuid" : "64f8a277-cd87-4e98-8667-c40f54c76cf6",
    "order" : 1.0
  }, {
    "name" : "Away from village",
    "uuid" : "72fd70f8-65ae-4ac4-8339-6faf455e04f5",
    "order" : 2.0
  }, {
    "name" : "Other reason for being absent",
    "uuid" : "290f9aeb-ef7d-4748-8ca8-baaf3495e39f",
    "order" : 3.0,
    "voided" : true
  }, {
    "name" : "Death",
    "uuid" : "afff87d7-4c40-4dd4-9bf7-8e5d9adb3b83",
    "order" : 4.0
  }, {
    "name" : "Exit",
    "uuid" : "9913a5eb-b571-4a61-b6b8-d9b644422fff",
    "order" : 5.0
  }, {
    "name" : "Other reason for remaining absent",
    "uuid" : "1ff8f092-dc61-4c99-8d19-779a47af9429",
    "order" : 6.0
  } ]
}, {
  "name" : "Reason for cancelling Phulwari Attendance",
  "uuid" : "b1abaaa9-3808-464f-8cec-2c5e17493419",
  "dataType" : "Coded",
  "active" : true,
  "answers" : [ {
    "name" : "Phulwari is closed",
    "uuid" : "44ad0c12-3fd4-4cb3-aa73-a382b3263442",
    "order" : 0.0
  }, {
    "name" : "Other",
    "uuid" : "05ea583c-51d2-412d-ad00-06c432ffe538",
    "order" : 1.0
  } ]
}, {
  "name" : "Reason for child exit",
  "uuid" : "be1239e9-bab3-4fa8-aa8e-1af7e10e18c7",
  "dataType" : "Coded",
  "active" : true,
  "answers" : [ {
    "name" : "Shifted to other geographical area",
    "uuid" : "ca01f2cf-6479-44cf-9d43-ad428c82f9a6",
    "abnormal" : true,
    "order" : 1.0
  }, {
    "name" : "Death",
    "uuid" : "afff87d7-4c40-4dd4-9bf7-8e5d9adb3b83",
    "abnormal" : true,
    "order" : 2.0
  }, {
    "name" : "Completion",
    "uuid" : "f63a0122-8156-4956-a29c-c0722ff22a89",
    "order" : 3.0
  }, {
    "name" : "Other",
    "uuid" : "05ea583c-51d2-412d-ad00-06c432ffe538",
    "order" : 4.0
  } ]
}, {
  "name" : "Reason for skipping height capture.",
  "uuid" : "8d378a39-2030-4cfe-ac4d-c8e97f718b23",
  "dataType" : "Text",
  "active" : true
}, {
  "name" : "Registration at",
  "uuid" : "7a67c0ed-0cfc-4025-b479-5c14330c9f87",
  "dataType" : "Coded",
  "active" : true,
  "answers" : [ {
    "name" : "Birth",
    "uuid" : "46bc3a4b-bc43-42b5-a990-18fdaefa9a8b",
    "order" : 1.0
  }, {
    "name" : "In migration",
    "uuid" : "e9e0c7f4-9de8-42c8-901b-c228ea18b92c",
    "order" : 2.0
  }, {
    "name" : "Retrospective registration",
    "uuid" : "2c566f57-61c8-41eb-91db-9c8adf011819",
    "order" : 3.0
  } ]
}, {
  "name" : "Registration at child birth",
  "uuid" : "1ae1338b-fa7f-40c0-b11a-232531eb5919",
  "dataType" : "Coded",
  "active" : true,
  "answers" : [ {
    "name" : "No",
    "uuid" : "e7b50c78-3d90-484d-a224-9887887780dc",
    "order" : 1.0
  }, {
    "name" : "Yes",
    "uuid" : "04bb1773-c353-44a1-a68c-9b448e07ff70",
    "order" : 2.0
  } ]
}, {
  "name" : "Religion",
  "uuid" : "c922c13c-1fa2-42dd-a7e8-d234b0324870",
  "dataType" : "Coded",
  "active" : true,
  "answers" : [ {
    "name" : "Hindu",
    "uuid" : "5f1f8a86-478b-4e7b-ae5e-ac7b207e65b8",
    "order" : 1.0
  }, {
    "name" : "Muslim",
    "uuid" : "2e41ff7c-13ad-4bb3-964a-29f098691a7d",
    "order" : 2.0
  }, {
    "name" : "Christian",
    "uuid" : "48daa405-dcdb-4706-9dbd-a54562012331",
    "order" : 3.0
  }, {
    "name" : "Sikh",
    "uuid" : "9e791139-2d68-45b3-81b6-78e8c3ba9662",
    "order" : 4.0
  }, {
    "name" : "Jain",
    "uuid" : "1819bf5a-775c-4f28-af9e-650dbc5e0570",
    "order" : 5.0
  }, {
    "name" : "Other",
    "uuid" : "05ea583c-51d2-412d-ad00-06c432ffe538",
    "order" : 6.0
  } ]
}, {
  "name" : "Retrospective registration",
  "uuid" : "2c566f57-61c8-41eb-91db-9c8adf011819",
  "dataType" : "NA",
  "active" : true
}, {
  "name" : "Salar Gondi",
  "uuid" : "5d3f7b1c-c769-4c39-87e9-2cbd645ce3b0",
  "dataType" : "NA",
  "active" : true,
  "keyValues" : [ {
    "key" : "village",
    "value" : "Salar Gondi,Sarai Paterra"
  } ]
}, {
  "name" : "Salargondi",
  "uuid" : "1ce44b9d-bd19-4039-b645-ab24130a7b9e",
  "dataType" : "NA",
  "active" : true,
  "keyValues" : [ {
    "key" : "village",
    "value" : "Salargondi,Harradadar"
  } ]
}, {
  "name" : "Samudayik Bhavan",
  "uuid" : "d0da4dc0-b5fc-4c09-bcf0-ea9619af51a1",
  "dataType" : "NA",
  "active" : true,
  "keyValues" : [ {
    "key" : "village",
    "value" : "Tankitola"
  } ]
}, {
  "name" : "Sarai",
  "uuid" : "da30db67-8777-4e8b-9009-190d947db4f0",
  "dataType" : "NA",
  "active" : true,
  "keyValues" : [ {
    "key" : "village",
    "value" : "Sarai (Near Tarang),Khosurgod"
  } ]
}, {
  "name" : "Saraihatola",
  "uuid" : "8ccf6514-6e9f-4ca8-a01b-d3f0fad445da",
  "dataType" : "NA",
  "active" : true,
  "keyValues" : [ {
    "key" : "village",
    "value" : "Gijri"
  } ]
}, {
  "name" : "Sarfa",
  "uuid" : "fa729199-f789-4939-826d-36c7a5aa7124",
  "dataType" : "NA",
  "active" : true,
  "keyValues" : [ {
    "key" : "village",
    "value" : "Sarfa,Khirni"
  } ]
}, {
  "name" : "SC",
  "uuid" : "a3519a96-350e-4da4-90d9-827c0ff15538",
  "dataType" : "NA",
  "active" : true
}, {
  "name" : "School tola",
  "uuid" : "9a9506bc-5650-49dd-bb59-ef8f92c4651c",
  "dataType" : "NA",
  "active" : true,
  "keyValues" : [ {
    "key" : "village",
    "value" : "Bartola"
  } ]
}, {
  "name" : "Schooltola",
  "uuid" : "6088b28d-1218-4e52-8243-e9e28b1be59c",
  "dataType" : "NA",
  "active" : true,
  "keyValues" : [ {
    "key" : "village",
    "value" : "Bijora,Jairhi,Padri (near Chaura Dadar),Bijapuri No.2,Karaunda Pani,Daldali,Kodar Village,Chirpani,Dabhaniya,Amoda"
  } ]
}, {
  "name" : "Secondary",
  "uuid" : "e117bee2-f823-4e46-803f-1667c4c3e7cf",
  "dataType" : "NA",
  "active" : true
}, {
  "name" : "select children present in Phulwari",
  "uuid" : "678b02b9-b9d0-4e5c-abd3-92968b7e2d6a",
  "dataType" : "Subject",
  "active" : true,
  "keyValues" : [ {
    "key" : "subjectTypeUUID",
    "value" : "9f2af1f9-e150-4f8e-aad3-40bb7eb05aa3"
  } ]
}, {
  "name" : "Semartola",
  "uuid" : "396299ba-bdee-4b76-8801-3cf8f8e23675",
  "dataType" : "NA",
  "active" : true,
  "keyValues" : [ {
    "key" : "village",
    "value" : "Bijapuri No.2,Dudhmania"
  } ]
}, {
  "name" : "Severely stunted",
  "uuid" : "b2ecbfc6-6403-4812-8fd0-3376e2dd173f",
  "dataType" : "NA",
  "active" : true
}, {
  "name" : "Severely Underweight",
  "uuid" : "29295fb9-9ed3-44b0-8e94-f1822b46a851",
  "dataType" : "NA",
  "active" : true
}, {
  "name" : "Severely wasted",
  "uuid" : "03629146-7282-4ee6-85c5-fc04b8a6406f",
  "dataType" : "NA",
  "active" : true
}, {
  "name" : "Shifted to other geographical area",
  "uuid" : "ca01f2cf-6479-44cf-9d43-ad428c82f9a6",
  "dataType" : "NA",
  "active" : true
}, {
  "name" : "Sick",
  "uuid" : "64f8a277-cd87-4e98-8667-c40f54c76cf6",
  "dataType" : "NA",
  "active" : true
}, {
  "name" : "Sikh",
  "uuid" : "9e791139-2d68-45b3-81b6-78e8c3ba9662",
  "dataType" : "NA",
  "active" : true
}, {
  "name" : "Skip capturing height",
  "uuid" : "b26ab849-6550-4245-8637-a9fc7fb4eb60",
  "dataType" : "Coded",
  "active" : true,
  "answers" : [ {
    "name" : "Yes",
    "uuid" : "04bb1773-c353-44a1-a68c-9b448e07ff70",
    "order" : 1.0
  } ]
}, {
  "name" : "Specify Other (attendance not filled)",
  "uuid" : "efac8ff2-f0a8-4e1f-96f7-c21612b718f9",
  "dataType" : "Text",
  "active" : true
}, {
  "name" : "Specify Other (availability of chlorine solution)",
  "uuid" : "c796c798-d4ec-48b0-ba40-bb29112d9944",
  "dataType" : "Text",
  "active" : true
}, {
  "name" : "Specify Other (consumption not filled)",
  "uuid" : "433345f2-16b9-4bd5-bc4c-707d9d894c58",
  "dataType" : "Text",
  "active" : true
}, {
  "name" : "Specify Other (ration availability)",
  "uuid" : "8b56bc22-9004-4d05-9b32-62be23d1c75c",
  "dataType" : "Text",
  "active" : true
}, {
  "name" : "ST",
  "uuid" : "dd076e03-68ae-4b53-adf6-641c69b9a518",
  "dataType" : "NA",
  "active" : true
}, {
  "name" : "Stunted",
  "uuid" : "a479eac6-bb14-47e2-a9a6-76f2839ace32",
  "dataType" : "NA",
  "active" : true
}, {
  "name" : "Sub Caste",
  "uuid" : "00c7aa50-aabb-465f-be09-408c94734004",
  "dataType" : "Coded",
  "active" : true,
  "answers" : [ {
    "name" : "Gond",
    "uuid" : "9fad61f4-56b4-4ae8-8500-1012fe26eefd",
    "order" : 1.0
  }, {
    "name" : "Baiga",
    "uuid" : "2265b559-682f-427b-9b32-7039995f3b4e",
    "order" : 2.0
  }, {
    "name" : "Panika",
    "uuid" : "301e4561-261a-4b55-bc2e-3a969bf5d0a5",
    "order" : 3.0
  }, {
    "name" : "Yadav",
    "uuid" : "7d571208-03b8-4eac-9ff8-cd9b3db2070a",
    "order" : 4.0
  }, {
    "name" : "Nayak",
    "uuid" : "9dd331a7-568f-43f4-9884-0258ed94c346",
    "order" : 5.0
  }, {
    "name" : "Vishwakarma",
    "uuid" : "5d3c258a-05a5-4fff-b87a-081591012375",
    "order" : 6.0
  }, {
    "name" : "Ahirwar",
    "uuid" : "2e889b9c-c0ff-4076-a74a-4d84fa20fbdb",
    "order" : 7.0
  }, {
    "name" : "Other",
    "uuid" : "05ea583c-51d2-412d-ad00-06c432ffe538",
    "order" : 8.0
  } ]
}, {
  "name" : "Tagritola",
  "uuid" : "f2f3c0e6-2f71-46c9-bd4d-3364d66d34e4",
  "dataType" : "NA",
  "active" : true,
  "keyValues" : [ {
    "key" : "village",
    "value" : "BulhuPani"
  } ]
}, {
  "name" : "Talvatola",
  "uuid" : "4e0055f8-f4c9-44b2-95c3-6d0293db52c2",
  "dataType" : "NA",
  "active" : true,
  "keyValues" : [ {
    "key" : "village",
    "value" : "Tithi"
  } ]
}, {
  "name" : "Talwa tola",
  "uuid" : "2c6b97b9-d1a5-4a8d-a9aa-52f199b8a445",
  "dataType" : "NA",
  "active" : true,
  "keyValues" : [ {
    "key" : "village",
    "value" : "Kui,Ghata"
  } ]
}, {
  "name" : "Tarang",
  "uuid" : "86652a24-9064-40ae-9a3b-890ad8af13bd",
  "dataType" : "NA",
  "active" : true,
  "keyValues" : [ {
    "key" : "village",
    "value" : "Payari,Tarang"
  } ]
}, {
  "name" : "Tikratola",
  "uuid" : "92dde0ce-5c31-4812-9bc3-477361001359",
  "dataType" : "NA",
  "active" : true,
  "keyValues" : [ {
    "key" : "village",
    "value" : "Mithu mahua,Neeche Silvari,Kodar Village,Udal,Picharwahi"
  } ]
}, {
  "name" : "Tractor",
  "uuid" : "f9648a00-6ba1-4b87-b08f-f527ddd8d1cb",
  "dataType" : "NA",
  "active" : true
}, {
  "name" : "Type of residence",
  "uuid" : "f1aec43b-c985-442a-97dd-70cbe00e3643",
  "dataType" : "Coded",
  "active" : true,
  "answers" : [ {
    "name" : "Kaccha",
    "uuid" : "a7466416-d7e5-491a-b980-2526e09dac17",
    "order" : 1.0
  }, {
    "name" : "Pakka",
    "uuid" : "b808c44a-a417-4816-ad0b-cde680f2124a",
    "order" : 2.0
  }, {
    "name" : "Aadha kacha pakka",
    "uuid" : "8e7eee58-19a7-4189-a29b-a90c801765ba",
    "order" : 3.0
  } ]
}, {
  "name" : "Ufrikala",
  "uuid" : "98a3d527-7d39-45a8-b81d-a080f93e23e9",
  "dataType" : "NA",
  "active" : true,
  "keyValues" : [ {
    "key" : "village",
    "value" : "temp14,Bhuratola,Bartola,Ufrikala"
  } ]
}, {
  "name" : "Umbilical Hernia",
  "uuid" : "ed5e316a-8995-4de6-ad2e-65a683993624",
  "dataType" : "NA",
  "active" : true
}, {
  "name" : "Underweight",
  "uuid" : "41b2db08-99a4-428c-a908-641330858b8a",
  "dataType" : "NA",
  "active" : true
}, {
  "name" : "Undescended Testicle",
  "uuid" : "6cff00cb-9998-4041-a65b-2d1247a14103",
  "dataType" : "NA",
  "active" : true
}, {
  "name" : "Uneducated",
  "uuid" : "516640f1-df7f-4746-b71a-0698e8ac29e3",
  "dataType" : "NA",
  "active" : true
}, {
  "name" : "Upar tola",
  "uuid" : "b4058ed8-cecd-4b1b-8310-1cdd85b4c70e",
  "dataType" : "NA",
  "active" : true,
  "keyValues" : [ {
    "key" : "village",
    "value" : "Sarai Paterra"
  } ]
}, {
  "name" : "Upartola",
  "uuid" : "7a72371a-7a29-4c2e-a909-53abc8552ba7",
  "dataType" : "NA",
  "active" : true,
  "keyValues" : [ {
    "key" : "village",
    "value" : "Khirni,Bakantola"
  } ]
}, {
  "name" : "Vishwakarma",
  "uuid" : "5d3c258a-05a5-4fff-b87a-081591012375",
  "dataType" : "NA",
  "active" : true
}, {
  "name" : "Visit cancel reason",
  "uuid" : "739f9a56-c02c-4f81-927b-69842d78c1e8",
  "dataType" : "Coded",
  "active" : true,
  "answers" : [ {
    "name" : "Away from village",
    "uuid" : "72fd70f8-65ae-4ac4-8339-6faf455e04f5",
    "order" : 1.0
  }, {
    "name" : "Absent",
    "uuid" : "10885638-561a-42b6-8b24-8daa01864c89",
    "order" : 2.0
  }, {
    "name" : "In village but not coming to phulwari",
    "uuid" : "3a9184e7-bc15-4646-8048-9503b3d5a10d",
    "order" : 3.0
  }, {
    "name" : "Other",
    "uuid" : "05ea583c-51d2-412d-ad00-06c432ffe538",
    "order" : 3.0
  }, {
    "name" : "Program exit",
    "uuid" : "51dfd71b-1b06-4477-9ca3-f88acbafc0db",
    "order" : 4.0,
    "voided" : true
  }, {
    "name" : "Sick",
    "uuid" : "64f8a277-cd87-4e98-8667-c40f54c76cf6",
    "order" : 5.0
  } ]
}, {
  "name" : "Washing dongari",
  "uuid" : "fd46d7a5-deda-4cd8-b5b0-8b72944a4fe3",
  "dataType" : "NA",
  "active" : true,
  "keyValues" : [ {
    "key" : "village",
    "value" : "Washing dongari"
  } ]
}, {
  "name" : "Wasted",
  "uuid" : "01927145-9b54-4c6f-815b-b6c405de207a",
  "dataType" : "NA",
  "active" : true
}, {
  "name" : "Weight",
  "uuid" : "75b1656e-2777-4753-9612-ce03a766a5e1",
  "dataType" : "Numeric",
  "lowAbsolute" : 0.0,
  "highAbsolute" : 300.0,
  "lowNormal" : 1.0,
  "highNormal" : 100.0,
  "unit" : "kg",
  "active" : true
}, {
  "name" : "Weight for age Grade",
  "uuid" : "10d6ef42-2db4-4af9-951d-75b8942690a1",
  "dataType" : "Numeric",
  "active" : true
}, {
  "name" : "Weight for age Status",
  "uuid" : "ff4eb1f3-2a19-4337-95a0-27cb2ff5cea3",
  "dataType" : "Coded",
  "active" : true,
  "answers" : [ {
    "name" : "Normal",
    "uuid" : "ba43b326-18a1-4f8d-ad04-29b0371461e0",
    "order" : 1.0
  }, {
    "name" : "Underweight",
    "uuid" : "41b2db08-99a4-428c-a908-641330858b8a",
    "abnormal" : true,
    "order" : 2.0
  }, {
    "name" : "Moderately Underweight",
    "uuid" : "e422d466-f7a5-408e-b79a-d9f177ab8c5c",
    "abnormal" : true,
    "order" : 2.0
  }, {
    "name" : "Severely Underweight",
    "uuid" : "29295fb9-9ed3-44b0-8e94-f1822b46a851",
    "abnormal" : true,
    "order" : 3.0
  } ]
}, {
  "name" : "Weight for age z-score",
  "uuid" : "c5f418f8-af4a-4a10-a70d-54f088c6a8c6",
  "dataType" : "Numeric",
  "lowNormal" : -2.0,
  "highNormal" : 2.0,
  "active" : true
}, {
  "name" : "Weight for Height Status",
  "uuid" : "7a2ee364-2fe8-4d48-9304-cb4ebc7e3144",
  "dataType" : "Coded",
  "active" : true,
  "answers" : [ {
    "name" : "Normal",
    "uuid" : "ba43b326-18a1-4f8d-ad04-29b0371461e0",
    "order" : 1.0
  }, {
    "name" : "Possible risk of overweight",
    "uuid" : "f9525016-c15c-41ef-8438-43dc18ae7fa7",
    "abnormal" : true,
    "order" : 2.0
  }, {
    "name" : "Overweight",
    "uuid" : "74481c32-e400-4103-b656-b4f52e517fdd",
    "abnormal" : true,
    "order" : 3.0
  }, {
    "name" : "Obese",
    "uuid" : "c7512031-62fb-4bbc-b793-7fde56d45883",
    "abnormal" : true,
    "order" : 4.0
  }, {
    "name" : "Wasted",
    "uuid" : "01927145-9b54-4c6f-815b-b6c405de207a",
    "abnormal" : true,
    "order" : 5.0
  }, {
    "name" : "Severely wasted",
    "uuid" : "03629146-7282-4ee6-85c5-fc04b8a6406f",
    "abnormal" : true,
    "order" : 6.0
  } ]
}, {
  "name" : "Weight for height z-score",
  "uuid" : "6c6dcf3f-9088-49a8-a3b0-abce795c0c95",
  "dataType" : "Numeric",
  "lowNormal" : -2.0,
  "highNormal" : 2.0,
  "active" : true
}, {
  "name" : "White Card",
  "uuid" : "fe27e743-351f-47a2-b9cb-ba51df771de7",
  "dataType" : "NA",
  "active" : true
}, {
  "name" : "Yadav",
  "uuid" : "7d571208-03b8-4eac-9ff8-cd9b3db2070a",
  "dataType" : "NA",
  "active" : true
}, {
  "name" : "Yellow Card",
  "uuid" : "60d82d04-3d65-4be1-88c4-176b6f9d2381",
  "dataType" : "NA",
  "active" : true
}, {
  "name" : "Yes",
  "uuid" : "04bb1773-c353-44a1-a68c-9b448e07ff70",
  "dataType" : "NA",
  "active" : true
} ]