[ {
  "uuid" : "97eafdf4-7525-4762-8f16-f6378ae16546",
  "id" : 8954,
  "formUUID" : "6c899d6c-4e1f-412b-ba80-336f71bcb13c",
  "encounterTypeUUID" : "90f9f802-65c4-4807-bc26-8b9ebdda94ad",
  "subjectTypeUUID" : "9f2af1f9-e150-4f8e-aad3-40bb7eb05aa3",
  "formType" : "Encounter",
  "formName" : "Child Absent followup Form",
  "enableApproval" : false
}, {
  "uuid" : "b298ca9e-0f8c-4f6f-92a1-e1a27b071bc5",
  "id" : 8955,
  "formUUID" : "f1d8716c-2f3e-41bf-8f09-f6f234017898",
  "encounterTypeUUID" : "90e67bad-f6b0-4fe6-b74a-3478d4c95881",
  "subjectTypeUUID" : "ea7e5c94-5e90-4288-803d-6a1aa9d80acd",
  "formType" : "IndividualEncounterCancellation",
  "formName" : "Daily Attendance Cancel Form",
  "enableApproval" : false
}, {
  "uuid" : "6e8280fa-1bf1-4a24-ace9-596885e67728",
  "id" : 8956,
  "formUUID" : "a1205adf-6f91-46a5-b3ea-cbed82f4c4ef",
  "encounterTypeUUID" : "90e67bad-f6b0-4fe6-b74a-3478d4c95881",
  "subjectTypeUUID" : "ea7e5c94-5e90-4288-803d-6a1aa9d80acd",
  "formType" : "Encounter",
  "formName" : "Daily Attendance Form",
  "enableApproval" : false
}, {
  "uuid" : "b846e568-1751-4c60-b287-bb6593393f44",
  "id" : 8961,
  "formUUID" : "da9d6df3-5994-44d5-8696-96d7dca1746c",
  "encounterTypeUUID" : "65750b7f-9992-4aa8-a60b-3a0561d3ed62",
  "subjectTypeUUID" : "ea7e5c94-5e90-4288-803d-6a1aa9d80acd",
  "formType" : "IndividualEncounterCancellation",
  "formName" : "Observation Checklist Encounter Cancellation",
  "enableApproval" : false
}, {
  "uuid" : "ee9707a0-10b9-4e9e-9b53-8da20d46107a",
  "id" : 8962,
  "formUUID" : "89485d60-cbd1-49d5-ba02-d6213ca2ef60",
  "encounterTypeUUID" : "65750b7f-9992-4aa8-a60b-3a0561d3ed62",
  "subjectTypeUUID" : "ea7e5c94-5e90-4288-803d-6a1aa9d80acd",
  "formType" : "Encounter",
  "formName" : "Observation Checklist Encounter",
  "enableApproval" : false
}, {
  "uuid" : "91a308fa-56ed-4f18-a579-d8bf91add835",
  "id" : 41,
  "formUUID" : "aac5c57a-aa01-49bb-ad20-70536dd2907f",
  "programUUID" : "352d906c-b386-496c-ba23-91b1468a5613",
  "encounterTypeUUID" : "02c72b2b-19f0-4f75-b734-dcad5601881b",
  "subjectTypeUUID" : "9f2af1f9-e150-4f8e-aad3-40bb7eb05aa3",
  "formType" : "ProgramEncounterCancellation",
  "formName" : "Default Program Encounter Cancellation Form",
  "enableApproval" : false
}, {
  "uuid" : "848c6a52-8147-43ad-982f-12b1b248732a",
  "id" : 116,
  "formUUID" : "dc386316-a5fa-440d-88de-5cd49a1ddc1d",
  "programUUID" : "352d906c-b386-496c-ba23-91b1468a5613",
  "encounterTypeUUID" : "117f454b-1526-4b52-a611-c557268aa33e",
  "subjectTypeUUID" : "9f2af1f9-e150-4f8e-aad3-40bb7eb05aa3",
  "formType" : "ProgramEncounter",
  "formName" : "Albendazole Tracking",
  "enableApproval" : false
}, {
  "uuid" : "eb27ac41-ba82-4018-9107-b1daba10b652",
  "id" : 117,
  "formUUID" : "aac5c57a-aa01-49bb-ad20-70536dd2907f",
  "programUUID" : "352d906c-b386-496c-ba23-91b1468a5613",
  "encounterTypeUUID" : "117f454b-1526-4b52-a611-c557268aa33e",
  "subjectTypeUUID" : "9f2af1f9-e150-4f8e-aad3-40bb7eb05aa3",
  "formType" : "ProgramEncounterCancellation",
  "formName" : "Default Program Encounter Cancellation Form",
  "enableApproval" : false
}, {
  "uuid" : "a881addf-fdc7-4b6a-ad79-225396594ecd",
  "id" : 9534,
  "formUUID" : "d062907a-690c-44ca-b699-f8b2f688b075",
  "programUUID" : "352d906c-b386-496c-ba23-91b1468a5613",
  "encounterTypeUUID" : "02c72b2b-19f0-4f75-b734-dcad5601881b",
  "subjectTypeUUID" : "9f2af1f9-e150-4f8e-aad3-40bb7eb05aa3",
  "formType" : "ProgramEncounter",
  "formName" : "Anthropometry Assessment",
  "enableApproval" : false
}, {
  "uuid" : "4f766f7c-f874-41fb-b8a7-4d6f3830a755",
  "id" : 9538,
  "formUUID" : "e0b78ca2-1205-4e84-9f9b-d97c9b78a917",
  "subjectTypeUUID" : "9f2af1f9-e150-4f8e-aad3-40bb7eb05aa3",
  "formType" : "IndividualProfile",
  "formName" : "JSS Registration Form",
  "enableApproval" : false
}, {
  "uuid" : "93d0e233-2bf1-44c7-8c28-f777803410d7",
  "id" : 9540,
  "formUUID" : "1608c2c0-0334-41a6-aab0-5c61ea1eb069",
  "programUUID" : "352d906c-b386-496c-ba23-91b1468a5613",
  "subjectTypeUUID" : "9f2af1f9-e150-4f8e-aad3-40bb7eb05aa3",
  "formType" : "ProgramEnrolment",
  "formName" : "Child Enrolment",
  "enableApproval" : false
}, {
  "uuid" : "1faedd4b-04dc-4d50-b787-f895180c402e",
  "id" : 9541,
  "formUUID" : "67165f46-890d-4747-ba9a-dbaa0cfa5353",
  "programUUID" : "352d906c-b386-496c-ba23-91b1468a5613",
  "subjectTypeUUID" : "9f2af1f9-e150-4f8e-aad3-40bb7eb05aa3",
  "formType" : "ProgramExit",
  "formName" : "Child Exit",
  "enableApproval" : false
}, {
  "uuid" : "2fa2704f-62bc-4d75-8205-85447c952e6e",
  "id" : 9554,
  "formUUID" : "19fc78d1-58d1-40ab-bf3e-deef43e01cf7",
  "subjectTypeUUID" : "ea7e5c94-5e90-4288-803d-6a1aa9d80acd",
  "formType" : "IndividualProfile",
  "formName" : "Phulwari Attendance Registration",
  "enableApproval" : false
} ]