[ {
  "uuid" : "371cd5de-3f84-4b5c-ae9f-9f6637b273b7",
  "groupUUID" : "defc28ee-e77d-43c0-8a9a-1dcb1f896f65",
  "privilegeUUID" : "98858b47-db1d-450b-86ed-e8cf592beb9c",
  "allow" : false,
  "privilegeType" : "Messaging",
  "notEveryoneGroup" : false,
  "voided" : false
}, {
  "uuid" : "42c61ef4-5990-40e1-b800-10aa077573a2",
  "groupUUID" : "defc28ee-e77d-43c0-8a9a-1dcb1f896f65",
  "privilegeUUID" : "b52e5625-3176-4108-93fa-9341e019d9b4",
  "allow" : false,
  "privilegeType" : "EditTask",
  "notEveryoneGroup" : false,
  "voided" : false
}, {
  "uuid" : "4d3582ea-f598-4127-9fa8-43f706591ed5",
  "groupUUID" : "defc28ee-e77d-43c0-8a9a-1dcb1f896f65",
  "privilegeUUID" : "7b81a2c1-d373-4859-a4b7-ffc7f2039a93",
  "allow" : false,
  "privilegeType" : "DeleteTask",
  "notEveryoneGroup" : false,
  "voided" : false
}, {
  "uuid" : "06092ee7-f90f-48ba-9958-dd8bd08b90c8",
  "groupUUID" : "defc28ee-e77d-43c0-8a9a-1dcb1f896f65",
  "privilegeUUID" : "e491db17-da8a-4ecd-82b1-9cd9921d7c72",
  "allow" : false,
  "privilegeType" : "EditSubjectType",
  "notEveryoneGroup" : false,
  "voided" : false
}, {
  "uuid" : "379d281f-a1d8-474b-b337-fcdd4f89058d",
  "groupUUID" : "defc28ee-e77d-43c0-8a9a-1dcb1f896f65",
  "privilegeUUID" : "fc03c90d-6dd4-4067-9096-4e1b3c800270",
  "allow" : false,
  "privilegeType" : "EditProgram",
  "notEveryoneGroup" : false,
  "voided" : false
}, {
  "uuid" : "032aad45-e9a2-4ba7-a892-ff41281350de",
  "groupUUID" : "defc28ee-e77d-43c0-8a9a-1dcb1f896f65",
  "privilegeUUID" : "c814bcf3-4739-48d8-8dae-375df72ee468",
  "allow" : false,
  "privilegeType" : "EditEncounterType",
  "notEveryoneGroup" : false,
  "voided" : false
}, {
  "uuid" : "f34c9ab9-aa6c-4769-985f-85c3a08a1100",
  "groupUUID" : "defc28ee-e77d-43c0-8a9a-1dcb1f896f65",
  "privilegeUUID" : "f042823e-dbed-44dc-b3d7-a4dd342d883e",
  "allow" : false,
  "privilegeType" : "EditConcept",
  "notEveryoneGroup" : false,
  "voided" : false
}, {
  "uuid" : "93f0b7e0-8062-40e5-a2f8-e6fcc966e2ff",
  "groupUUID" : "defc28ee-e77d-43c0-8a9a-1dcb1f896f65",
  "privilegeUUID" : "df745841-79e6-4d6e-a04d-f2379449a318",
  "allow" : false,
  "privilegeType" : "EditOrganisationConfiguration",
  "notEveryoneGroup" : false,
  "voided" : false
}, {
  "uuid" : "9a060479-758f-4380-9913-b9c4afae3725",
  "groupUUID" : "defc28ee-e77d-43c0-8a9a-1dcb1f896f65",
  "privilegeUUID" : "6a687443-8640-4ea7-9df5-7af17e4f3bd9",
  "allow" : false,
  "privilegeType" : "DeleteOrganisationConfiguration",
  "notEveryoneGroup" : false,
  "voided" : false
}, {
  "uuid" : "12555862-aee2-4dff-a0b0-d0b3872f5baf",
  "groupUUID" : "defc28ee-e77d-43c0-8a9a-1dcb1f896f65",
  "privilegeUUID" : "2ebe6ce5-77fa-491c-a629-f1fc46d87557",
  "allow" : false,
  "privilegeType" : "UploadMetadataAndData",
  "notEveryoneGroup" : false,
  "voided" : false
}, {
  "uuid" : "166eb651-0135-478d-a8a8-963ad0558321",
  "groupUUID" : "defc28ee-e77d-43c0-8a9a-1dcb1f896f65",
  "privilegeUUID" : "ee51fb36-8712-4125-8693-5c524bd75327",
  "allow" : false,
  "privilegeType" : "DownloadBundle",
  "notEveryoneGroup" : false,
  "voided" : false
}, {
  "uuid" : "e65a577e-ab39-4566-a171-12672e2a3a9f",
  "groupUUID" : "defc28ee-e77d-43c0-8a9a-1dcb1f896f65",
  "privilegeUUID" : "dd436429-7b9c-4350-bfeb-754717d553ff",
  "allow" : false,
  "privilegeType" : "EditChecklistConfiguration",
  "notEveryoneGroup" : false,
  "voided" : false
}, {
  "uuid" : "3413e2f4-a07e-4a7f-a9bb-080e3e96c385",
  "groupUUID" : "defc28ee-e77d-43c0-8a9a-1dcb1f896f65",
  "privilegeUUID" : "8b335ec5-e42c-425b-ab1c-ba549a19a3f2",
  "allow" : false,
  "privilegeType" : "EditDocumentation",
  "notEveryoneGroup" : false,
  "voided" : false
}, {
  "uuid" : "c330f6a9-722d-4f4e-987c-58183899c383",
  "groupUUID" : "defc28ee-e77d-43c0-8a9a-1dcb1f896f65",
  "privilegeUUID" : "d8ce88f8-c965-42c9-bed1-1f3a188b25b4",
  "allow" : false,
  "privilegeType" : "EditOfflineDashboardAndReportCard",
  "notEveryoneGroup" : false,
  "voided" : false
}, {
  "uuid" : "8377dd59-e670-4194-8d35-aaaea78c36eb",
  "groupUUID" : "defc28ee-e77d-43c0-8a9a-1dcb1f896f65",
  "privilegeUUID" : "9091283d-19fe-4bfd-8db6-c662575747c0",
  "allow" : false,
  "privilegeType" : "EditApplicationMenu",
  "notEveryoneGroup" : false,
  "voided" : false
}, {
  "uuid" : "b46a2c61-241b-480c-8e09-63fe3b03ffff",
  "groupUUID" : "defc28ee-e77d-43c0-8a9a-1dcb1f896f65",
  "privilegeUUID" : "911a5dcf-eacd-45e0-a1c4-e65802c11e0d",
  "allow" : false,
  "privilegeType" : "EditExtension",
  "notEveryoneGroup" : false,
  "voided" : false
}, {
  "uuid" : "6d60b45b-3819-4cb9-a846-35c33730e984",
  "groupUUID" : "defc28ee-e77d-43c0-8a9a-1dcb1f896f65",
  "privilegeUUID" : "0d3e10d7-6e19-4652-9d47-2836210d5f7f",
  "allow" : false,
  "privilegeType" : "EditRuleFailure",
  "notEveryoneGroup" : false,
  "voided" : false
}, {
  "uuid" : "b98a257b-11ac-49f8-ba0e-311f57120a33",
  "groupUUID" : "defc28ee-e77d-43c0-8a9a-1dcb1f896f65",
  "privilegeUUID" : "59fbf0a4-cb92-45d7-9ec8-fe382ad504ba",
  "allow" : false,
  "privilegeType" : "EditLocationType",
  "notEveryoneGroup" : false,
  "voided" : false
}, {
  "uuid" : "bf5b04db-7b4c-4c50-a418-457a16210d4a",
  "groupUUID" : "defc28ee-e77d-43c0-8a9a-1dcb1f896f65",
  "privilegeUUID" : "eb05b1cf-a38a-40a2-b7fe-933ff29bddc5",
  "allow" : false,
  "privilegeType" : "EditLocation",
  "notEveryoneGroup" : false,
  "voided" : false
}, {
  "uuid" : "0424dda5-5d69-4725-868b-3cb1082ae712",
  "groupUUID" : "defc28ee-e77d-43c0-8a9a-1dcb1f896f65",
  "privilegeUUID" : "027e6ce6-8bf8-44f4-9621-7de7557d99f5",
  "allow" : false,
  "privilegeType" : "EditCatchment",
  "notEveryoneGroup" : false,
  "voided" : false
}, {
  "uuid" : "3b93eb9a-12a4-4b37-a675-4409d6464c2f",
  "groupUUID" : "defc28ee-e77d-43c0-8a9a-1dcb1f896f65",
  "privilegeUUID" : "31c16b7d-825a-4bfa-b961-128846beb3ef",
  "allow" : false,
  "privilegeType" : "EditUserConfiguration",
  "notEveryoneGroup" : false,
  "voided" : false
}, {
  "uuid" : "e7b43b82-a5c7-4d45-b8c3-1d23967e6213",
  "groupUUID" : "defc28ee-e77d-43c0-8a9a-1dcb1f896f65",
  "privilegeUUID" : "78902b7a-7970-4557-9ffa-ce8e93d20e9a",
  "allow" : false,
  "privilegeType" : "EditUserGroup",
  "notEveryoneGroup" : false,
  "voided" : false
}, {
  "uuid" : "79db6f32-30da-4634-9d78-161b4ab4b9fd",
  "groupUUID" : "defc28ee-e77d-43c0-8a9a-1dcb1f896f65",
  "privilegeUUID" : "d60e01c2-ce9e-44f8-8ea1-99e88be93104",
  "allow" : false,
  "privilegeType" : "EditIdentifierSource",
  "notEveryoneGroup" : false,
  "voided" : false
}, {
  "uuid" : "b45d8870-4893-4205-b05d-f696ecb5aadb",
  "groupUUID" : "defc28ee-e77d-43c0-8a9a-1dcb1f896f65",
  "privilegeUUID" : "27775bb8-2cf0-4f00-92bd-12c7950c9193",
  "allow" : false,
  "privilegeType" : "EditIdentifierUserAssignment",
  "notEveryoneGroup" : false,
  "voided" : false
}, {
  "uuid" : "8453a9ee-16d5-4481-8265-4f83060224c4",
  "groupUUID" : "defc28ee-e77d-43c0-8a9a-1dcb1f896f65",
  "privilegeUUID" : "83435813-79a7-411b-9b1d-92fcdd439a40",
  "allow" : false,
  "privilegeType" : "PhoneVerification",
  "notEveryoneGroup" : false,
  "voided" : false
}, {
  "uuid" : "cfda5296-ccb7-456e-a77d-0de725dc9155",
  "groupUUID" : "defc28ee-e77d-43c0-8a9a-1dcb1f896f65",
  "privilegeUUID" : "e24a7cca-7e76-4398-a2d0-e6db735a8e08",
  "allow" : false,
  "privilegeType" : "EditLanguage",
  "notEveryoneGroup" : false,
  "voided" : false
}, {
  "uuid" : "28630851-ccef-4897-9d74-0766a23214aa",
  "groupUUID" : "defc28ee-e77d-43c0-8a9a-1dcb1f896f65",
  "privilegeUUID" : "1cc8fae5-fb31-4643-ad63-58fcfb31a709",
  "allow" : false,
  "privilegeType" : "EditVideo",
  "notEveryoneGroup" : false,
  "voided" : false
}, {
  "uuid" : "13f11519-1319-457a-9b85-2526ef04063c",
  "groupUUID" : "defc28ee-e77d-43c0-8a9a-1dcb1f896f65",
  "privilegeUUID" : "c21758c9-d238-4746-81e8-f5e1ee3643c0",
  "allow" : false,
  "privilegeType" : "Analytics",
  "notEveryoneGroup" : false,
  "voided" : false
}, {
  "uuid" : "53745c59-f05f-4c2b-b0e7-7a0779bde864",
  "groupUUID" : "defc28ee-e77d-43c0-8a9a-1dcb1f896f65",
  "privilegeUUID" : "044c3bf5-9818-4e05-a100-e8608ae2dfe1",
  "allow" : false,
  "privilegeType" : "EditNews",
  "notEveryoneGroup" : false,
  "voided" : false
}, {
  "uuid" : "ec0bec52-3b06-4888-add3-e0fee250654b",
  "groupUUID" : "defc28ee-e77d-43c0-8a9a-1dcb1f896f65",
  "privilegeUUID" : "cac5adae-8d99-4cef-a00b-af7d66e31a09",
  "subjectTypeUUID" : "9f2af1f9-e150-4f8e-aad3-40bb7eb05aa3",
  "allow" : true,
  "privilegeType" : "AssignSubject",
  "notEveryoneGroup" : false,
  "voided" : false
}, {
  "uuid" : "e952356a-fe58-4aee-b840-bd8f8551ed1f",
  "groupUUID" : "defc28ee-e77d-43c0-8a9a-1dcb1f896f65",
  "privilegeUUID" : "0843ee63-721c-49c5-8374-818b512caf82",
  "subjectTypeUUID" : "9f2af1f9-e150-4f8e-aad3-40bb7eb05aa3",
  "allow" : true,
  "privilegeType" : "AddMember",
  "notEveryoneGroup" : false,
  "voided" : false
}, {
  "uuid" : "9fa5bbce-4b63-472b-98a2-0d8965128b8e",
  "groupUUID" : "defc28ee-e77d-43c0-8a9a-1dcb1f896f65",
  "privilegeUUID" : "d9d7ae77-a67e-4644-8976-5b3551106a53",
  "subjectTypeUUID" : "9f2af1f9-e150-4f8e-aad3-40bb7eb05aa3",
  "allow" : true,
  "privilegeType" : "EditMember",
  "notEveryoneGroup" : false,
  "voided" : false
}, {
  "uuid" : "575550ba-8d0e-4644-b32b-adef2e74f7cf",
  "groupUUID" : "defc28ee-e77d-43c0-8a9a-1dcb1f896f65",
  "privilegeUUID" : "f2915fc4-d2cb-492a-b9bc-88a7bae11b75",
  "subjectTypeUUID" : "9f2af1f9-e150-4f8e-aad3-40bb7eb05aa3",
  "allow" : true,
  "privilegeType" : "RemoveMember",
  "notEveryoneGroup" : false,
  "voided" : false
}, {
  "uuid" : "464d1660-f3f5-4333-a6b3-e33bf5f577d9",
  "groupUUID" : "defc28ee-e77d-43c0-8a9a-1dcb1f896f65",
  "privilegeUUID" : "37ae14f9-e6ac-4d24-951a-e457b0cdcf00",
  "subjectTypeUUID" : "9f2af1f9-e150-4f8e-aad3-40bb7eb05aa3",
  "allow" : true,
  "privilegeType" : "ApproveSubject",
  "notEveryoneGroup" : false,
  "voided" : false
}, {
  "uuid" : "2ffd7e35-bc71-49a1-ab76-3658fc436641",
  "groupUUID" : "defc28ee-e77d-43c0-8a9a-1dcb1f896f65",
  "privilegeUUID" : "8a2e92c2-8af2-4f1c-896e-317c0bb4095f",
  "subjectTypeUUID" : "9f2af1f9-e150-4f8e-aad3-40bb7eb05aa3",
  "allow" : true,
  "privilegeType" : "RejectSubject",
  "notEveryoneGroup" : false,
  "voided" : false
}, {
  "uuid" : "73b37415-7591-4f6d-abff-54aa01feba2d",
  "groupUUID" : "defc28ee-e77d-43c0-8a9a-1dcb1f896f65",
  "privilegeUUID" : "cac5adae-8d99-4cef-a00b-af7d66e31a09",
  "subjectTypeUUID" : "ea7e5c94-5e90-4288-803d-6a1aa9d80acd",
  "allow" : true,
  "privilegeType" : "AssignSubject",
  "notEveryoneGroup" : false,
  "voided" : false
}, {
  "uuid" : "94a6673c-3b99-4f5e-b881-1596bedf1aea",
  "groupUUID" : "defc28ee-e77d-43c0-8a9a-1dcb1f896f65",
  "privilegeUUID" : "67410e50-8b40-4735-bfb4-135b13580027",
  "subjectTypeUUID" : "ea7e5c94-5e90-4288-803d-6a1aa9d80acd",
  "allow" : true,
  "privilegeType" : "ViewSubject",
  "notEveryoneGroup" : false,
  "voided" : false
}, {
  "uuid" : "733dd4fb-de21-4fda-b749-29d4a31a068d",
  "groupUUID" : "defc28ee-e77d-43c0-8a9a-1dcb1f896f65",
  "privilegeUUID" : "46c3aa38-1ef5-4639-a406-d0b4f9bcb420",
  "subjectTypeUUID" : "ea7e5c94-5e90-4288-803d-6a1aa9d80acd",
  "allow" : true,
  "privilegeType" : "RegisterSubject",
  "notEveryoneGroup" : false,
  "voided" : false
}, {
  "uuid" : "36972788-1359-4b75-beef-7005aa945ae3",
  "groupUUID" : "defc28ee-e77d-43c0-8a9a-1dcb1f896f65",
  "privilegeUUID" : "db791f27-0c04-4060-8938-6f18fb4069ee",
  "subjectTypeUUID" : "ea7e5c94-5e90-4288-803d-6a1aa9d80acd",
  "allow" : true,
  "privilegeType" : "EditSubject",
  "notEveryoneGroup" : false,
  "voided" : false
}, {
  "uuid" : "dddc97fa-6539-49d6-85d6-2605f66c2ada",
  "groupUUID" : "defc28ee-e77d-43c0-8a9a-1dcb1f896f65",
  "privilegeUUID" : "088a30ca-9ce2-4ab3-a517-e249cc43a4bf",
  "subjectTypeUUID" : "ea7e5c94-5e90-4288-803d-6a1aa9d80acd",
  "allow" : true,
  "privilegeType" : "VoidSubject",
  "notEveryoneGroup" : false,
  "voided" : false
}, {
  "uuid" : "b4b5688a-9fbe-4503-961e-d3c25f1602e3",
  "groupUUID" : "defc28ee-e77d-43c0-8a9a-1dcb1f896f65",
  "privilegeUUID" : "0843ee63-721c-49c5-8374-818b512caf82",
  "subjectTypeUUID" : "ea7e5c94-5e90-4288-803d-6a1aa9d80acd",
  "allow" : true,
  "privilegeType" : "AddMember",
  "notEveryoneGroup" : false,
  "voided" : false
}, {
  "uuid" : "34c463e2-9010-47bd-8fe9-4a9d6090f7be",
  "groupUUID" : "defc28ee-e77d-43c0-8a9a-1dcb1f896f65",
  "privilegeUUID" : "d9d7ae77-a67e-4644-8976-5b3551106a53",
  "subjectTypeUUID" : "ea7e5c94-5e90-4288-803d-6a1aa9d80acd",
  "allow" : true,
  "privilegeType" : "EditMember",
  "notEveryoneGroup" : false,
  "voided" : false
}, {
  "uuid" : "198b1d52-1b92-41fe-8d4f-f3c79f02eaea",
  "groupUUID" : "defc28ee-e77d-43c0-8a9a-1dcb1f896f65",
  "privilegeUUID" : "f2915fc4-d2cb-492a-b9bc-88a7bae11b75",
  "subjectTypeUUID" : "ea7e5c94-5e90-4288-803d-6a1aa9d80acd",
  "allow" : true,
  "privilegeType" : "RemoveMember",
  "notEveryoneGroup" : false,
  "voided" : false
}, {
  "uuid" : "616e553f-8281-4fd8-b28c-139a8863c4d5",
  "groupUUID" : "defc28ee-e77d-43c0-8a9a-1dcb1f896f65",
  "privilegeUUID" : "37ae14f9-e6ac-4d24-951a-e457b0cdcf00",
  "subjectTypeUUID" : "ea7e5c94-5e90-4288-803d-6a1aa9d80acd",
  "allow" : true,
  "privilegeType" : "ApproveSubject",
  "notEveryoneGroup" : false,
  "voided" : false
}, {
  "uuid" : "6fa0284a-6052-49e3-b6b7-81863a12a539",
  "groupUUID" : "defc28ee-e77d-43c0-8a9a-1dcb1f896f65",
  "privilegeUUID" : "8a2e92c2-8af2-4f1c-896e-317c0bb4095f",
  "subjectTypeUUID" : "ea7e5c94-5e90-4288-803d-6a1aa9d80acd",
  "allow" : true,
  "privilegeType" : "RejectSubject",
  "notEveryoneGroup" : false,
  "voided" : false
}, {
  "uuid" : "18072e57-96e4-430a-973f-17ad7fa8b9ff",
  "groupUUID" : "defc28ee-e77d-43c0-8a9a-1dcb1f896f65",
  "privilegeUUID" : "9f2a3495-93b7-47c3-8560-d572b6a9fc61",
  "subjectTypeUUID" : "9f2af1f9-e150-4f8e-aad3-40bb7eb05aa3",
  "encounterTypeUUID" : "90f9f802-65c4-4807-bc26-8b9ebdda94ad",
  "allow" : true,
  "privilegeType" : "ViewVisit",
  "notEveryoneGroup" : false,
  "voided" : false
}, {
  "uuid" : "ee112b45-c9f5-4cb3-9d9f-308182c59ae3",
  "groupUUID" : "defc28ee-e77d-43c0-8a9a-1dcb1f896f65",
  "privilegeUUID" : "867d5de9-0bf3-434c-9cb1-bd09a05250af",
  "subjectTypeUUID" : "9f2af1f9-e150-4f8e-aad3-40bb7eb05aa3",
  "encounterTypeUUID" : "90f9f802-65c4-4807-bc26-8b9ebdda94ad",
  "allow" : true,
  "privilegeType" : "ScheduleVisit",
  "notEveryoneGroup" : false,
  "voided" : false
}, {
  "uuid" : "4bb2eb72-fd32-4eec-993a-7536bc832bb2",
  "groupUUID" : "defc28ee-e77d-43c0-8a9a-1dcb1f896f65",
  "privilegeUUID" : "e3352a23-f478-4166-af11-e949cc69e1cc",
  "subjectTypeUUID" : "9f2af1f9-e150-4f8e-aad3-40bb7eb05aa3",
  "encounterTypeUUID" : "90f9f802-65c4-4807-bc26-8b9ebdda94ad",
  "allow" : true,
  "privilegeType" : "PerformVisit",
  "notEveryoneGroup" : false,
  "voided" : false
}, {
  "uuid" : "292c6a1d-4981-4788-9cf6-1adc17fc212a",
  "groupUUID" : "defc28ee-e77d-43c0-8a9a-1dcb1f896f65",
  "privilegeUUID" : "85ce5ed4-1490-4980-8c64-63fb423b5f14",
  "subjectTypeUUID" : "9f2af1f9-e150-4f8e-aad3-40bb7eb05aa3",
  "encounterTypeUUID" : "90f9f802-65c4-4807-bc26-8b9ebdda94ad",
  "allow" : true,
  "privilegeType" : "EditVisit",
  "notEveryoneGroup" : false,
  "voided" : false
}, {
  "uuid" : "8814be94-3f9d-4b56-8c4a-3aa7ec315861",
  "groupUUID" : "defc28ee-e77d-43c0-8a9a-1dcb1f896f65",
  "privilegeUUID" : "51fa8342-3228-4945-88eb-4b41970fa425",
  "subjectTypeUUID" : "9f2af1f9-e150-4f8e-aad3-40bb7eb05aa3",
  "encounterTypeUUID" : "90f9f802-65c4-4807-bc26-8b9ebdda94ad",
  "allow" : true,
  "privilegeType" : "CancelVisit",
  "notEveryoneGroup" : false,
  "voided" : false
}, {
  "uuid" : "94fdf5e6-36fa-4c03-ab2f-4bf7e68b4065",
  "groupUUID" : "defc28ee-e77d-43c0-8a9a-1dcb1f896f65",
  "privilegeUUID" : "7d725125-6b48-44d2-a53b-bf847ae8a3d0",
  "subjectTypeUUID" : "9f2af1f9-e150-4f8e-aad3-40bb7eb05aa3",
  "encounterTypeUUID" : "90f9f802-65c4-4807-bc26-8b9ebdda94ad",
  "allow" : true,
  "privilegeType" : "ApproveEncounter",
  "notEveryoneGroup" : false,
  "voided" : false
}, {
  "uuid" : "b71beb4c-e556-4a19-b9fb-03f314bbee29",
  "groupUUID" : "defc28ee-e77d-43c0-8a9a-1dcb1f896f65",
  "privilegeUUID" : "ca4428e7-dc4c-4dad-8190-451d8ccd7402",
  "subjectTypeUUID" : "9f2af1f9-e150-4f8e-aad3-40bb7eb05aa3",
  "encounterTypeUUID" : "90f9f802-65c4-4807-bc26-8b9ebdda94ad",
  "allow" : true,
  "privilegeType" : "RejectEncounter",
  "notEveryoneGroup" : false,
  "voided" : false
}, {
  "uuid" : "06accde4-a419-4e74-9b7a-c157069e5c1b",
  "groupUUID" : "defc28ee-e77d-43c0-8a9a-1dcb1f896f65",
  "privilegeUUID" : "305d8287-731b-4094-8139-71bc171b242e",
  "subjectTypeUUID" : "9f2af1f9-e150-4f8e-aad3-40bb7eb05aa3",
  "encounterTypeUUID" : "90f9f802-65c4-4807-bc26-8b9ebdda94ad",
  "allow" : true,
  "privilegeType" : "VoidVisit",
  "notEveryoneGroup" : false,
  "voided" : false
}, {
  "uuid" : "efc14d32-ba67-4ea3-b6fb-1a775c68ec77",
  "groupUUID" : "defc28ee-e77d-43c0-8a9a-1dcb1f896f65",
  "privilegeUUID" : "9f2a3495-93b7-47c3-8560-d572b6a9fc61",
  "subjectTypeUUID" : "ea7e5c94-5e90-4288-803d-6a1aa9d80acd",
  "encounterTypeUUID" : "90e67bad-f6b0-4fe6-b74a-3478d4c95881",
  "allow" : true,
  "privilegeType" : "ViewVisit",
  "notEveryoneGroup" : false,
  "voided" : false
}, {
  "uuid" : "d29cf207-026d-4ac1-86ec-d28637537281",
  "groupUUID" : "defc28ee-e77d-43c0-8a9a-1dcb1f896f65",
  "privilegeUUID" : "867d5de9-0bf3-434c-9cb1-bd09a05250af",
  "subjectTypeUUID" : "ea7e5c94-5e90-4288-803d-6a1aa9d80acd",
  "encounterTypeUUID" : "90e67bad-f6b0-4fe6-b74a-3478d4c95881",
  "allow" : true,
  "privilegeType" : "ScheduleVisit",
  "notEveryoneGroup" : false,
  "voided" : false
}, {
  "uuid" : "bcb45971-fdb7-4c1b-be8f-b5ba7e682836",
  "groupUUID" : "defc28ee-e77d-43c0-8a9a-1dcb1f896f65",
  "privilegeUUID" : "e3352a23-f478-4166-af11-e949cc69e1cc",
  "subjectTypeUUID" : "ea7e5c94-5e90-4288-803d-6a1aa9d80acd",
  "encounterTypeUUID" : "90e67bad-f6b0-4fe6-b74a-3478d4c95881",
  "allow" : true,
  "privilegeType" : "PerformVisit",
  "notEveryoneGroup" : false,
  "voided" : false
}, {
  "uuid" : "9223c57b-57db-4234-b3b8-05902495de89",
  "groupUUID" : "defc28ee-e77d-43c0-8a9a-1dcb1f896f65",
  "privilegeUUID" : "85ce5ed4-1490-4980-8c64-63fb423b5f14",
  "subjectTypeUUID" : "ea7e5c94-5e90-4288-803d-6a1aa9d80acd",
  "encounterTypeUUID" : "90e67bad-f6b0-4fe6-b74a-3478d4c95881",
  "allow" : true,
  "privilegeType" : "EditVisit",
  "notEveryoneGroup" : false,
  "voided" : false
}, {
  "uuid" : "2e7c8638-5135-4e66-9428-4bc32f9f934b",
  "groupUUID" : "defc28ee-e77d-43c0-8a9a-1dcb1f896f65",
  "privilegeUUID" : "51fa8342-3228-4945-88eb-4b41970fa425",
  "subjectTypeUUID" : "ea7e5c94-5e90-4288-803d-6a1aa9d80acd",
  "encounterTypeUUID" : "90e67bad-f6b0-4fe6-b74a-3478d4c95881",
  "allow" : true,
  "privilegeType" : "CancelVisit",
  "notEveryoneGroup" : false,
  "voided" : false
}, {
  "uuid" : "94d9bf8a-1ed4-4132-a1a1-1557ba88b834",
  "groupUUID" : "defc28ee-e77d-43c0-8a9a-1dcb1f896f65",
  "privilegeUUID" : "ca4428e7-dc4c-4dad-8190-451d8ccd7402",
  "subjectTypeUUID" : "ea7e5c94-5e90-4288-803d-6a1aa9d80acd",
  "encounterTypeUUID" : "90e67bad-f6b0-4fe6-b74a-3478d4c95881",
  "allow" : true,
  "privilegeType" : "RejectEncounter",
  "notEveryoneGroup" : false,
  "voided" : false
}, {
  "uuid" : "e9d0a89f-e8d0-4943-ba0a-a8c994266e00",
  "groupUUID" : "defc28ee-e77d-43c0-8a9a-1dcb1f896f65",
  "privilegeUUID" : "305d8287-731b-4094-8139-71bc171b242e",
  "subjectTypeUUID" : "ea7e5c94-5e90-4288-803d-6a1aa9d80acd",
  "encounterTypeUUID" : "90e67bad-f6b0-4fe6-b74a-3478d4c95881",
  "allow" : true,
  "privilegeType" : "VoidVisit",
  "notEveryoneGroup" : false,
  "voided" : false
}, {
  "uuid" : "e97125c0-28af-45b8-9d53-7472eb1185cd",
  "groupUUID" : "defc28ee-e77d-43c0-8a9a-1dcb1f896f65",
  "privilegeUUID" : "7d725125-6b48-44d2-a53b-bf847ae8a3d0",
  "subjectTypeUUID" : "9f2af1f9-e150-4f8e-aad3-40bb7eb05aa3",
  "programUUID" : "352d906c-b386-496c-ba23-91b1468a5613",
  "programEncounterTypeUUID" : "02c72b2b-19f0-4f75-b734-dcad5601881b",
  "allow" : true,
  "privilegeType" : "ApproveEncounter",
  "notEveryoneGroup" : false,
  "voided" : false
}, {
  "uuid" : "16cbf635-0c54-4401-9fb5-7fc0cd731559",
  "groupUUID" : "defc28ee-e77d-43c0-8a9a-1dcb1f896f65",
  "privilegeUUID" : "ca4428e7-dc4c-4dad-8190-451d8ccd7402",
  "subjectTypeUUID" : "9f2af1f9-e150-4f8e-aad3-40bb7eb05aa3",
  "programUUID" : "352d906c-b386-496c-ba23-91b1468a5613",
  "programEncounterTypeUUID" : "02c72b2b-19f0-4f75-b734-dcad5601881b",
  "allow" : true,
  "privilegeType" : "RejectEncounter",
  "notEveryoneGroup" : false,
  "voided" : false
}, {
  "uuid" : "d24ade2e-ab2a-41ca-8c7e-e2fcb8ea6033",
  "groupUUID" : "defc28ee-e77d-43c0-8a9a-1dcb1f896f65",
  "privilegeUUID" : "305d8287-731b-4094-8139-71bc171b242e",
  "subjectTypeUUID" : "9f2af1f9-e150-4f8e-aad3-40bb7eb05aa3",
  "programUUID" : "352d906c-b386-496c-ba23-91b1468a5613",
  "programEncounterTypeUUID" : "02c72b2b-19f0-4f75-b734-dcad5601881b",
  "allow" : true,
  "privilegeType" : "VoidVisit",
  "notEveryoneGroup" : false,
  "voided" : false
}, {
  "uuid" : "53ae85c6-3e53-41be-a261-70e25df34c90",
  "groupUUID" : "defc28ee-e77d-43c0-8a9a-1dcb1f896f65",
  "privilegeUUID" : "a5899d5a-7a9b-4cba-88dd-20167411787c",
  "allow" : true,
  "privilegeType" : "ViewEditEntitiesOnDataEntryApp",
  "notEveryoneGroup" : false,
  "voided" : false
}, {
  "uuid" : "6793b173-7a55-4b2a-9a0d-e501df6269e7",
  "groupUUID" : "defc28ee-e77d-43c0-8a9a-1dcb1f896f65",
  "privilegeUUID" : "8b0089f6-8c52-471c-bb89-8d4c1800dbcd",
  "subjectTypeUUID" : "9f2af1f9-e150-4f8e-aad3-40bb7eb05aa3",
  "programUUID" : "352d906c-b386-496c-ba23-91b1468a5613",
  "allow" : true,
  "privilegeType" : "RejectEnrolment",
  "notEveryoneGroup" : false,
  "voided" : false
}, {
  "uuid" : "cd7162b6-6ab3-4ca5-b915-292523e4cd6e",
  "groupUUID" : "defc28ee-e77d-43c0-8a9a-1dcb1f896f65",
  "privilegeUUID" : "67410e50-8b40-4735-bfb4-135b13580027",
  "subjectTypeUUID" : "9f2af1f9-e150-4f8e-aad3-40bb7eb05aa3",
  "allow" : true,
  "privilegeType" : "ViewSubject",
  "notEveryoneGroup" : false,
  "voided" : false
}, {
  "uuid" : "9d13776a-b8c9-4f2a-9e4c-04d75c434746",
  "groupUUID" : "defc28ee-e77d-43c0-8a9a-1dcb1f896f65",
  "privilegeUUID" : "46c3aa38-1ef5-4639-a406-d0b4f9bcb420",
  "subjectTypeUUID" : "9f2af1f9-e150-4f8e-aad3-40bb7eb05aa3",
  "allow" : true,
  "privilegeType" : "RegisterSubject",
  "notEveryoneGroup" : false,
  "voided" : false
}, {
  "uuid" : "2b95b37b-bdf5-4032-9195-cde028af54f9",
  "groupUUID" : "defc28ee-e77d-43c0-8a9a-1dcb1f896f65",
  "privilegeUUID" : "db791f27-0c04-4060-8938-6f18fb4069ee",
  "subjectTypeUUID" : "9f2af1f9-e150-4f8e-aad3-40bb7eb05aa3",
  "allow" : true,
  "privilegeType" : "EditSubject",
  "notEveryoneGroup" : false,
  "voided" : false
}, {
  "uuid" : "4624d50c-94e2-474a-aa27-5c9cc4f0074e",
  "groupUUID" : "defc28ee-e77d-43c0-8a9a-1dcb1f896f65",
  "privilegeUUID" : "088a30ca-9ce2-4ab3-a517-e249cc43a4bf",
  "subjectTypeUUID" : "9f2af1f9-e150-4f8e-aad3-40bb7eb05aa3",
  "allow" : true,
  "privilegeType" : "VoidSubject",
  "notEveryoneGroup" : false,
  "voided" : false
}, {
  "uuid" : "57306ade-107d-47f1-a4e9-080b1ec01379",
  "groupUUID" : "defc28ee-e77d-43c0-8a9a-1dcb1f896f65",
  "privilegeUUID" : "7d725125-6b48-44d2-a53b-bf847ae8a3d0",
  "subjectTypeUUID" : "ea7e5c94-5e90-4288-803d-6a1aa9d80acd",
  "encounterTypeUUID" : "90e67bad-f6b0-4fe6-b74a-3478d4c95881",
  "allow" : true,
  "privilegeType" : "ApproveEncounter",
  "notEveryoneGroup" : false,
  "voided" : false
}, {
  "uuid" : "d800ac7f-8870-4940-86d1-c2fae709a379",
  "groupUUID" : "defc28ee-e77d-43c0-8a9a-1dcb1f896f65",
  "privilegeUUID" : "9f2a3495-93b7-47c3-8560-d572b6a9fc61",
  "subjectTypeUUID" : "ea7e5c94-5e90-4288-803d-6a1aa9d80acd",
  "encounterTypeUUID" : "65750b7f-9992-4aa8-a60b-3a0561d3ed62",
  "allow" : true,
  "privilegeType" : "ViewVisit",
  "notEveryoneGroup" : false,
  "voided" : false
}, {
  "uuid" : "5f92f8e7-e6aa-4093-a267-eafb36369451",
  "groupUUID" : "defc28ee-e77d-43c0-8a9a-1dcb1f896f65",
  "privilegeUUID" : "85ce5ed4-1490-4980-8c64-63fb423b5f14",
  "subjectTypeUUID" : "ea7e5c94-5e90-4288-803d-6a1aa9d80acd",
  "encounterTypeUUID" : "65750b7f-9992-4aa8-a60b-3a0561d3ed62",
  "allow" : true,
  "privilegeType" : "EditVisit",
  "notEveryoneGroup" : false,
  "voided" : false
}, {
  "uuid" : "189c3b75-33d6-4e13-9d90-1e45fb6b15d8",
  "groupUUID" : "defc28ee-e77d-43c0-8a9a-1dcb1f896f65",
  "privilegeUUID" : "51fa8342-3228-4945-88eb-4b41970fa425",
  "subjectTypeUUID" : "ea7e5c94-5e90-4288-803d-6a1aa9d80acd",
  "encounterTypeUUID" : "65750b7f-9992-4aa8-a60b-3a0561d3ed62",
  "allow" : true,
  "privilegeType" : "CancelVisit",
  "notEveryoneGroup" : false,
  "voided" : false
}, {
  "uuid" : "e13e39e1-fb39-4036-8b76-ab9082cfda40",
  "groupUUID" : "defc28ee-e77d-43c0-8a9a-1dcb1f896f65",
  "privilegeUUID" : "7d725125-6b48-44d2-a53b-bf847ae8a3d0",
  "subjectTypeUUID" : "ea7e5c94-5e90-4288-803d-6a1aa9d80acd",
  "encounterTypeUUID" : "65750b7f-9992-4aa8-a60b-3a0561d3ed62",
  "allow" : true,
  "privilegeType" : "ApproveEncounter",
  "notEveryoneGroup" : false,
  "voided" : false
}, {
  "uuid" : "e93a7c44-d4fc-4cbd-abab-4ab4d66ae940",
  "groupUUID" : "defc28ee-e77d-43c0-8a9a-1dcb1f896f65",
  "privilegeUUID" : "867d5de9-0bf3-434c-9cb1-bd09a05250af",
  "subjectTypeUUID" : "ea7e5c94-5e90-4288-803d-6a1aa9d80acd",
  "encounterTypeUUID" : "65750b7f-9992-4aa8-a60b-3a0561d3ed62",
  "allow" : true,
  "privilegeType" : "ScheduleVisit",
  "notEveryoneGroup" : false,
  "voided" : false
}, {
  "uuid" : "1dc36a9d-bcf3-405b-bc83-eb34f9a24cfd",
  "groupUUID" : "defc28ee-e77d-43c0-8a9a-1dcb1f896f65",
  "privilegeUUID" : "e3352a23-f478-4166-af11-e949cc69e1cc",
  "subjectTypeUUID" : "ea7e5c94-5e90-4288-803d-6a1aa9d80acd",
  "encounterTypeUUID" : "65750b7f-9992-4aa8-a60b-3a0561d3ed62",
  "allow" : true,
  "privilegeType" : "PerformVisit",
  "notEveryoneGroup" : false,
  "voided" : false
}, {
  "uuid" : "8afe6b1a-ac35-4429-9646-eeb0dd8aecb5",
  "groupUUID" : "defc28ee-e77d-43c0-8a9a-1dcb1f896f65",
  "privilegeUUID" : "ca4428e7-dc4c-4dad-8190-451d8ccd7402",
  "subjectTypeUUID" : "ea7e5c94-5e90-4288-803d-6a1aa9d80acd",
  "encounterTypeUUID" : "65750b7f-9992-4aa8-a60b-3a0561d3ed62",
  "allow" : true,
  "privilegeType" : "RejectEncounter",
  "notEveryoneGroup" : false,
  "voided" : false
}, {
  "uuid" : "a79aa6aa-3012-4a97-81fd-8012e1947847",
  "groupUUID" : "defc28ee-e77d-43c0-8a9a-1dcb1f896f65",
  "privilegeUUID" : "305d8287-731b-4094-8139-71bc171b242e",
  "subjectTypeUUID" : "ea7e5c94-5e90-4288-803d-6a1aa9d80acd",
  "encounterTypeUUID" : "65750b7f-9992-4aa8-a60b-3a0561d3ed62",
  "allow" : true,
  "privilegeType" : "VoidVisit",
  "notEveryoneGroup" : false,
  "voided" : false
}, {
  "uuid" : "2e0a8354-e96d-4442-acd1-f3b84b2c80a7",
  "groupUUID" : "defc28ee-e77d-43c0-8a9a-1dcb1f896f65",
  "privilegeUUID" : "85ce5ed4-1490-4980-8c64-63fb423b5f14",
  "subjectTypeUUID" : "9f2af1f9-e150-4f8e-aad3-40bb7eb05aa3",
  "programUUID" : "352d906c-b386-496c-ba23-91b1468a5613",
  "programEncounterTypeUUID" : "02c72b2b-19f0-4f75-b734-dcad5601881b",
  "allow" : true,
  "privilegeType" : "EditVisit",
  "notEveryoneGroup" : false,
  "voided" : false
}, {
  "uuid" : "d61592c5-96e2-43c7-9fb3-f18859cfecf6",
  "groupUUID" : "defc28ee-e77d-43c0-8a9a-1dcb1f896f65",
  "privilegeUUID" : "867d5de9-0bf3-434c-9cb1-bd09a05250af",
  "subjectTypeUUID" : "9f2af1f9-e150-4f8e-aad3-40bb7eb05aa3",
  "programUUID" : "352d906c-b386-496c-ba23-91b1468a5613",
  "programEncounterTypeUUID" : "117f454b-1526-4b52-a611-c557268aa33e",
  "allow" : true,
  "privilegeType" : "ScheduleVisit",
  "notEveryoneGroup" : false,
  "voided" : false
}, {
  "uuid" : "0c4ad94e-7141-4186-9173-ec4524bc257f",
  "groupUUID" : "defc28ee-e77d-43c0-8a9a-1dcb1f896f65",
  "privilegeUUID" : "85ce5ed4-1490-4980-8c64-63fb423b5f14",
  "subjectTypeUUID" : "9f2af1f9-e150-4f8e-aad3-40bb7eb05aa3",
  "programUUID" : "352d906c-b386-496c-ba23-91b1468a5613",
  "programEncounterTypeUUID" : "117f454b-1526-4b52-a611-c557268aa33e",
  "allow" : true,
  "privilegeType" : "EditVisit",
  "notEveryoneGroup" : false,
  "voided" : false
}, {
  "uuid" : "7c47a856-f644-4384-871a-01ef3a89f6d7",
  "groupUUID" : "defc28ee-e77d-43c0-8a9a-1dcb1f896f65",
  "privilegeUUID" : "9f2a3495-93b7-47c3-8560-d572b6a9fc61",
  "subjectTypeUUID" : "9f2af1f9-e150-4f8e-aad3-40bb7eb05aa3",
  "programUUID" : "352d906c-b386-496c-ba23-91b1468a5613",
  "programEncounterTypeUUID" : "117f454b-1526-4b52-a611-c557268aa33e",
  "allow" : true,
  "privilegeType" : "ViewVisit",
  "notEveryoneGroup" : false,
  "voided" : false
}, {
  "uuid" : "4b1987c9-0801-4c91-9793-ab93518400b1",
  "groupUUID" : "defc28ee-e77d-43c0-8a9a-1dcb1f896f65",
  "privilegeUUID" : "e3352a23-f478-4166-af11-e949cc69e1cc",
  "subjectTypeUUID" : "9f2af1f9-e150-4f8e-aad3-40bb7eb05aa3",
  "programUUID" : "352d906c-b386-496c-ba23-91b1468a5613",
  "programEncounterTypeUUID" : "117f454b-1526-4b52-a611-c557268aa33e",
  "allow" : true,
  "privilegeType" : "PerformVisit",
  "notEveryoneGroup" : false,
  "voided" : false
}, {
  "uuid" : "f9088df9-da80-4dca-a01f-fa78cd9a2238",
  "groupUUID" : "defc28ee-e77d-43c0-8a9a-1dcb1f896f65",
  "privilegeUUID" : "51fa8342-3228-4945-88eb-4b41970fa425",
  "subjectTypeUUID" : "9f2af1f9-e150-4f8e-aad3-40bb7eb05aa3",
  "programUUID" : "352d906c-b386-496c-ba23-91b1468a5613",
  "programEncounterTypeUUID" : "117f454b-1526-4b52-a611-c557268aa33e",
  "allow" : true,
  "privilegeType" : "CancelVisit",
  "notEveryoneGroup" : false,
  "voided" : false
}, {
  "uuid" : "905b599b-d7e8-4750-bbc8-3ac0f2a9031f",
  "groupUUID" : "defc28ee-e77d-43c0-8a9a-1dcb1f896f65",
  "privilegeUUID" : "7d725125-6b48-44d2-a53b-bf847ae8a3d0",
  "subjectTypeUUID" : "9f2af1f9-e150-4f8e-aad3-40bb7eb05aa3",
  "programUUID" : "352d906c-b386-496c-ba23-91b1468a5613",
  "programEncounterTypeUUID" : "117f454b-1526-4b52-a611-c557268aa33e",
  "allow" : true,
  "privilegeType" : "ApproveEncounter",
  "notEveryoneGroup" : false,
  "voided" : false
}, {
  "uuid" : "1768b889-81c0-4d11-b84c-cd504b097ee8",
  "groupUUID" : "defc28ee-e77d-43c0-8a9a-1dcb1f896f65",
  "privilegeUUID" : "ca4428e7-dc4c-4dad-8190-451d8ccd7402",
  "subjectTypeUUID" : "9f2af1f9-e150-4f8e-aad3-40bb7eb05aa3",
  "programUUID" : "352d906c-b386-496c-ba23-91b1468a5613",
  "programEncounterTypeUUID" : "117f454b-1526-4b52-a611-c557268aa33e",
  "allow" : true,
  "privilegeType" : "RejectEncounter",
  "notEveryoneGroup" : false,
  "voided" : false
}, {
  "uuid" : "352468c3-211c-4771-a914-b1a9f8fa1a95",
  "groupUUID" : "defc28ee-e77d-43c0-8a9a-1dcb1f896f65",
  "privilegeUUID" : "305d8287-731b-4094-8139-71bc171b242e",
  "subjectTypeUUID" : "9f2af1f9-e150-4f8e-aad3-40bb7eb05aa3",
  "programUUID" : "352d906c-b386-496c-ba23-91b1468a5613",
  "programEncounterTypeUUID" : "117f454b-1526-4b52-a611-c557268aa33e",
  "allow" : true,
  "privilegeType" : "VoidVisit",
  "notEveryoneGroup" : false,
  "voided" : false
}, {
  "uuid" : "b59066ef-4e92-4073-8b99-8e871745d9ad",
  "groupUUID" : "defc28ee-e77d-43c0-8a9a-1dcb1f896f65",
  "privilegeUUID" : "9f2a3495-93b7-47c3-8560-d572b6a9fc61",
  "subjectTypeUUID" : "9f2af1f9-e150-4f8e-aad3-40bb7eb05aa3",
  "programUUID" : "352d906c-b386-496c-ba23-91b1468a5613",
  "programEncounterTypeUUID" : "02c72b2b-19f0-4f75-b734-dcad5601881b",
  "allow" : true,
  "privilegeType" : "ViewVisit",
  "notEveryoneGroup" : false,
  "voided" : false
}, {
  "uuid" : "499206ad-e320-44b7-a90f-d3b5a7647f33",
  "groupUUID" : "defc28ee-e77d-43c0-8a9a-1dcb1f896f65",
  "privilegeUUID" : "867d5de9-0bf3-434c-9cb1-bd09a05250af",
  "subjectTypeUUID" : "9f2af1f9-e150-4f8e-aad3-40bb7eb05aa3",
  "programUUID" : "352d906c-b386-496c-ba23-91b1468a5613",
  "programEncounterTypeUUID" : "02c72b2b-19f0-4f75-b734-dcad5601881b",
  "allow" : true,
  "privilegeType" : "ScheduleVisit",
  "notEveryoneGroup" : false,
  "voided" : false
}, {
  "uuid" : "b6db2b8e-f0ff-4793-b5ab-a99a2a374078",
  "groupUUID" : "defc28ee-e77d-43c0-8a9a-1dcb1f896f65",
  "privilegeUUID" : "e3352a23-f478-4166-af11-e949cc69e1cc",
  "subjectTypeUUID" : "9f2af1f9-e150-4f8e-aad3-40bb7eb05aa3",
  "programUUID" : "352d906c-b386-496c-ba23-91b1468a5613",
  "programEncounterTypeUUID" : "02c72b2b-19f0-4f75-b734-dcad5601881b",
  "allow" : true,
  "privilegeType" : "PerformVisit",
  "notEveryoneGroup" : false,
  "voided" : false
}, {
  "uuid" : "af26ed2a-c970-4f52-9c57-a9d8bc653de9",
  "groupUUID" : "defc28ee-e77d-43c0-8a9a-1dcb1f896f65",
  "privilegeUUID" : "51fa8342-3228-4945-88eb-4b41970fa425",
  "subjectTypeUUID" : "9f2af1f9-e150-4f8e-aad3-40bb7eb05aa3",
  "programUUID" : "352d906c-b386-496c-ba23-91b1468a5613",
  "programEncounterTypeUUID" : "02c72b2b-19f0-4f75-b734-dcad5601881b",
  "allow" : true,
  "privilegeType" : "CancelVisit",
  "notEveryoneGroup" : false,
  "voided" : false
}, {
  "uuid" : "bbfb6010-024f-4bf3-967b-67221f3afac5",
  "groupUUID" : "defc28ee-e77d-43c0-8a9a-1dcb1f896f65",
  "privilegeUUID" : "583188ff-cd10-4615-9e22-000ce0bc6d80",
  "subjectTypeUUID" : "9f2af1f9-e150-4f8e-aad3-40bb7eb05aa3",
  "programUUID" : "352d906c-b386-496c-ba23-91b1468a5613",
  "allow" : true,
  "privilegeType" : "ViewEnrolmentDetails",
  "notEveryoneGroup" : false,
  "voided" : false
}, {
  "uuid" : "82d94759-98f3-4aa3-b6d4-88cf316fa523",
  "groupUUID" : "defc28ee-e77d-43c0-8a9a-1dcb1f896f65",
  "privilegeUUID" : "bd419d1e-cfc6-4607-8cad-38871721115d",
  "subjectTypeUUID" : "9f2af1f9-e150-4f8e-aad3-40bb7eb05aa3",
  "programUUID" : "352d906c-b386-496c-ba23-91b1468a5613",
  "allow" : true,
  "privilegeType" : "ExitEnrolment",
  "notEveryoneGroup" : false,
  "voided" : false
}, {
  "uuid" : "3482dc71-b914-46d2-bdbf-ecc4600a7752",
  "groupUUID" : "defc28ee-e77d-43c0-8a9a-1dcb1f896f65",
  "privilegeUUID" : "020c5e18-01f0-469a-8a4a-e27cbc2a2292",
  "subjectTypeUUID" : "9f2af1f9-e150-4f8e-aad3-40bb7eb05aa3",
  "programUUID" : "352d906c-b386-496c-ba23-91b1468a5613",
  "allow" : true,
  "privilegeType" : "EnrolSubject",
  "notEveryoneGroup" : false,
  "voided" : false
}, {
  "uuid" : "448e1eb9-802a-401f-ba14-674515d2cc85",
  "groupUUID" : "defc28ee-e77d-43c0-8a9a-1dcb1f896f65",
  "privilegeUUID" : "a1dcc42f-eed4-4baf-807a-4f6e238f1cba",
  "subjectTypeUUID" : "9f2af1f9-e150-4f8e-aad3-40bb7eb05aa3",
  "programUUID" : "352d906c-b386-496c-ba23-91b1468a5613",
  "allow" : true,
  "privilegeType" : "EditEnrolmentDetails",
  "notEveryoneGroup" : false,
  "voided" : false
}, {
  "uuid" : "c5f7381d-32bb-45f9-91fc-f154b39a22fc",
  "groupUUID" : "defc28ee-e77d-43c0-8a9a-1dcb1f896f65",
  "privilegeUUID" : "31449500-4b8d-43db-855a-c9099600ee32",
  "subjectTypeUUID" : "9f2af1f9-e150-4f8e-aad3-40bb7eb05aa3",
  "programUUID" : "352d906c-b386-496c-ba23-91b1468a5613",
  "allow" : true,
  "privilegeType" : "ApproveEnrolment",
  "notEveryoneGroup" : false,
  "voided" : false
} ]