[ {
  "uuid" : "d623dcff-8621-481b-ac43-d1cd6f68f301",
  "id" : 64,
  "name" : "Phulwari",
  "description" : "",
  "sections" : [ {
    "uuid" : "7dbbd9f0-7246-444d-abaf-1766c5e388eb",
    "id" : 90,
    "name" : "",
    "description" : "",
    "viewType" : "Tile",
    "displayOrder" : 1.0,
    "dashboardUUID" : "d623dcff-8621-481b-ac43-d1cd6f68f301",
    "dashboardSectionCardMappings" : [ {
      "uuid" : "d25dfab1-d7f3-4e33-b895-afae40ba79ee",
      "displayOrder" : 1.0,
      "dashboardSectionUUID" : "7dbbd9f0-7246-444d-abaf-1766c5e388eb",
      "reportCardUUID" : "b07edba2-8f9d-4599-946d-ded76f40ab07",
      "voided" : false
    } ],
    "voided" : false
  } ],
  "filters" : [ ],
  "voided" : false
} ]