[ {
  "uuid" : "b07edba2-8f9d-4599-946d-ded76f40ab07",
  "id" : 250,
  "name" : "Registered but not enrolled",
  "query" : "'use strict';\n({params, imports}) => {\n    return params.db.objects('Individual')\n        .filter((individual) => individual.voided === false && individual.getEntityTypeName() === 'Individual' && individual.hasEnrolments === 0)\n};",
  "description" : "",
  "color" : "#27a4f9",
  "nested" : false,
  "count" : 1,
  "standardReportCardInputSubjectTypes" : [ ],
  "standardReportCardInputPrograms" : [ ],
  "standardReportCardInputEncounterTypes" : [ ],
  "voided" : false
} ]