[ {
  "name" : "Phulwari",
  "uuid" : "ea7e5c94-5e90-4288-803d-6a1aa9d80acd",
  "active" : true,
  "type" : "Group",
  "subjectSummaryRule" : "",
  "allowEmptyLocation" : false,
  "allowMiddleName" : false,
  "lastNameOptional" : false,
  "allowProfilePicture" : false,
  "uniqueName" : false,
  "shouldSyncByLocation" : true,
  "settings" : {
    "displayRegistrationDetails" : true,
    "displayPlannedEncounters" : true
  },
  "group" : true,
  "household" : false,
  "directlyAssignable" : false,
  "voided" : false
}, {
  "name" : "Individual",
  "uuid" : "9f2af1f9-e150-4f8e-aad3-40bb7eb05aa3",
  "active" : true,
  "type" : "Person",
  "allowEmptyLocation" : false,
  "allowMiddleName" : false,
  "lastNameOptional" : false,
  "allowProfilePicture" : false,
  "uniqueName" : false,
  "shouldSyncByLocation" : true,
  "settings" : {
    "displayRegistrationDetails" : true,
    "displayPlannedEncounters" : true
  },
  "group" : false,
  "household" : false,
  "directlyAssignable" : false,
  "voided" : false
} ]