{
  "name" : "Cards & Schemes -2 (voided~10694)",
  "uuid" : "a338ad4a-3d3d-493a-adc5-504345cddc0a",
  "formType" : "Encounter",
  "formElementGroups" : [ {
    "uuid" : "037cc306-eb44-4930-a4c1-19a182835be4",
    "name" : "Cards",
    "displayOrder" : 1.0,
    "formElements" : [ {
      "name" : "Card Status",
      "uuid" : "9c4d6aa2-08ef-4004-80cb-f895e8f21ccd",
      "keyValues" : [ ],
      "concept" : {
        "name" : "Card Status",
        "uuid" : "4fddd14d-250b-466b-88d0-0814cc722572",
        "dataType" : "QuestionGroup",
        "answers" : [ ],
        "active" : true
      },
      "displayOrder" : 2.0,
      "type" : "SingleSelect",
      "mandatory" : false
    }, {
      "name" : "ABY(Ayushman Bharat Yojna)",
      "uuid" : "dae4fb27-6144-49ba-856a-0ff08763c71f",
      "keyValues" : [ ],
      "concept" : {
        "name" : "ABY(Ayushman Bharat Yojna) Status",
        "uuid" : "a07a33d4-c26a-45a3-b48d-3d4aaf93842f",
        "dataType" : "Coded",
        "answers" : [ {
          "name" : "Applied by Saaras",
          "uuid" : "b864d88f-8f94-45b0-9e34-b45524495de0",
          "dataType" : "NA",
          "answers" : [ ],
          "order" : 3.0,
          "active" : true
        }, {
          "name" : "Received through Saaras",
          "uuid" : "3a6dbc57-80e8-404b-bc86-128ed9ebe2c2",
          "dataType" : "NA",
          "answers" : [ ],
          "order" : 4.0,
          "active" : true
        }, {
          "name" : "Rejected through Saaras",
          "uuid" : "dc471fd8-aca6-432d-b743-75353be3877c",
          "dataType" : "NA",
          "answers" : [ ],
          "order" : 5.0,
          "active" : true
        }, {
          "name" : "Not eligible",
          "uuid" : "5a507a80-5b22-49cd-be4a-bf644ffaf31b",
          "dataType" : "NA",
          "answers" : [ ],
          "order" : 0.0,
          "active" : true
        }, {
          "name" : "Already available",
          "uuid" : "4251c701-8d1c-4886-8727-3e72e797422c",
          "dataType" : "NA",
          "answers" : [ ],
          "order" : 1.0,
          "active" : true
        }, {
          "name" : "Not available",
          "uuid" : "18cde9e9-6436-4619-8728-71372ad41d37",
          "dataType" : "NA",
          "answers" : [ ],
          "order" : 2.0,
          "active" : true
        } ],
        "active" : true
      },
      "displayOrder" : 3.0,
      "type" : "SingleSelect",
      "parentFormElementUuid" : "9c4d6aa2-08ef-4004-80cb-f895e8f21ccd",
      "mandatory" : false
    }, {
      "name" : "E-shram Card",
      "uuid" : "9041d8bb-51a2-491d-b23c-17280b9926b3",
      "keyValues" : [ ],
      "concept" : {
        "name" : "E-shram card Status",
        "uuid" : "7fb68ae9-8562-417d-a190-823723df4a12",
        "dataType" : "Coded",
        "answers" : [ {
          "name" : "Rejected through Saaras",
          "uuid" : "dc471fd8-aca6-432d-b743-75353be3877c",
          "dataType" : "NA",
          "answers" : [ ],
          "order" : 5.0,
          "active" : true
        }, {
          "name" : "Not eligible",
          "uuid" : "5a507a80-5b22-49cd-be4a-bf644ffaf31b",
          "dataType" : "NA",
          "answers" : [ ],
          "order" : 0.0,
          "active" : true
        }, {
          "name" : "Not available",
          "uuid" : "18cde9e9-6436-4619-8728-71372ad41d37",
          "dataType" : "NA",
          "answers" : [ ],
          "order" : 2.0,
          "active" : true
        }, {
          "name" : "Received through Saaras",
          "uuid" : "3a6dbc57-80e8-404b-bc86-128ed9ebe2c2",
          "dataType" : "NA",
          "answers" : [ ],
          "order" : 4.0,
          "active" : true
        }, {
          "name" : "Already available",
          "uuid" : "4251c701-8d1c-4886-8727-3e72e797422c",
          "dataType" : "NA",
          "answers" : [ ],
          "order" : 1.0,
          "active" : true
        }, {
          "name" : "Applied by Saaras",
          "uuid" : "b864d88f-8f94-45b0-9e34-b45524495de0",
          "dataType" : "NA",
          "answers" : [ ],
          "order" : 3.0,
          "active" : true
        } ],
        "active" : true
      },
      "displayOrder" : 4.0,
      "type" : "SingleSelect",
      "parentFormElementUuid" : "9c4d6aa2-08ef-4004-80cb-f895e8f21ccd",
      "mandatory" : true
    }, {
      "name" : "Labour card",
      "uuid" : "dfedf40d-360c-4559-b904-b0686b0fb386",
      "keyValues" : [ ],
      "concept" : {
        "name" : "Labour card status",
        "uuid" : "d057a8bd-5e5f-4074-b914-69b2d613663c",
        "dataType" : "Coded",
        "answers" : [ {
          "name" : "Rejected through Saaras",
          "uuid" : "dc471fd8-aca6-432d-b743-75353be3877c",
          "dataType" : "NA",
          "answers" : [ ],
          "order" : 5.0,
          "active" : true
        }, {
          "name" : "Not available",
          "uuid" : "18cde9e9-6436-4619-8728-71372ad41d37",
          "dataType" : "NA",
          "answers" : [ ],
          "order" : 2.0,
          "active" : true
        }, {
          "name" : "Not eligible",
          "uuid" : "5a507a80-5b22-49cd-be4a-bf644ffaf31b",
          "dataType" : "NA",
          "answers" : [ ],
          "order" : 0.0,
          "active" : true
        }, {
          "name" : "Received through Saaras",
          "uuid" : "3a6dbc57-80e8-404b-bc86-128ed9ebe2c2",
          "dataType" : "NA",
          "answers" : [ ],
          "order" : 4.0,
          "active" : true
        }, {
          "name" : "Already available",
          "uuid" : "4251c701-8d1c-4886-8727-3e72e797422c",
          "dataType" : "NA",
          "answers" : [ ],
          "order" : 1.0,
          "active" : true
        }, {
          "name" : "Applied by Saaras",
          "uuid" : "b864d88f-8f94-45b0-9e34-b45524495de0",
          "dataType" : "NA",
          "answers" : [ ],
          "order" : 3.0,
          "active" : true
        } ],
        "active" : true
      },
      "displayOrder" : 5.0,
      "type" : "SingleSelect",
      "parentFormElementUuid" : "9c4d6aa2-08ef-4004-80cb-f895e8f21ccd",
      "mandatory" : true
    } ],
    "display" : "Cards",
    "timed" : false
  } ],
  "decisionRule" : "",
  "visitScheduleRule" : "",
  "validationRule" : "",
  "checklistsRule" : "",
  "decisionConcepts" : [ ],
  "voided" : true
}