{
  "name" : "Cards & Schemes Encounter (voided~10616)",
  "uuid" : "b7f4ad0b-31cf-4a53-b233-fddf69c2a5eb",
  "formType" : "Encounter",
  "formElementGroups" : [ {
    "uuid" : "63b03901-e356-4ab9-9bd0-66678f5dd577",
    "name" : "Cards",
    "displayOrder" : 1.0,
    "formElements" : [ {
      "name" : "E-Shram card",
      "uuid" : "1bed200d-515f-49b2-9d1d-b95b991bf8e0",
      "keyValues" : [ ],
      "concept" : {
        "name" : "E-Shram",
        "uuid" : "a2d99824-5f29-42fb-a821-35df6f10255b",
        "dataType" : "Coded",
        "answers" : [ {
          "name" : "Benefit received with the help of Saaras",
          "uuid" : "a69d6a60-ef6a-4541-81a9-984d51e46922",
          "dataType" : "NA",
          "answers" : [ ],
          "order" : 3.0,
          "active" : true
        }, {
          "name" : "No",
          "uuid" : "10d045f7-d260-4fe4-9941-d2d795d468a5",
          "dataType" : "NA",
          "answers" : [ ],
          "order" : 1.0,
          "active" : true
        }, {
          "name" : "Yes",
          "uuid" : "2f93db8a-0e68-4f70-8921-b7028689839f",
          "dataType" : "NA",
          "answers" : [ ],
          "order" : 0.0,
          "active" : true
        } ],
        "active" : true
      },
      "displayOrder" : 1.0,
      "type" : "SingleSelect",
      "mandatory" : true
    }, {
      "name" : "Ayushman card",
      "uuid" : "bc76cc84-0eaf-4d9e-85e4-b9a417c270b3",
      "keyValues" : [ ],
      "concept" : {
        "name" : "Ayushman card",
        "uuid" : "8a7a44fc-6f5c-45a4-9520-44acd6ca5ae6",
        "dataType" : "Coded",
        "answers" : [ {
          "name" : "Yes",
          "uuid" : "2f93db8a-0e68-4f70-8921-b7028689839f",
          "dataType" : "NA",
          "answers" : [ ],
          "order" : 0.0,
          "active" : true
        }, {
          "name" : "Benefit received with the help of Saaras",
          "uuid" : "a69d6a60-ef6a-4541-81a9-984d51e46922",
          "dataType" : "NA",
          "answers" : [ ],
          "order" : 2.0,
          "active" : true
        }, {
          "name" : "No",
          "uuid" : "10d045f7-d260-4fe4-9941-d2d795d468a5",
          "dataType" : "NA",
          "answers" : [ ],
          "order" : 1.0,
          "active" : true
        } ],
        "active" : true
      },
      "displayOrder" : 2.0,
      "type" : "SingleSelect",
      "mandatory" : true
    }, {
      "name" : "Labour card",
      "uuid" : "985ea3ac-05fd-4918-9594-0110e3307763",
      "keyValues" : [ ],
      "concept" : {
        "name" : "Labour card",
        "uuid" : "00f5cefd-914e-40b3-b46a-04361d2e3820",
        "dataType" : "Coded",
        "answers" : [ {
          "name" : "Yes",
          "uuid" : "2f93db8a-0e68-4f70-8921-b7028689839f",
          "dataType" : "NA",
          "answers" : [ ],
          "order" : 0.0,
          "active" : true
        }, {
          "name" : "No",
          "uuid" : "10d045f7-d260-4fe4-9941-d2d795d468a5",
          "dataType" : "NA",
          "answers" : [ ],
          "order" : 1.0,
          "active" : true
        }, {
          "name" : "Benefit received with the help of Saaras",
          "uuid" : "a69d6a60-ef6a-4541-81a9-984d51e46922",
          "dataType" : "NA",
          "answers" : [ ],
          "order" : 2.0,
          "active" : true
        } ],
        "active" : true
      },
      "displayOrder" : 3.0,
      "type" : "SingleSelect",
      "mandatory" : true
    } ],
    "display" : "Cards",
    "timed" : false
  }, {
    "uuid" : "7f9319e0-3445-4af6-8195-7936272ac7e4",
    "name" : "Schemes",
    "displayOrder" : 2.0,
    "formElements" : [ {
      "name" : "Jan dhan account",
      "uuid" : "ca5adacd-3189-48ae-8cc3-d94763729329",
      "keyValues" : [ ],
      "concept" : {
        "name" : "Jan dhan account",
        "uuid" : "2cd9f8df-7acd-4743-8b8d-9a61a6261ec9",
        "dataType" : "Coded",
        "answers" : [ {
          "name" : "Yes",
          "uuid" : "2f93db8a-0e68-4f70-8921-b7028689839f",
          "dataType" : "NA",
          "answers" : [ ],
          "order" : 0.0,
          "active" : true
        }, {
          "name" : "Benefit received with the help of Saaras",
          "uuid" : "a69d6a60-ef6a-4541-81a9-984d51e46922",
          "dataType" : "NA",
          "answers" : [ ],
          "order" : 2.0,
          "active" : true
        }, {
          "name" : "No",
          "uuid" : "10d045f7-d260-4fe4-9941-d2d795d468a5",
          "dataType" : "NA",
          "answers" : [ ],
          "order" : 1.0,
          "active" : true
        } ],
        "active" : true
      },
      "displayOrder" : 1.0,
      "type" : "SingleSelect",
      "mandatory" : true
    } ],
    "display" : "Schemes",
    "timed" : false
  } ],
  "decisionRule" : "",
  "visitScheduleRule" : "",
  "validationRule" : "",
  "checklistsRule" : "",
  "decisionConcepts" : [ ],
  "voided" : true
}