{
  "name" : "Household Registration",
  "uuid" : "2ee0b0c9-7c28-48e0-9dcf-522d3d6146b5",
  "formType" : "IndividualProfile",
  "formElementGroups" : [ {
    "uuid" : "26a7fdac-a2dd-41b8-a975-6d1dd825e770",
    "name" : "Family Details",
    "displayOrder" : 1.0,
    "formElements" : [ {
      "name" : "Respondent Category",
      "uuid" : "84157afa-36e4-4070-b9ac-f9e7b74e5e39",
      "keyValues" : [ ],
      "concept" : {
        "name" : "Respondent Category",
        "uuid" : "249bdac3-ba49-43e3-ac5c-f5636da3abd4",
        "dataType" : "Coded",
        "answers" : [ {
          "name" : "Migrant",
          "uuid" : "50fb996c-a091-440d-8422-b20c3345dd34",
          "dataType" : "NA",
          "answers" : [ ],
          "order" : 1.0,
          "active" : true
        }, {
          "name" : "Local",
          "uuid" : "78d5dcfd-8d55-4b1e-9d3a-74b710fdc3e1",
          "dataType" : "NA",
          "answers" : [ ],
          "order" : 0.0,
          "active" : true
        } ],
        "active" : true
      },
      "displayOrder" : 1.0,
      "type" : "SingleSelect",
      "mandatory" : true
    }, {
      "name" : "Mobile No",
      "uuid" : "56383f7c-f552-4869-a5ac-c517a0da3af8",
      "keyValues" : [ ],
      "concept" : {
        "name" : "Mobile No",
        "uuid" : "0faf654f-e18a-4743-b5f3-64ebf6cbf290",
        "dataType" : "Text",
        "answers" : [ ],
        "active" : true
      },
      "displayOrder" : 2.0,
      "type" : "SingleSelect",
      "validFormat" : {
        "regex" : "^\\d{10}$",
        "descriptionKey" : "10Digits"
      },
      "mandatory" : true
    }, {
      "name" : "Religion",
      "uuid" : "a2447809-7bb6-4d4c-9f7b-ce747db9de60",
      "keyValues" : [ ],
      "concept" : {
        "name" : "Religion",
        "uuid" : "639fa4c5-bee8-4eb9-9b5e-c11f5047b937",
        "dataType" : "Coded",
        "answers" : [ {
          "name" : "Other",
          "uuid" : "6ad00a35-709f-4f4a-b860-29d503589897",
          "dataType" : "NA",
          "answers" : [ ],
          "order" : 6.0,
          "active" : true
        }, {
          "name" : "Muslim",
          "uuid" : "cd280983-3045-49f8-8770-d8767c55ae1d",
          "dataType" : "NA",
          "answers" : [ ],
          "order" : 1.0,
          "active" : true
        }, {
          "name" : "Baudh",
          "uuid" : "5477c18b-7190-4068-ae8f-59f5560071b7",
          "dataType" : "NA",
          "answers" : [ ],
          "order" : 5.0,
          "active" : true
        }, {
          "name" : "Christian",
          "uuid" : "f78bf690-28b6-4ed1-8bbf-1c1be9ee74ae",
          "dataType" : "NA",
          "answers" : [ ],
          "order" : 2.0,
          "active" : true
        }, {
          "name" : "Hindu",
          "uuid" : "b098cebe-2c4c-4ba1-b05f-b986f0260992",
          "dataType" : "NA",
          "answers" : [ ],
          "order" : 0.0,
          "active" : true
        }, {
          "name" : "Jain",
          "uuid" : "d55c2d0c-584d-41b1-a231-f23cb47d4f95",
          "dataType" : "NA",
          "answers" : [ ],
          "order" : 4.0,
          "active" : true
        }, {
          "name" : "Sikh",
          "uuid" : "7fbda44b-b856-4891-8cda-da0fa1b316e0",
          "dataType" : "NA",
          "answers" : [ ],
          "order" : 3.0,
          "active" : true
        } ],
        "active" : true
      },
      "displayOrder" : 3.0,
      "type" : "SingleSelect",
      "mandatory" : true
    }, {
      "name" : "Social class",
      "uuid" : "ee8e47e5-7fe2-4874-8a74-40c36d8e3994",
      "keyValues" : [ ],
      "concept" : {
        "name" : "Social class",
        "uuid" : "e5a0371b-426b-43f7-814d-1fc1fdd17667",
        "dataType" : "Coded",
        "answers" : [ {
          "name" : "General",
          "uuid" : "5ae3d8a6-6952-4137-9052-0e0da65a9b47",
          "dataType" : "NA",
          "answers" : [ ],
          "order" : 0.0,
          "active" : true
        }, {
          "name" : "Backward caste",
          "uuid" : "488d15f4-052f-4a21-a179-45f4e4a4b8bb",
          "dataType" : "NA",
          "answers" : [ ],
          "order" : 1.0,
          "active" : true
        }, {
          "name" : "Scheduled caste",
          "uuid" : "dd5e6a47-42da-4148-932d-fe51afcb598a",
          "dataType" : "NA",
          "answers" : [ ],
          "order" : 2.0,
          "active" : true
        }, {
          "name" : "Scheduled Tribe",
          "uuid" : "3127aac6-8e50-4101-8aba-fdee579efb69",
          "dataType" : "NA",
          "answers" : [ ],
          "order" : 3.0,
          "active" : true
        } ],
        "active" : true
      },
      "displayOrder" : 4.0,
      "type" : "SingleSelect",
      "mandatory" : true
    }, {
      "name" : "Monthly income",
      "uuid" : "437baf4e-41b6-4fd0-96df-faa8e4749563",
      "keyValues" : [ ],
      "concept" : {
        "name" : "Monthly income",
        "uuid" : "43190074-44ad-41cd-89a2-55a6e33c5baa",
        "dataType" : "Coded",
        "answers" : [ {
          "name" : "Above 15000",
          "uuid" : "26274583-22fc-4ea6-a3f5-9df1762494a4",
          "dataType" : "NA",
          "answers" : [ ],
          "order" : 4.0,
          "active" : true
        }, {
          "name" : "0 - 5000",
          "uuid" : "91f6a6c8-8b8e-4014-b015-103af1a4ec92",
          "dataType" : "NA",
          "answers" : [ ],
          "order" : 1.0,
          "active" : true
        }, {
          "name" : "5000 - 10000",
          "uuid" : "54d5eb61-cf22-463c-bc87-8ebd69f904dd",
          "dataType" : "NA",
          "answers" : [ ],
          "order" : 2.0,
          "active" : true
        }, {
          "name" : "10000 - 15000",
          "uuid" : "0e0bd38f-b986-44a6-b0d0-280df50afb47",
          "dataType" : "NA",
          "answers" : [ ],
          "order" : 3.0,
          "active" : true
        } ],
        "active" : true,
        "keyValues" : [ {
          "key" : "dffds",
          "value" : "xffgdf"
        } ]
      },
      "displayOrder" : 5.0,
      "type" : "SingleSelect",
      "mandatory" : true
    } ],
    "display" : "Family Details",
    "timed" : false
  }, {
    "uuid" : "8d8ae3df-543f-4ff1-8222-c899a6c849c8",
    "name" : "Family Member Details",
    "displayOrder" : 2.0,
    "formElements" : [ {
      "name" : "How many children do you have in the family?",
      "uuid" : "eb5141e6-56e5-444d-b1ab-8f41487bd432",
      "keyValues" : [ ],
      "concept" : {
        "name" : "How many children do you have in the family?",
        "uuid" : "3b9af80d-c5b1-47d1-aa86-54e4afa7255f",
        "dataType" : "Numeric",
        "answers" : [ ],
        "lowAbsolute" : 0.0,
        "active" : true
      },
      "displayOrder" : 1.0,
      "type" : "SingleSelect",
      "mandatory" : true
    }, {
      "name" : "Children remarks",
      "uuid" : "1692ff81-ab9e-40f9-a871-caca390687ca",
      "keyValues" : [ ],
      "concept" : {
        "name" : "Children Remarks",
        "uuid" : "83d01345-cba1-4723-8be8-ab109aba9e4b",
        "dataType" : "Text",
        "answers" : [ ],
        "active" : true,
        "keyValues" : [ ]
      },
      "displayOrder" : 2.0,
      "type" : "SingleSelect",
      "mandatory" : false
    }, {
      "name" : "How many young men are there?",
      "uuid" : "0c4db9cb-9775-494c-9bee-210a641a264e",
      "keyValues" : [ ],
      "concept" : {
        "name" : "How many young men are there?",
        "uuid" : "5d2980c9-db6b-42ae-b5e2-3e58d450f8ba",
        "dataType" : "Numeric",
        "answers" : [ ],
        "lowAbsolute" : 0.0,
        "active" : true
      },
      "displayOrder" : 3.0,
      "type" : "SingleSelect",
      "mandatory" : true
    }, {
      "name" : "Young men remarks",
      "uuid" : "a7fa093d-f9db-4db0-abd1-636464abad7a",
      "keyValues" : [ ],
      "concept" : {
        "name" : "Young Men Remarks",
        "uuid" : "dfbb68d6-2f67-46db-bc39-812f57232804",
        "dataType" : "Text",
        "answers" : [ ],
        "active" : true
      },
      "displayOrder" : 4.0,
      "type" : "SingleSelect",
      "mandatory" : false
    }, {
      "name" : "How many young women are there?",
      "uuid" : "e4cfddef-534c-41c7-9a0e-f60a97dc82bd",
      "keyValues" : [ ],
      "concept" : {
        "name" : "How many young women are there?",
        "uuid" : "0a261a54-9cce-46e6-bccd-24b842b557b6",
        "dataType" : "Numeric",
        "answers" : [ ],
        "lowAbsolute" : 0.0,
        "active" : true
      },
      "displayOrder" : 5.0,
      "type" : "SingleSelect",
      "mandatory" : true
    }, {
      "name" : "Young women remarks",
      "uuid" : "f1598e00-c9dc-4f3c-8567-df3e34ad42cd",
      "keyValues" : [ ],
      "concept" : {
        "name" : "Young Women Remarks",
        "uuid" : "23906a4f-cb9c-4104-8814-51ee7e42d602",
        "dataType" : "Text",
        "answers" : [ ],
        "active" : true
      },
      "displayOrder" : 6.0,
      "type" : "SingleSelect",
      "mandatory" : false
    }, {
      "name" : "How many senior citizens are there?",
      "uuid" : "ae51a584-f2db-452d-ba0e-47048fe668ad",
      "keyValues" : [ ],
      "concept" : {
        "name" : "How many senior citizens are there?",
        "uuid" : "56fc47df-a4b6-481f-b6fe-2d6df33d0c54",
        "dataType" : "Numeric",
        "answers" : [ ],
        "lowAbsolute" : 0.0,
        "active" : true
      },
      "displayOrder" : 7.0,
      "type" : "SingleSelect",
      "mandatory" : true
    }, {
      "name" : "Senior citizens remarks",
      "uuid" : "11259b50-cf9c-4b1f-a788-60830765e5b2",
      "keyValues" : [ ],
      "concept" : {
        "name" : "Senior citizens remarks",
        "uuid" : "944bafb9-0fee-42bb-817a-3357cabfec8b",
        "dataType" : "Text",
        "answers" : [ ],
        "active" : true
      },
      "displayOrder" : 8.0,
      "type" : "SingleSelect",
      "mandatory" : false
    }, {
      "name" : "How many transgenders are there?",
      "uuid" : "077e961e-6cd8-4517-94b8-eb48c964c100",
      "keyValues" : [ ],
      "concept" : {
        "name" : "How many transgenders are there?",
        "uuid" : "04f48018-eb3c-4bc0-912b-e8d05e785f31",
        "dataType" : "Numeric",
        "answers" : [ ],
        "lowAbsolute" : 0.0,
        "active" : true
      },
      "displayOrder" : 9.0,
      "type" : "SingleSelect",
      "mandatory" : true
    }, {
      "name" : "Transgenders remarks",
      "uuid" : "afb10d6a-1da2-47ae-a633-e7c54ff3ab2e",
      "keyValues" : [ ],
      "concept" : {
        "name" : "Transgenders remarks",
        "uuid" : "23bd0954-e5ce-42f2-8f8a-5c541edb6e1b",
        "dataType" : "Text",
        "answers" : [ ],
        "active" : true
      },
      "displayOrder" : 10.0,
      "type" : "SingleSelect",
      "mandatory" : false
    } ],
    "display" : "Family Member Details",
    "timed" : false
  }, {
    "uuid" : "f413beb6-5f0a-4aa8-b95a-836102db284f",
    "name" : "Other Details",
    "displayOrder" : 3.0,
    "formElements" : [ {
      "name" : "Does household have a ration card?",
      "uuid" : "968eee1f-77a7-422c-a493-2a7443b701d5",
      "keyValues" : [ ],
      "concept" : {
        "name" : "Does household have a ration card?",
        "uuid" : "4ba19eae-dc35-4888-b2d1-4f859b265951",
        "dataType" : "Coded",
        "answers" : [ {
          "name" : "No",
          "uuid" : "10d045f7-d260-4fe4-9941-d2d795d468a5",
          "dataType" : "NA",
          "answers" : [ ],
          "order" : 1.0,
          "active" : true
        }, {
          "name" : "Yes",
          "uuid" : "2f93db8a-0e68-4f70-8921-b7028689839f",
          "dataType" : "NA",
          "answers" : [ ],
          "order" : 0.0,
          "active" : true
        } ],
        "active" : true
      },
      "displayOrder" : 1.0,
      "type" : "SingleSelect",
      "mandatory" : true
    }, {
      "name" : "Does household get ration?",
      "uuid" : "b33365c7-9919-40b8-ab15-2a90033baab7",
      "keyValues" : [ ],
      "concept" : {
        "name" : "Does household get ration?",
        "uuid" : "1f6cdc32-e76c-46c0-9b95-07b51ee485e3",
        "dataType" : "Coded",
        "answers" : [ {
          "name" : "Yes",
          "uuid" : "2f93db8a-0e68-4f70-8921-b7028689839f",
          "dataType" : "NA",
          "answers" : [ ],
          "order" : 0.0,
          "active" : true
        }, {
          "name" : "No",
          "uuid" : "10d045f7-d260-4fe4-9941-d2d795d468a5",
          "dataType" : "NA",
          "answers" : [ ],
          "order" : 1.0,
          "active" : true
        } ],
        "active" : true
      },
      "displayOrder" : 2.0,
      "type" : "SingleSelect",
      "rule" : "'use strict';\n({params, imports}) => {\n  const individual = params.entity;\n  const moment = imports.moment;\n  const formElement = params.formElement;\n  const _ = imports.lodash;\n  let visibility = true;\n  let value = null;\n  let answersToSkip = [];\n  let validationErrors = [];\n  \n  const condition11 = new imports.rulesConfig.RuleCondition({individual, formElement}).when.valueInRegistration(\"4ba19eae-dc35-4888-b2d1-4f859b265951\").containsAnswerConceptName(\"2f93db8a-0e68-4f70-8921-b7028689839f\").matches();\n  \n  visibility = condition11 ;\n  \n  return new imports.rulesConfig.FormElementStatus(formElement.uuid, visibility, value, answersToSkip, validationErrors);\n};",
      "declarativeRule" : [ {
        "actions" : [ {
          "actionType" : "showFormElement"
        }, { } ],
        "conditions" : [ {
          "compoundRule" : {
            "rules" : [ {
              "lhs" : {
                "type" : "concept",
                "scope" : "registration",
                "conceptName" : "Does household have a ration card?",
                "conceptUuid" : "4ba19eae-dc35-4888-b2d1-4f859b265951",
                "conceptDataType" : "Coded"
              },
              "rhs" : {
                "type" : "answerConcept",
                "answerConceptNames" : [ "Yes" ],
                "answerConceptUuids" : [ "2f93db8a-0e68-4f70-8921-b7028689839f" ]
              },
              "operator" : "containsAnswerConceptName"
            } ],
            "conjunction" : "and"
          }
        } ]
      } ],
      "mandatory" : true
    }, {
      "name" : "How much ration is given?",
      "uuid" : "5b098f8c-c70f-48ce-be50-0652e96916fe",
      "keyValues" : [ ],
      "concept" : {
        "name" : "How much ration is given?",
        "uuid" : "62355214-3013-40f3-a1b8-74f7ec8acf85",
        "dataType" : "Coded",
        "answers" : [ {
          "name" : "Less",
          "uuid" : "10201f44-f0ff-4342-a318-577f70cc9acc",
          "dataType" : "NA",
          "answers" : [ ],
          "order" : 1.0,
          "abnormal" : true,
          "active" : true
        }, {
          "name" : "Full",
          "uuid" : "ef0a5ff9-bce8-4722-b34b-244c576f3bd7",
          "dataType" : "NA",
          "answers" : [ ],
          "order" : 0.0,
          "active" : true
        } ],
        "active" : true
      },
      "displayOrder" : 3.0,
      "type" : "SingleSelect",
      "rule" : "'use strict';\n({params, imports}) => {\n  const individual = params.entity;\n  const moment = imports.moment;\n  const formElement = params.formElement;\n  const _ = imports.lodash;\n  let visibility = true;\n  let value = null;\n  let answersToSkip = [];\n  let validationErrors = [];\n  \n  const condition11 = new imports.rulesConfig.RuleCondition({individual, formElement}).when.valueInRegistration(\"1f6cdc32-e76c-46c0-9b95-07b51ee485e3\").containsAnswerConceptName(\"2f93db8a-0e68-4f70-8921-b7028689839f\").matches();\n  \n  visibility = condition11 ;\n  \n  return new imports.rulesConfig.FormElementStatus(formElement.uuid, visibility, value, answersToSkip, validationErrors);\n};",
      "declarativeRule" : [ {
        "actions" : [ {
          "actionType" : "showFormElement"
        }, { } ],
        "conditions" : [ {
          "compoundRule" : {
            "rules" : [ {
              "lhs" : {
                "type" : "concept",
                "scope" : "registration",
                "conceptName" : "Does household get ration?",
                "conceptUuid" : "1f6cdc32-e76c-46c0-9b95-07b51ee485e3",
                "conceptDataType" : "Coded"
              },
              "rhs" : {
                "type" : "answerConcept",
                "answerConceptNames" : [ "Yes" ],
                "answerConceptUuids" : [ "2f93db8a-0e68-4f70-8921-b7028689839f" ]
              },
              "operator" : "containsAnswerConceptName"
            } ],
            "conjunction" : "and"
          }
        } ]
      } ],
      "mandatory" : true
    }, {
      "name" : "Whether all the members are getting ration?",
      "uuid" : "93a7047f-730e-4417-9f0e-3dd010eb666b",
      "keyValues" : [ ],
      "concept" : {
        "name" : "Whether all the members are getting ration?",
        "uuid" : "8e4b9782-02be-4762-a02d-60ff2600ef67",
        "dataType" : "Coded",
        "answers" : [ {
          "name" : "No",
          "uuid" : "10d045f7-d260-4fe4-9941-d2d795d468a5",
          "dataType" : "NA",
          "answers" : [ ],
          "order" : 1.0,
          "active" : true
        }, {
          "name" : "Yes",
          "uuid" : "2f93db8a-0e68-4f70-8921-b7028689839f",
          "dataType" : "NA",
          "answers" : [ ],
          "order" : 0.0,
          "active" : true
        } ],
        "active" : true
      },
      "displayOrder" : 4.0,
      "type" : "SingleSelect",
      "rule" : "'use strict';\n({params, imports}) => {\n  const individual = params.entity;\n  const moment = imports.moment;\n  const formElement = params.formElement;\n  const _ = imports.lodash;\n  let visibility = true;\n  let value = null;\n  let answersToSkip = [];\n  let validationErrors = [];\n  \n  const condition11 = new imports.rulesConfig.RuleCondition({individual, formElement}).when.valueInRegistration(\"1f6cdc32-e76c-46c0-9b95-07b51ee485e3\").containsAnswerConceptName(\"2f93db8a-0e68-4f70-8921-b7028689839f\").matches();\n  \n  visibility = condition11 ;\n  \n  return new imports.rulesConfig.FormElementStatus(formElement.uuid, visibility, value, answersToSkip, validationErrors);\n};",
      "declarativeRule" : [ {
        "actions" : [ {
          "actionType" : "showFormElement"
        }, { } ],
        "conditions" : [ {
          "compoundRule" : {
            "rules" : [ {
              "lhs" : {
                "type" : "concept",
                "scope" : "registration",
                "conceptName" : "Does household get ration?",
                "conceptUuid" : "1f6cdc32-e76c-46c0-9b95-07b51ee485e3",
                "conceptDataType" : "Coded"
              },
              "rhs" : {
                "type" : "answerConcept",
                "answerConceptNames" : [ "Yes" ],
                "answerConceptUuids" : [ "2f93db8a-0e68-4f70-8921-b7028689839f" ]
              },
              "operator" : "containsAnswerConceptName"
            } ],
            "conjunction" : "and"
          }
        } ]
      } ],
      "mandatory" : true
    }, {
      "name" : "If yes, how much ration is given?",
      "uuid" : "3e0d87d8-7548-4d88-a69b-a32018466f67",
      "keyValues" : [ ],
      "concept" : {
        "name" : "If yes, how much ration is given?",
        "uuid" : "ac8a745a-50e0-4559-af07-5365d6ad6846",
        "dataType" : "Coded",
        "answers" : [ {
          "name" : "Full",
          "uuid" : "ef0a5ff9-bce8-4722-b34b-244c576f3bd7",
          "dataType" : "NA",
          "answers" : [ ],
          "order" : 0.0,
          "active" : true
        }, {
          "name" : "Less",
          "uuid" : "10201f44-f0ff-4342-a318-577f70cc9acc",
          "dataType" : "NA",
          "answers" : [ ],
          "order" : 1.0,
          "active" : true
        } ],
        "active" : true
      },
      "displayOrder" : 5.0,
      "type" : "SingleSelect",
      "voided" : true,
      "mandatory" : true
    }, {
      "name" : "Disability",
      "uuid" : "a4a7c443-e976-4a3c-af6e-dbfce2fcf0d1",
      "keyValues" : [ ],
      "concept" : {
        "name" : "Disability",
        "uuid" : "e45b6722-0165-4a40-ab5b-ec958cb14a0d",
        "dataType" : "Coded",
        "answers" : [ {
          "name" : "No",
          "uuid" : "10d045f7-d260-4fe4-9941-d2d795d468a5",
          "dataType" : "NA",
          "answers" : [ ],
          "order" : 1.0,
          "active" : true
        }, {
          "name" : "Yes",
          "uuid" : "2f93db8a-0e68-4f70-8921-b7028689839f",
          "dataType" : "NA",
          "answers" : [ ],
          "order" : 0.0,
          "abnormal" : true,
          "active" : true
        } ],
        "active" : true
      },
      "displayOrder" : 6.0,
      "type" : "SingleSelect",
      "mandatory" : true
    } ],
    "display" : "Other Details",
    "timed" : false
  } ],
  "decisionRule" : "\"use strict\";\n({params, imports}) => {\n    const subject = params.entity;\n    const moment = imports.moment;\n    const _ = imports.lodash;\n    \n    const user = subject.filledBy || params.user.name;\n        \n    const decisions = params.decisions;\n    const enrolmentDecisions = [];\n    const encounterDecisions = [];\n    const registrationDecisions = [];\n\n    registrationDecisions.push({name: \"Created by\", value: user}); \n\n    decisions.enrolmentDecisions.push(...enrolmentDecisions);\n    decisions.encounterDecisions.push(...encounterDecisions);\n    decisions.registrationDecisions.push(...registrationDecisions);\n    return decisions;\n};",
  "visitScheduleRule" : "",
  "validationRule" : "",
  "checklistsRule" : "",
  "decisionConcepts" : [ {
    "name" : "Created by",
    "uuid" : "61037977-1d80-42ca-a521-bd33a4e94785",
    "dataType" : "Text",
    "answers" : [ ],
    "active" : true,
    "keyValues" : [ ]
  } ]
}