{
  "name" : "ICDS Encounter",
  "uuid" : "7c986ee3-0d71-491e-b68a-fb3fbe22a5aa",
  "formType" : "Encounter",
  "formElementGroups" : [ {
    "uuid" : "c36999d5-fbba-43bb-bde6-73ac6608bd11",
    "name" : "ICDS",
    "displayOrder" : 1.0,
    "formElements" : [ {
      "name" : "Does Anganwadi provide nutritional materials?",
      "uuid" : "deedd780-9c35-4708-a1f9-db7832b73430",
      "keyValues" : [ ],
      "concept" : {
        "name" : "Does Anganwadi provide nutritional materials?",
        "uuid" : "807931c2-979f-42a7-8c09-6a7a133287ac",
        "dataType" : "Coded",
        "answers" : [ {
          "name" : "No",
          "uuid" : "10d045f7-d260-4fe4-9941-d2d795d468a5",
          "dataType" : "NA",
          "answers" : [ ],
          "order" : 1.0,
          "active" : true
        }, {
          "name" : "Benefit received with the help of Saaras",
          "uuid" : "a69d6a60-ef6a-4541-81a9-984d51e46922",
          "dataType" : "NA",
          "answers" : [ ],
          "order" : 2.0,
          "active" : true
        }, {
          "name" : "Yes",
          "uuid" : "2f93db8a-0e68-4f70-8921-b7028689839f",
          "dataType" : "NA",
          "answers" : [ ],
          "order" : 0.0,
          "active" : true
        } ],
        "active" : true
      },
      "displayOrder" : 1.0,
      "type" : "SingleSelect",
      "mandatory" : true
    }, {
      "name" : "Are nutritional items received?",
      "uuid" : "5550034d-c9ad-4368-9c18-c5db1ef0b97e",
      "keyValues" : [ ],
      "concept" : {
        "name" : "If yes, then the nutritional items is received?",
        "uuid" : "9fc0261e-d7f5-4abe-9978-5b74d4f3f5b7",
        "dataType" : "Coded",
        "answers" : [ {
          "name" : "Benefits received with the help of Saaras",
          "uuid" : "e04da5e3-2352-4a4d-a7ca-0a9c6e6ca46c",
          "dataType" : "NA",
          "answers" : [ ],
          "order" : 2.0,
          "active" : true
        }, {
          "name" : "Yes",
          "uuid" : "2f93db8a-0e68-4f70-8921-b7028689839f",
          "dataType" : "NA",
          "answers" : [ ],
          "order" : 0.0,
          "active" : true
        }, {
          "name" : "No",
          "uuid" : "10d045f7-d260-4fe4-9941-d2d795d468a5",
          "dataType" : "NA",
          "answers" : [ ],
          "order" : 1.0,
          "active" : true
        } ],
        "active" : true
      },
      "displayOrder" : 2.0,
      "type" : "SingleSelect",
      "rule" : "'use strict';\n({params, imports}) => {\n  const encounter = params.entity;\n  const moment = imports.moment;\n  const formElement = params.formElement;\n  const _ = imports.lodash;\n  let visibility = true;\n  let value = null;\n  let answersToSkip = [];\n  let validationErrors = [];\n  \n  const condition11 = new imports.rulesConfig.RuleCondition({encounter, formElement}).when.valueInEncounter(\"807931c2-979f-42a7-8c09-6a7a133287ac\").containsAnswerConceptName(\"2f93db8a-0e68-4f70-8921-b7028689839f\").matches();\n  \n  visibility = condition11 ;\n  \n  return new imports.rulesConfig.FormElementStatus(formElement.uuid, visibility, value, answersToSkip, validationErrors);\n};",
      "declarativeRule" : [ {
        "actions" : [ {
          "actionType" : "showFormElement"
        }, { } ],
        "conditions" : [ {
          "compoundRule" : {
            "rules" : [ {
              "lhs" : {
                "type" : "concept",
                "scope" : "encounter",
                "conceptName" : "Does Anganwadi provide nutritional materials?",
                "conceptUuid" : "807931c2-979f-42a7-8c09-6a7a133287ac",
                "conceptDataType" : "Coded"
              },
              "rhs" : {
                "type" : "answerConcept",
                "answerConceptNames" : [ "Yes" ],
                "answerConceptUuids" : [ "2f93db8a-0e68-4f70-8921-b7028689839f" ]
              },
              "operator" : "containsAnswerConceptName"
            } ],
            "conjunction" : "and"
          }
        } ]
      } ],
      "mandatory" : true
    } ],
    "display" : "ICDS",
    "timed" : false
  } ],
  "decisionRule" : "",
  "visitScheduleRule" : "",
  "validationRule" : "",
  "checklistsRule" : "",
  "decisionConcepts" : [ ]
}