{
  "name" : "Individual Registration",
  "uuid" : "657dccb1-7657-47e0-91b4-c55ced3a9e24",
  "formType" : "IndividualProfile",
  "formElementGroups" : [ {
    "uuid" : "0bd9df9e-5ecc-447b-9f3b-c7fa578623df",
    "name" : "Other Details",
    "displayOrder" : 1.0,
    "formElements" : [ {
      "name" : "Marital Status",
      "uuid" : "7ca3d14a-7da7-401d-a4ee-d9eae5593cd6",
      "keyValues" : [ ],
      "concept" : {
        "name" : "Marital Status",
        "uuid" : "687c9fbe-96f6-48d3-a3dc-bb1f69580c6f",
        "dataType" : "Coded",
        "answers" : [ {
          "name" : "Married but living separately",
          "uuid" : "50b2c65c-fcb0-4dd1-86c0-3aea8c627088",
          "dataType" : "NA",
          "answers" : [ ],
          "order" : 4.0,
          "active" : true
        }, {
          "name" : "Unmarried",
          "uuid" : "72ff2af0-ad53-4daf-beae-239730d0eed2",
          "dataType" : "NA",
          "answers" : [ ],
          "order" : 1.0,
          "active" : true
        }, {
          "name" : "Divorcee",
          "uuid" : "da7eca76-ee38-4471-8fef-3892bde681a7",
          "dataType" : "NA",
          "answers" : [ ],
          "order" : 3.0,
          "active" : true
        }, {
          "name" : "Widow",
          "uuid" : "cb91eb41-cb6c-4d95-9643-3b581c17c683",
          "dataType" : "NA",
          "answers" : [ ],
          "order" : 5.0,
          "active" : true
        }, {
          "name" : "Married",
          "uuid" : "1ba60f4f-79e2-4bb6-94d8-b06106708b14",
          "dataType" : "NA",
          "answers" : [ ],
          "order" : 2.0,
          "active" : true
        } ],
        "active" : true
      },
      "displayOrder" : 1.0,
      "type" : "SingleSelect",
      "mandatory" : true
    }, {
      "name" : "Father's Name/Husband's Name/Guardian's Name",
      "uuid" : "f47966ba-d9dc-41b9-89aa-97550075ee16",
      "keyValues" : [ ],
      "concept" : {
        "name" : "Father's Name/Husband's Name/Guardian's Name",
        "uuid" : "c54b0a07-86aa-4dbb-83c3-e769ac134373",
        "dataType" : "Text",
        "answers" : [ ],
        "active" : true
      },
      "displayOrder" : 2.0,
      "type" : "SingleSelect",
      "mandatory" : true
    }, {
      "name" : "Who's name was given earlier?",
      "uuid" : "e58bd052-8567-4375-9576-da7a0d872a1f",
      "keyValues" : [ ],
      "concept" : {
        "name" : "Who's name was given earlier?",
        "uuid" : "73e0ceff-3830-407b-87b4-15848fb6ba89",
        "dataType" : "Coded",
        "answers" : [ {
          "name" : "Guardian",
          "uuid" : "f764ed6c-b582-4bbd-9164-fb264af0fc4a",
          "dataType" : "NA",
          "answers" : [ ],
          "order" : 2.0,
          "active" : true
        }, {
          "name" : "Husband",
          "uuid" : "64dc98d5-e594-4d91-8b7a-85bf65f99ebb",
          "dataType" : "NA",
          "answers" : [ ],
          "order" : 1.0,
          "active" : true
        }, {
          "name" : "Father",
          "uuid" : "9683f607-64a9-444f-8f42-36d6db4ac2e7",
          "dataType" : "NA",
          "answers" : [ ],
          "order" : 0.0,
          "active" : true
        } ],
        "active" : true
      },
      "displayOrder" : 3.0,
      "type" : "SingleSelect",
      "mandatory" : true
    }, {
      "name" : "Religion",
      "uuid" : "66de2aba-ffbe-44e4-9844-af0fe29f1592",
      "keyValues" : [ ],
      "concept" : {
        "name" : "Religion",
        "uuid" : "639fa4c5-bee8-4eb9-9b5e-c11f5047b937",
        "dataType" : "Coded",
        "answers" : [ {
          "name" : "Other",
          "uuid" : "6ad00a35-709f-4f4a-b860-29d503589897",
          "dataType" : "NA",
          "answers" : [ ],
          "order" : 6.0,
          "active" : true
        }, {
          "name" : "Muslim",
          "uuid" : "cd280983-3045-49f8-8770-d8767c55ae1d",
          "dataType" : "NA",
          "answers" : [ ],
          "order" : 1.0,
          "active" : true
        }, {
          "name" : "Baudh",
          "uuid" : "5477c18b-7190-4068-ae8f-59f5560071b7",
          "dataType" : "NA",
          "answers" : [ ],
          "order" : 5.0,
          "active" : true
        }, {
          "name" : "Christian",
          "uuid" : "f78bf690-28b6-4ed1-8bbf-1c1be9ee74ae",
          "dataType" : "NA",
          "answers" : [ ],
          "order" : 2.0,
          "active" : true
        }, {
          "name" : "Hindu",
          "uuid" : "b098cebe-2c4c-4ba1-b05f-b986f0260992",
          "dataType" : "NA",
          "answers" : [ ],
          "order" : 0.0,
          "active" : true
        }, {
          "name" : "Jain",
          "uuid" : "d55c2d0c-584d-41b1-a231-f23cb47d4f95",
          "dataType" : "NA",
          "answers" : [ ],
          "order" : 4.0,
          "active" : true
        }, {
          "name" : "Sikh",
          "uuid" : "7fbda44b-b856-4891-8cda-da0fa1b316e0",
          "dataType" : "NA",
          "answers" : [ ],
          "order" : 3.0,
          "active" : true
        } ],
        "active" : true
      },
      "displayOrder" : 4.0,
      "type" : "SingleSelect",
      "mandatory" : true
    } ],
    "display" : "Other Details",
    "timed" : false
  } ],
  "decisionRule" : "\"use strict\";\n({params, imports}) => {\n    const subject = params.entity;\n    const moment = imports.moment;\n    const _ = imports.lodash;\n    \n    const user = subject.filledBy || params.user.name;\n        \n    const decisions = params.decisions;\n    const enrolmentDecisions = [];\n    const encounterDecisions = [];\n    const registrationDecisions = [];\n\n    registrationDecisions.push({name: \"Created by\", value: user}); \n\n    decisions.enrolmentDecisions.push(...enrolmentDecisions);\n    decisions.encounterDecisions.push(...encounterDecisions);\n    decisions.registrationDecisions.push(...registrationDecisions);\n    return decisions;\n};",
  "visitScheduleRule" : "",
  "validationRule" : "",
  "checklistsRule" : "",
  "decisionConcepts" : [ {
    "name" : "Created by",
    "uuid" : "61037977-1d80-42ca-a521-bd33a4e94785",
    "dataType" : "Text",
    "answers" : [ ],
    "active" : true,
    "keyValues" : [ ]
  } ]
}