{
  "name" : "Location Properties",
  "uuid" : "269f719f-5650-4d74-b382-64edb1cdc4a6",
  "formType" : "Location",
  "formElementGroups" : [ {
    "uuid" : "60b7400a-6ca7-43fd-9027-5de6a93931ac",
    "name" : "Location Type",
    "displayOrder" : 1.0,
    "formElements" : [ {
      "name" : "Location Type",
      "uuid" : "71dacb36-1923-4d72-bca6-8b09ed68330e",
      "keyValues" : [ ],
      "concept" : {
        "name" : "Location Type",
        "uuid" : "520cf197-44af-40bb-82d9-1e53a56c27f9",
        "dataType" : "Text",
        "answers" : [ ],
        "active" : true,
        "keyValues" : [ ]
      },
      "displayOrder" : 1.0,
      "type" : "SingleSelect",
      "mandatory" : false
    } ],
    "display" : "Location Type",
    "timed" : false
  } ],
  "decisionRule" : "",
  "visitScheduleRule" : "",
  "validationRule" : "",
  "checklistsRule" : "",
  "decisionConcepts" : [ ]
}